event_id,device_id,timestamp,event_type,severity
EV_0,DEV_51,2025-12-09 15:25:37,highTemp,minor
EV_1,DEV_52,2025-12-09 08:47:49,highCPU,major
EV_2,DEV_29,2025-12-09 06:10:13,highTemp,critical
EV_3,DEV_23,2025-12-09 00:48:02,highTemp,minor
EV_4,DEV_39,2025-12-09 13:05:32,highCPU,minor
EV_5,DEV_45,2025-12-08 16:57:46,highTemp,minor
EV_6,DEV_5,2025-12-08 16:27:32,packetDrop,critical
EV_7,DEV_5,2025-12-09 14:14:33,highTemp,minor
EV_8,DEV_35,2025-12-09 00:32:33,packetDrop,minor
EV_9,DEV_57,2025-12-09 00:08:16,linkDown,minor
EV_10,DEV_45,2025-12-09 16:09:51,linkDown,critical
EV_11,DEV_27,2025-12-09 15:00:33,LOS,minor
EV_12,DEV_55,2025-12-09 08:12:50,LOS,minor
EV_13,DEV_47,2025-12-08 20:56:55,LOS,minor
EV_14,DEV_54,2025-12-09 04:03:34,highTemp,major
EV_15,DEV_75,2025-12-08 23:28:29,linkDown,minor
EV_16,DEV_68,2025-12-09 11:29:30,packetDrop,minor
EV_17,DEV_34,2025-12-08 22:09:18,highCPU,warning
EV_18,DEV_28,2025-12-09 02:54:35,highCPU,critical
EV_19,DEV_8,2025-12-09 09:12:56,LOS,major
EV_20,DEV_57,2025-12-09 00:22:42,highTemp,minor
EV_21,DEV_78,2025-12-08 19:27:07,highTemp,critical
EV_22,DEV_69,2025-12-09 01:47:34,packetDrop,critical
EV_23,DEV_30,2025-12-09 08:43:20,highCPU,minor
EV_24,DEV_63,2025-12-09 13:26:50,highTemp,minor
EV_25,DEV_23,2025-12-08 20:06:32,linkDown,warning
EV_26,DEV_20,2025-12-08 17:04:31,packetDrop,minor
EV_27,DEV_3,2025-12-09 14:22:35,linkDown,critical
EV_28,DEV_36,2025-12-09 15:17:54,highTemp,minor
EV_29,DEV_77,2025-12-09 15:48:08,highTemp,critical
EV_30,DEV_26,2025-12-08 21:15:11,LOS,critical
EV_31,DEV_31,2025-12-09 03:14:44,highTemp,critical
EV_32,DEV_25,2025-12-08 19:42:10,linkDown,major
EV_33,DEV_62,2025-12-09 06:18:51,highTemp,minor
EV_34,DEV_61,2025-12-09 11:49:55,highTemp,major
EV_35,DEV_17,2025-12-09 07:16:10,LOS,warning
EV_36,DEV_34,2025-12-09 14:34:45,highTemp,minor
EV_37,DEV_1,2025-12-08 17:21:19,highCPU,major
EV_38,DEV_4,2025-12-09 08:18:26,highTemp,major
EV_39,DEV_70,2025-12-09 05:22:08,LOS,minor
EV_40,DEV_78,2025-12-09 11:59:15,highCPU,critical
EV_41,DEV_29,2025-12-09 06:39:35,highCPU,major
EV_42,DEV_50,2025-12-08 20:36:42,highTemp,critical
EV_43,DEV_72,2025-12-08 23:53:12,packetDrop,critical
EV_44,DEV_4,2025-12-08 18:00:20,highCPU,major
EV_45,DEV_79,2025-12-08 20:44:56,packetDrop,major
EV_46,DEV_23,2025-12-08 18:39:43,packetDrop,major
EV_47,DEV_20,2025-12-09 13:30:49,linkDown,major
EV_48,DEV_40,2025-12-09 04:07:35,linkDown,critical
EV_49,DEV_50,2025-12-09 02:15:33,linkDown,major
EV_50,DEV_14,2025-12-09 11:49:58,highCPU,major
EV_51,DEV_18,2025-12-08 20:09:59,LOS,major
EV_52,DEV_7,2025-12-08 16:42:18,highCPU,major
EV_53,DEV_28,2025-12-09 13:36:13,highCPU,critical
EV_54,DEV_69,2025-12-08 22:30:29,highCPU,critical
EV_55,DEV_65,2025-12-08 20:46:45,highTemp,critical
EV_56,DEV_0,2025-12-08 18:28:41,highTemp,warning
EV_57,DEV_17,2025-12-09 05:20:44,packetDrop,critical
EV_58,DEV_21,2025-12-09 08:37:16,packetDrop,major
EV_59,DEV_62,2025-12-09 14:33:34,LOS,minor
EV_60,DEV_67,2025-12-09 08:50:27,LOS,critical
EV_61,DEV_71,2025-12-09 09:36:12,highTemp,warning
EV_62,DEV_5,2025-12-08 20:05:41,highTemp,warning
EV_63,DEV_41,2025-12-08 18:50:23,LOS,minor
EV_64,DEV_47,2025-12-09 14:18:41,linkDown,critical
EV_65,DEV_1,2025-12-08 20:45:31,highCPU,minor
EV_66,DEV_39,2025-12-09 06:01:56,packetDrop,minor
EV_67,DEV_15,2025-12-09 08:41:00,packetDrop,warning
EV_68,DEV_67,2025-12-08 19:46:30,LOS,major
EV_69,DEV_32,2025-12-09 07:49:21,highTemp,major
EV_70,DEV_76,2025-12-09 07:13:50,highCPU,warning
EV_71,DEV_40,2025-12-09 06:40:53,highTemp,critical
EV_72,DEV_29,2025-12-09 03:32:37,highTemp,minor
EV_73,DEV_34,2025-12-09 01:26:39,highCPU,major
EV_74,DEV_73,2025-12-09 09:25:54,LOS,critical
EV_75,DEV_2,2025-12-08 19:16:19,LOS,warning
EV_76,DEV_41,2025-12-08 19:40:47,highCPU,major
EV_77,DEV_75,2025-12-09 12:25:15,LOS,minor
EV_78,DEV_39,2025-12-08 20:36:52,highTemp,minor
EV_79,DEV_42,2025-12-09 07:33:46,LOS,minor
EV_80,DEV_24,2025-12-09 14:01:27,highCPU,minor
EV_81,DEV_53,2025-12-08 19:56:10,packetDrop,major
EV_82,DEV_36,2025-12-08 21:47:51,highTemp,major
EV_83,DEV_12,2025-12-08 20:06:15,highCPU,minor
EV_84,DEV_35,2025-12-08 20:20:49,highCPU,major
EV_85,DEV_67,2025-12-09 07:47:15,packetDrop,critical
EV_86,DEV_15,2025-12-09 14:20:13,highCPU,critical
EV_87,DEV_11,2025-12-08 22:43:58,highCPU,minor
EV_88,DEV_34,2025-12-09 04:32:12,highCPU,critical
EV_89,DEV_47,2025-12-08 22:46:08,linkDown,warning
EV_90,DEV_63,2025-12-08 18:41:51,linkDown,critical
EV_91,DEV_45,2025-12-08 19:30:17,packetDrop,major
EV_92,DEV_40,2025-12-09 05:51:39,highTemp,warning
EV_93,DEV_7,2025-12-09 04:34:32,linkDown,minor
EV_94,DEV_34,2025-12-09 03:30:37,highCPU,critical
EV_95,DEV_53,2025-12-08 18:04:46,linkDown,major
EV_96,DEV_57,2025-12-09 14:39:32,LOS,critical
EV_97,DEV_35,2025-12-09 02:04:16,highTemp,warning
EV_98,DEV_58,2025-12-09 09:50:47,packetDrop,warning
EV_99,DEV_21,2025-12-09 07:14:38,highCPU,major
EV_100,DEV_26,2025-12-09 10:49:05,LOS,minor
EV_101,DEV_25,2025-12-09 07:49:00,LOS,minor
EV_102,DEV_36,2025-12-09 13:45:34,highTemp,minor
EV_103,DEV_63,2025-12-08 17:49:03,linkDown,warning
EV_104,DEV_20,2025-12-09 13:59:05,LOS,critical
EV_105,DEV_68,2025-12-08 23:36:25,highCPU,major
EV_106,DEV_29,2025-12-08 21:09:38,highCPU,minor
EV_107,DEV_73,2025-12-09 04:06:38,LOS,critical
EV_108,DEV_48,2025-12-09 10:16:24,highTemp,major
EV_109,DEV_7,2025-12-08 20:52:03,highTemp,major
EV_110,DEV_47,2025-12-09 10:22:41,packetDrop,minor
EV_111,DEV_78,2025-12-08 18:47:18,highTemp,critical
EV_112,DEV_42,2025-12-09 08:02:47,LOS,warning
EV_113,DEV_55,2025-12-08 18:59:56,highCPU,warning
EV_114,DEV_77,2025-12-09 13:02:27,highTemp,warning
EV_115,DEV_39,2025-12-09 02:42:18,LOS,warning
EV_116,DEV_19,2025-12-08 16:55:24,highCPU,major
EV_117,DEV_52,2025-12-09 14:40:09,highTemp,minor
EV_118,DEV_12,2025-12-08 19:22:22,highTemp,critical
EV_119,DEV_15,2025-12-09 01:01:22,highTemp,warning
EV_120,DEV_41,2025-12-09 11:14:27,LOS,warning
EV_121,DEV_10,2025-12-09 03:27:39,highCPU,major
EV_122,DEV_11,2025-12-09 04:17:26,linkDown,critical
EV_123,DEV_2,2025-12-09 10:45:01,LOS,major
EV_124,DEV_77,2025-12-09 04:53:04,highCPU,major
EV_125,DEV_17,2025-12-09 00:45:59,LOS,major
EV_126,DEV_33,2025-12-09 01:29:01,linkDown,major
EV_127,DEV_79,2025-12-09 14:05:48,linkDown,critical
EV_128,DEV_50,2025-12-08 22:36:49,highTemp,warning
EV_129,DEV_7,2025-12-09 12:41:20,packetDrop,warning
EV_130,DEV_32,2025-12-09 12:43:00,packetDrop,minor
EV_131,DEV_49,2025-12-09 15:00:01,highCPU,major
EV_132,DEV_39,2025-12-09 08:10:31,LOS,warning
EV_133,DEV_38,2025-12-09 08:15:52,highCPU,minor
EV_134,DEV_53,2025-12-09 13:41:49,LOS,minor
EV_135,DEV_70,2025-12-09 10:38:08,LOS,minor
EV_136,DEV_4,2025-12-09 08:58:32,highTemp,critical
EV_137,DEV_79,2025-12-08 18:14:07,highCPU,minor
EV_138,DEV_12,2025-12-08 18:57:28,LOS,warning
EV_139,DEV_41,2025-12-09 09:00:39,packetDrop,critical
EV_140,DEV_70,2025-12-09 08:32:18,packetDrop,major
EV_141,DEV_54,2025-12-09 03:52:14,packetDrop,warning
EV_142,DEV_8,2025-12-09 10:25:06,linkDown,critical
EV_143,DEV_46,2025-12-09 08:34:01,LOS,minor
EV_144,DEV_23,2025-12-08 19:14:04,packetDrop,major
EV_145,DEV_20,2025-12-08 17:35:21,linkDown,warning
EV_146,DEV_40,2025-12-09 08:09:46,packetDrop,major
EV_147,DEV_12,2025-12-09 05:24:47,highCPU,minor
EV_148,DEV_16,2025-12-09 06:16:10,highTemp,minor
EV_149,DEV_67,2025-12-09 13:55:57,LOS,minor
EV_150,DEV_35,2025-12-08 18:33:50,highCPU,critical
EV_151,DEV_66,2025-12-09 12:28:44,highTemp,minor
EV_152,DEV_59,2025-12-09 01:20:20,packetDrop,major
EV_153,DEV_1,2025-12-09 04:18:05,LOS,major
EV_154,DEV_6,2025-12-09 04:54:02,highCPU,warning
EV_155,DEV_3,2025-12-08 20:51:32,packetDrop,critical
EV_156,DEV_38,2025-12-09 03:26:08,packetDrop,warning
EV_157,DEV_14,2025-12-09 15:35:34,highCPU,major
EV_158,DEV_5,2025-12-09 11:19:46,LOS,warning
EV_159,DEV_15,2025-12-09 10:40:39,highCPU,critical
EV_160,DEV_33,2025-12-09 05:21:57,highCPU,major
EV_161,DEV_9,2025-12-08 23:57:45,highCPU,warning
EV_162,DEV_40,2025-12-08 23:09:17,linkDown,major
EV_163,DEV_63,2025-12-08 21:48:19,LOS,minor
EV_164,DEV_75,2025-12-08 19:50:47,packetDrop,critical
EV_165,DEV_13,2025-12-09 04:25:31,packetDrop,major
EV_166,DEV_30,2025-12-09 13:54:33,highTemp,major
EV_167,DEV_73,2025-12-08 22:04:17,linkDown,major
EV_168,DEV_38,2025-12-09 08:05:57,LOS,warning
EV_169,DEV_55,2025-12-09 05:25:40,linkDown,warning
EV_170,DEV_78,2025-12-09 14:23:42,highCPU,warning
EV_171,DEV_5,2025-12-09 00:41:02,packetDrop,major
EV_172,DEV_62,2025-12-09 03:25:53,highTemp,major
EV_173,DEV_62,2025-12-09 05:33:24,packetDrop,warning
EV_174,DEV_58,2025-12-09 08:58:24,highCPU,warning
EV_175,DEV_61,2025-12-09 10:28:27,packetDrop,warning
EV_176,DEV_20,2025-12-08 22:03:52,linkDown,major
EV_177,DEV_4,2025-12-09 01:15:59,LOS,warning
EV_178,DEV_0,2025-12-09 05:40:46,packetDrop,critical
EV_179,DEV_47,2025-12-09 10:56:52,LOS,minor
EV_180,DEV_64,2025-12-08 19:13:04,linkDown,minor
EV_181,DEV_19,2025-12-09 08:31:24,packetDrop,major
EV_182,DEV_5,2025-12-09 08:05:31,LOS,major
EV_183,DEV_18,2025-12-09 08:35:21,highCPU,critical
EV_184,DEV_0,2025-12-09 07:16:12,LOS,warning
EV_185,DEV_36,2025-12-09 10:26:30,highCPU,major
EV_186,DEV_65,2025-12-09 06:13:26,LOS,minor
EV_187,DEV_9,2025-12-09 00:20:21,LOS,minor
EV_188,DEV_42,2025-12-08 19:46:18,highCPU,major
EV_189,DEV_41,2025-12-08 21:10:26,LOS,minor
EV_190,DEV_29,2025-12-09 09:21:56,linkDown,warning
EV_191,DEV_46,2025-12-09 08:29:50,packetDrop,critical
EV_192,DEV_43,2025-12-08 19:02:55,LOS,minor
EV_193,DEV_59,2025-12-09 00:00:57,linkDown,warning
EV_194,DEV_34,2025-12-08 20:12:44,highCPU,major
EV_195,DEV_13,2025-12-09 03:07:43,LOS,critical
EV_196,DEV_26,2025-12-09 00:50:43,highTemp,warning
EV_197,DEV_27,2025-12-08 18:27:03,LOS,warning
EV_198,DEV_15,2025-12-09 13:53:26,packetDrop,critical
EV_199,DEV_11,2025-12-09 15:10:22,packetDrop,major
EV_200,DEV_72,2025-12-08 21:23:29,highCPU,warning
EV_201,DEV_42,2025-12-08 16:13:16,packetDrop,minor
EV_202,DEV_67,2025-12-09 00:55:22,packetDrop,warning
EV_203,DEV_39,2025-12-08 22:59:02,LOS,minor
EV_204,DEV_66,2025-12-08 18:37:41,packetDrop,critical
EV_205,DEV_20,2025-12-09 06:22:48,highTemp,critical
EV_206,DEV_16,2025-12-09 15:18:29,highTemp,minor
EV_207,DEV_41,2025-12-09 01:23:57,LOS,minor
EV_208,DEV_76,2025-12-08 18:37:26,highCPU,major
EV_209,DEV_77,2025-12-09 16:05:18,LOS,minor
EV_210,DEV_2,2025-12-08 21:01:17,LOS,minor
EV_211,DEV_25,2025-12-09 12:02:38,highCPU,major
EV_212,DEV_31,2025-12-09 09:04:50,highTemp,major
EV_213,DEV_67,2025-12-08 21:04:26,LOS,warning
EV_214,DEV_4,2025-12-08 17:30:38,highCPU,major
EV_215,DEV_76,2025-12-08 17:45:32,linkDown,critical
EV_216,DEV_73,2025-12-09 03:39:16,highCPU,warning
EV_217,DEV_11,2025-12-09 11:56:07,highTemp,minor
EV_218,DEV_9,2025-12-08 17:29:50,linkDown,minor
EV_219,DEV_76,2025-12-09 05:09:40,LOS,minor
EV_220,DEV_42,2025-12-09 02:06:42,LOS,minor
EV_221,DEV_43,2025-12-09 08:04:23,highTemp,warning
EV_222,DEV_53,2025-12-09 06:14:29,highCPU,major
EV_223,DEV_59,2025-12-09 10:13:49,highTemp,minor
EV_224,DEV_27,2025-12-09 11:04:13,highCPU,critical
EV_225,DEV_78,2025-12-09 07:37:11,LOS,warning
EV_226,DEV_18,2025-12-09 14:05:55,linkDown,minor
EV_227,DEV_36,2025-12-09 03:51:32,LOS,critical
EV_228,DEV_44,2025-12-09 04:06:12,highCPU,minor
EV_229,DEV_63,2025-12-09 08:23:58,packetDrop,warning
EV_230,DEV_17,2025-12-08 22:13:53,highTemp,minor
EV_231,DEV_48,2025-12-09 08:26:37,LOS,minor
EV_232,DEV_1,2025-12-09 14:33:00,highTemp,minor
EV_233,DEV_47,2025-12-09 15:26:47,LOS,critical
EV_234,DEV_34,2025-12-09 15:22:31,highTemp,minor
EV_235,DEV_30,2025-12-09 10:50:42,linkDown,critical
EV_236,DEV_74,2025-12-08 21:21:45,packetDrop,warning
EV_237,DEV_34,2025-12-08 17:25:52,linkDown,critical
EV_238,DEV_16,2025-12-09 00:45:23,highCPU,minor
EV_239,DEV_53,2025-12-09 06:06:12,packetDrop,critical
EV_240,DEV_11,2025-12-09 14:11:41,linkDown,warning
EV_241,DEV_15,2025-12-09 05:40:14,highCPU,warning
EV_242,DEV_30,2025-12-08 18:57:48,packetDrop,major
EV_243,DEV_71,2025-12-09 11:26:28,highCPU,warning
EV_244,DEV_46,2025-12-09 03:36:38,highCPU,major
EV_245,DEV_69,2025-12-08 20:17:40,LOS,major
EV_246,DEV_2,2025-12-09 10:20:01,packetDrop,warning
EV_247,DEV_71,2025-12-09 12:36:50,LOS,minor
EV_248,DEV_37,2025-12-09 01:38:27,highTemp,major
EV_249,DEV_48,2025-12-09 14:26:30,highCPU,warning
EV_250,DEV_16,2025-12-08 23:27:08,LOS,major
EV_251,DEV_53,2025-12-08 18:51:37,highTemp,major
EV_252,DEV_67,2025-12-09 08:22:12,LOS,minor
EV_253,DEV_68,2025-12-09 04:48:48,LOS,minor
EV_254,DEV_54,2025-12-09 03:05:06,linkDown,major
EV_255,DEV_33,2025-12-09 05:19:32,packetDrop,major
EV_256,DEV_1,2025-12-08 20:34:58,linkDown,major
EV_257,DEV_23,2025-12-09 00:47:00,highTemp,critical
EV_258,DEV_65,2025-12-09 05:18:14,packetDrop,minor
EV_259,DEV_28,2025-12-09 09:10:54,packetDrop,major
EV_260,DEV_60,2025-12-09 14:26:40,LOS,critical
EV_261,DEV_25,2025-12-09 03:25:30,highTemp,warning
EV_262,DEV_56,2025-12-09 11:18:14,highTemp,warning
EV_263,DEV_68,2025-12-09 13:05:44,LOS,major
EV_264,DEV_17,2025-12-09 03:42:24,LOS,warning
EV_265,DEV_73,2025-12-09 09:07:28,packetDrop,minor
EV_266,DEV_58,2025-12-08 20:50:12,packetDrop,major
EV_267,DEV_0,2025-12-08 20:51:43,highTemp,critical
EV_268,DEV_3,2025-12-08 20:41:05,packetDrop,major
EV_269,DEV_31,2025-12-09 03:14:13,linkDown,major
EV_270,DEV_4,2025-12-09 03:54:42,linkDown,minor
EV_271,DEV_38,2025-12-09 11:03:23,highCPU,critical
EV_272,DEV_70,2025-12-09 01:17:18,linkDown,minor
EV_273,DEV_5,2025-12-08 20:43:17,highCPU,critical
EV_274,DEV_35,2025-12-09 10:27:44,linkDown,major
EV_275,DEV_70,2025-12-08 22:23:50,packetDrop,minor
EV_276,DEV_46,2025-12-09 12:41:05,LOS,critical
EV_277,DEV_69,2025-12-08 19:07:17,LOS,minor
EV_278,DEV_78,2025-12-09 15:52:15,linkDown,warning
EV_279,DEV_31,2025-12-09 14:40:07,LOS,warning
EV_280,DEV_72,2025-12-09 14:59:54,packetDrop,minor
EV_281,DEV_43,2025-12-09 15:32:07,highCPU,warning
EV_282,DEV_21,2025-12-09 01:04:47,highTemp,minor
EV_283,DEV_20,2025-12-09 08:40:37,LOS,critical
EV_284,DEV_67,2025-12-08 21:55:10,highTemp,warning
EV_285,DEV_10,2025-12-09 09:47:42,highTemp,major
EV_286,DEV_9,2025-12-09 04:33:00,packetDrop,major
EV_287,DEV_69,2025-12-09 03:32:41,highCPU,minor
EV_288,DEV_61,2025-12-09 06:40:51,linkDown,minor
EV_289,DEV_28,2025-12-09 10:54:50,packetDrop,critical
EV_290,DEV_70,2025-12-09 03:46:58,linkDown,warning
EV_291,DEV_36,2025-12-08 20:37:30,highCPU,warning
EV_292,DEV_3,2025-12-09 01:11:26,linkDown,critical
EV_293,DEV_7,2025-12-08 18:00:23,highCPU,warning
EV_294,DEV_36,2025-12-09 14:34:09,highTemp,major
EV_295,DEV_27,2025-12-08 21:58:43,highCPU,minor
EV_296,DEV_20,2025-12-08 23:04:32,linkDown,warning
EV_297,DEV_7,2025-12-09 10:54:17,highTemp,warning
EV_298,DEV_70,2025-12-09 03:23:52,highTemp,critical
EV_299,DEV_45,2025-12-08 19:26:33,highTemp,warning
EV_300,DEV_43,2025-12-09 00:55:43,linkDown,minor
EV_301,DEV_7,2025-12-08 17:56:08,LOS,minor
EV_302,DEV_52,2025-12-09 10:10:57,packetDrop,warning
EV_303,DEV_62,2025-12-09 02:34:04,packetDrop,critical
EV_304,DEV_70,2025-12-08 20:04:40,highTemp,major
EV_305,DEV_35,2025-12-09 01:47:35,highCPU,warning
EV_306,DEV_6,2025-12-09 05:29:15,LOS,warning
EV_307,DEV_20,2025-12-08 18:01:36,packetDrop,major
EV_308,DEV_71,2025-12-09 05:21:47,packetDrop,minor
EV_309,DEV_77,2025-12-08 18:50:28,highTemp,warning
EV_310,DEV_50,2025-12-09 12:11:01,highCPU,critical
EV_311,DEV_31,2025-12-08 20:50:55,LOS,warning
EV_312,DEV_27,2025-12-09 05:45:06,highCPU,minor
EV_313,DEV_20,2025-12-08 21:25:00,linkDown,warning
EV_314,DEV_25,2025-12-09 10:22:17,LOS,critical
EV_315,DEV_65,2025-12-08 17:34:51,linkDown,minor
EV_316,DEV_63,2025-12-09 09:24:45,packetDrop,warning
EV_317,DEV_54,2025-12-08 21:35:12,packetDrop,major
EV_318,DEV_59,2025-12-09 04:06:18,packetDrop,minor
EV_319,DEV_49,2025-12-08 22:04:50,highTemp,minor
EV_320,DEV_70,2025-12-09 13:46:51,highCPU,warning
EV_321,DEV_67,2025-12-09 12:39:34,highCPU,warning
EV_322,DEV_69,2025-12-08 16:46:11,highCPU,minor
EV_323,DEV_53,2025-12-08 20:09:17,highTemp,minor
EV_324,DEV_17,2025-12-09 15:04:29,LOS,warning
EV_325,DEV_73,2025-12-09 01:49:54,packetDrop,major
EV_326,DEV_0,2025-12-08 18:02:02,packetDrop,warning
EV_327,DEV_12,2025-12-08 22:22:20,packetDrop,warning
EV_328,DEV_41,2025-12-08 21:32:40,linkDown,critical
EV_329,DEV_51,2025-12-09 13:00:38,LOS,major
EV_330,DEV_8,2025-12-08 16:51:13,highTemp,minor
EV_331,DEV_25,2025-12-09 07:24:41,linkDown,warning
EV_332,DEV_53,2025-12-08 23:35:15,highTemp,warning
EV_333,DEV_36,2025-12-08 18:25:54,linkDown,major
EV_334,DEV_19,2025-12-09 12:35:07,highCPU,warning
EV_335,DEV_34,2025-12-09 11:17:46,highTemp,minor
EV_336,DEV_51,2025-12-08 22:28:10,highTemp,minor
EV_337,DEV_31,2025-12-09 12:03:12,highCPU,minor
EV_338,DEV_53,2025-12-09 14:22:34,highTemp,major
EV_339,DEV_5,2025-12-09 01:08:22,highCPU,minor
EV_340,DEV_67,2025-12-09 00:21:04,highCPU,minor
EV_341,DEV_16,2025-12-08 23:42:39,highTemp,minor
EV_342,DEV_14,2025-12-09 09:37:59,highCPU,minor
EV_343,DEV_63,2025-12-09 02:38:32,LOS,warning
EV_344,DEV_0,2025-12-09 06:31:43,highCPU,major
EV_345,DEV_74,2025-12-09 02:44:21,LOS,minor
EV_346,DEV_49,2025-12-08 19:02:29,highCPU,warning
EV_347,DEV_47,2025-12-09 16:02:50,highCPU,warning
EV_348,DEV_25,2025-12-08 23:57:18,linkDown,minor
EV_349,DEV_78,2025-12-09 12:37:35,highCPU,major
EV_350,DEV_36,2025-12-08 20:08:27,packetDrop,major
EV_351,DEV_62,2025-12-09 00:59:30,LOS,major
EV_352,DEV_41,2025-12-09 15:23:27,linkDown,critical
EV_353,DEV_64,2025-12-08 19:48:44,highTemp,minor
EV_354,DEV_65,2025-12-09 09:21:49,LOS,major
EV_355,DEV_47,2025-12-08 16:21:10,packetDrop,major
EV_356,DEV_26,2025-12-09 06:58:45,highTemp,warning
EV_357,DEV_44,2025-12-09 15:50:58,linkDown,minor
EV_358,DEV_57,2025-12-09 03:51:27,highCPU,critical
EV_359,DEV_26,2025-12-08 19:25:16,packetDrop,major
EV_360,DEV_11,2025-12-09 11:38:54,LOS,major
EV_361,DEV_36,2025-12-09 07:22:44,linkDown,critical
EV_362,DEV_32,2025-12-09 06:37:05,highTemp,major
EV_363,DEV_11,2025-12-09 02:42:12,LOS,critical
EV_364,DEV_52,2025-12-09 03:01:41,packetDrop,critical
EV_365,DEV_15,2025-12-09 04:21:45,highCPU,warning
EV_366,DEV_9,2025-12-09 15:30:49,packetDrop,warning
EV_367,DEV_68,2025-12-08 21:03:00,packetDrop,warning
EV_368,DEV_49,2025-12-09 02:05:52,linkDown,critical
EV_369,DEV_43,2025-12-09 04:12:14,linkDown,warning
EV_370,DEV_70,2025-12-09 15:46:03,highCPU,major
EV_371,DEV_66,2025-12-08 16:40:37,highCPU,minor
EV_372,DEV_59,2025-12-09 12:50:11,linkDown,major
EV_373,DEV_14,2025-12-09 14:24:30,highTemp,warning
EV_374,DEV_2,2025-12-09 10:55:29,highCPU,critical
EV_375,DEV_75,2025-12-09 06:45:29,LOS,major
EV_376,DEV_65,2025-12-08 21:17:01,highTemp,minor
EV_377,DEV_75,2025-12-09 01:11:43,LOS,minor
EV_378,DEV_33,2025-12-09 06:07:46,linkDown,warning
EV_379,DEV_9,2025-12-09 01:53:06,highCPU,minor
EV_380,DEV_55,2025-12-09 13:22:15,packetDrop,critical
EV_381,DEV_50,2025-12-09 01:41:13,highCPU,major
EV_382,DEV_74,2025-12-08 18:25:33,LOS,warning
EV_383,DEV_53,2025-12-09 03:20:04,linkDown,warning
EV_384,DEV_19,2025-12-09 10:27:37,highCPU,critical
EV_385,DEV_59,2025-12-09 15:25:08,highCPU,minor
EV_386,DEV_74,2025-12-09 14:32:31,linkDown,major
EV_387,DEV_31,2025-12-08 21:01:38,highTemp,major
EV_388,DEV_53,2025-12-09 08:43:45,packetDrop,minor
EV_389,DEV_34,2025-12-09 07:18:16,packetDrop,warning
EV_390,DEV_7,2025-12-09 11:44:04,linkDown,major
EV_391,DEV_48,2025-12-09 13:51:25,LOS,warning
EV_392,DEV_36,2025-12-09 11:23:39,highCPU,critical
EV_393,DEV_23,2025-12-09 12:42:17,LOS,critical
EV_394,DEV_77,2025-12-09 12:06:12,packetDrop,major
EV_395,DEV_76,2025-12-09 13:00:56,packetDrop,major
EV_396,DEV_37,2025-12-08 22:09:17,highCPU,warning
EV_397,DEV_40,2025-12-08 20:23:46,linkDown,warning
EV_398,DEV_15,2025-12-08 19:28:30,packetDrop,warning
EV_399,DEV_15,2025-12-08 18:11:23,highTemp,major
EV_400,DEV_2,2025-12-09 10:51:03,highTemp,warning
EV_401,DEV_20,2025-12-09 12:41:43,LOS,warning
EV_402,DEV_66,2025-12-09 03:23:03,LOS,warning
EV_403,DEV_14,2025-12-09 01:25:43,LOS,major
EV_404,DEV_37,2025-12-09 13:13:11,LOS,critical
EV_405,DEV_17,2025-12-09 07:35:25,highCPU,critical
EV_406,DEV_0,2025-12-09 11:52:02,LOS,critical
EV_407,DEV_12,2025-12-09 09:21:06,LOS,minor
EV_408,DEV_14,2025-12-09 07:03:02,linkDown,major
EV_409,DEV_32,2025-12-09 15:31:16,highTemp,minor
EV_410,DEV_71,2025-12-09 06:05:23,highTemp,warning
EV_411,DEV_34,2025-12-09 05:50:27,LOS,major
EV_412,DEV_33,2025-12-09 15:57:31,highCPU,critical
EV_413,DEV_75,2025-12-08 22:39:43,packetDrop,warning
EV_414,DEV_42,2025-12-09 11:25:07,linkDown,major
EV_415,DEV_49,2025-12-08 16:17:26,LOS,minor
EV_416,DEV_43,2025-12-09 09:01:17,packetDrop,warning
EV_417,DEV_16,2025-12-09 11:31:52,highTemp,major
EV_418,DEV_52,2025-12-09 01:10:32,highTemp,minor
EV_419,DEV_27,2025-12-08 21:48:43,highCPU,major
EV_420,DEV_72,2025-12-08 20:16:21,LOS,warning
EV_421,DEV_18,2025-12-09 14:33:10,LOS,major
EV_422,DEV_20,2025-12-08 23:40:02,LOS,critical
EV_423,DEV_44,2025-12-09 13:47:20,LOS,warning
EV_424,DEV_20,2025-12-09 13:55:43,LOS,major
EV_425,DEV_42,2025-12-08 17:46:29,highTemp,warning
EV_426,DEV_50,2025-12-09 00:41:46,packetDrop,major
EV_427,DEV_32,2025-12-08 18:13:09,linkDown,minor
EV_428,DEV_1,2025-12-09 00:41:23,packetDrop,minor
EV_429,DEV_4,2025-12-09 13:11:21,packetDrop,minor
EV_430,DEV_64,2025-12-09 00:47:22,highCPU,major
EV_431,DEV_70,2025-12-09 11:08:32,linkDown,warning
EV_432,DEV_18,2025-12-09 03:06:18,highCPU,critical
EV_433,DEV_11,2025-12-09 12:26:01,packetDrop,major
EV_434,DEV_51,2025-12-09 14:57:21,highTemp,warning
EV_435,DEV_36,2025-12-08 17:52:16,highCPU,warning
EV_436,DEV_5,2025-12-09 11:15:33,highCPU,warning
EV_437,DEV_12,2025-12-09 07:01:42,linkDown,minor
EV_438,DEV_78,2025-12-09 05:52:14,linkDown,warning
EV_439,DEV_29,2025-12-09 00:56:15,linkDown,minor
EV_440,DEV_56,2025-12-08 21:25:11,highTemp,critical
EV_441,DEV_75,2025-12-09 12:38:24,highTemp,warning
EV_442,DEV_22,2025-12-09 12:27:15,packetDrop,major
EV_443,DEV_50,2025-12-09 06:18:21,linkDown,minor
EV_444,DEV_64,2025-12-08 23:34:02,highCPU,critical
EV_445,DEV_64,2025-12-09 08:32:25,highCPU,critical
EV_446,DEV_13,2025-12-09 11:39:57,linkDown,critical
EV_447,DEV_50,2025-12-09 01:56:18,highTemp,critical
EV_448,DEV_78,2025-12-08 18:48:50,linkDown,major
EV_449,DEV_16,2025-12-09 09:37:06,linkDown,minor
EV_450,DEV_76,2025-12-09 03:12:10,LOS,major
EV_451,DEV_24,2025-12-08 23:04:57,LOS,warning
EV_452,DEV_29,2025-12-09 00:59:48,packetDrop,major
EV_453,DEV_36,2025-12-09 06:36:18,linkDown,minor
EV_454,DEV_55,2025-12-09 02:28:12,highTemp,warning
EV_455,DEV_22,2025-12-09 11:35:37,highCPU,minor
EV_456,DEV_29,2025-12-09 01:41:14,highCPU,warning
EV_457,DEV_70,2025-12-09 09:07:51,LOS,warning
EV_458,DEV_35,2025-12-09 03:49:24,linkDown,minor
EV_459,DEV_39,2025-12-09 03:33:26,highTemp,critical
EV_460,DEV_16,2025-12-09 12:38:42,linkDown,major
EV_461,DEV_4,2025-12-08 16:45:16,highCPU,warning
EV_462,DEV_23,2025-12-09 02:54:42,linkDown,major
EV_463,DEV_19,2025-12-09 04:10:27,linkDown,warning
EV_464,DEV_76,2025-12-09 12:54:34,linkDown,warning
EV_465,DEV_38,2025-12-09 12:12:44,highCPU,minor
EV_466,DEV_68,2025-12-09 09:57:15,highTemp,warning
EV_467,DEV_3,2025-12-08 22:17:21,highCPU,major
EV_468,DEV_69,2025-12-08 21:15:35,packetDrop,warning
EV_469,DEV_22,2025-12-08 22:51:54,packetDrop,critical
EV_470,DEV_18,2025-12-09 11:14:25,LOS,critical
EV_471,DEV_70,2025-12-08 17:55:49,LOS,warning
EV_472,DEV_67,2025-12-08 21:10:12,linkDown,critical
EV_473,DEV_41,2025-12-08 21:39:46,LOS,major
EV_474,DEV_19,2025-12-09 10:34:38,highTemp,minor
EV_475,DEV_75,2025-12-08 18:21:54,packetDrop,warning
EV_476,DEV_34,2025-12-09 09:55:35,LOS,critical
EV_477,DEV_12,2025-12-09 11:32:29,packetDrop,warning
EV_478,DEV_8,2025-12-08 16:35:44,LOS,minor
EV_479,DEV_10,2025-12-09 11:40:11,highCPU,critical
EV_480,DEV_59,2025-12-09 10:26:57,highTemp,major
EV_481,DEV_61,2025-12-08 20:03:37,LOS,major
EV_482,DEV_69,2025-12-09 00:56:15,linkDown,minor
EV_483,DEV_69,2025-12-09 05:04:08,highCPU,warning
EV_484,DEV_16,2025-12-08 19:02:28,highCPU,warning
EV_485,DEV_62,2025-12-09 08:52:32,packetDrop,major
EV_486,DEV_24,2025-12-09 00:23:14,highCPU,critical
EV_487,DEV_62,2025-12-09 15:57:57,LOS,critical
EV_488,DEV_62,2025-12-09 06:55:11,highTemp,warning
EV_489,DEV_46,2025-12-09 12:17:14,highTemp,critical
EV_490,DEV_66,2025-12-09 15:20:50,LOS,major
EV_491,DEV_11,2025-12-08 19:10:28,highTemp,warning
EV_492,DEV_56,2025-12-09 15:38:40,highCPU,critical
EV_493,DEV_54,2025-12-09 11:23:37,LOS,major
EV_494,DEV_79,2025-12-08 23:51:41,packetDrop,warning
EV_495,DEV_38,2025-12-09 02:02:03,LOS,critical
EV_496,DEV_5,2025-12-09 02:22:20,packetDrop,critical
EV_497,DEV_60,2025-12-08 22:41:39,highCPU,critical
EV_498,DEV_8,2025-12-08 23:42:23,packetDrop,major
EV_499,DEV_75,2025-12-09 06:39:56,LOS,minor
EV_500,DEV_4,2025-12-08 22:04:43,packetDrop,major
EV_501,DEV_24,2025-12-09 12:47:48,highTemp,minor
EV_502,DEV_40,2025-12-09 06:08:22,linkDown,critical
EV_503,DEV_59,2025-12-09 10:23:50,highCPU,critical
EV_504,DEV_69,2025-12-08 19:43:14,highTemp,major
EV_505,DEV_69,2025-12-08 18:55:54,highCPU,warning
EV_506,DEV_55,2025-12-09 04:02:49,LOS,minor
EV_507,DEV_55,2025-12-09 08:34:05,highTemp,major
EV_508,DEV_61,2025-12-09 05:07:07,packetDrop,warning
EV_509,DEV_74,2025-12-09 07:53:14,linkDown,warning
EV_510,DEV_75,2025-12-08 19:17:03,packetDrop,minor
EV_511,DEV_73,2025-12-09 01:08:13,LOS,critical
EV_512,DEV_0,2025-12-09 01:55:14,linkDown,warning
EV_513,DEV_47,2025-12-09 15:14:37,linkDown,warning
EV_514,DEV_42,2025-12-09 03:41:38,highCPU,critical
EV_515,DEV_10,2025-12-08 19:29:46,LOS,minor
EV_516,DEV_30,2025-12-09 08:21:23,highCPU,minor
EV_517,DEV_61,2025-12-08 19:53:10,linkDown,critical
EV_518,DEV_0,2025-12-08 22:59:12,highTemp,warning
EV_519,DEV_51,2025-12-09 12:26:36,packetDrop,warning
EV_520,DEV_11,2025-12-08 19:55:29,LOS,critical
EV_521,DEV_26,2025-12-09 05:02:59,packetDrop,critical
EV_522,DEV_78,2025-12-09 13:53:51,packetDrop,minor
EV_523,DEV_43,2025-12-09 06:11:24,LOS,minor
EV_524,DEV_1,2025-12-09 07:13:49,highTemp,critical
EV_525,DEV_30,2025-12-09 12:32:10,linkDown,major
EV_526,DEV_17,2025-12-09 06:01:34,linkDown,major
EV_527,DEV_14,2025-12-09 01:57:18,highCPU,minor
EV_528,DEV_64,2025-12-09 10:07:05,linkDown,critical
EV_529,DEV_76,2025-12-08 22:15:07,highTemp,minor
EV_530,DEV_64,2025-12-09 07:29:45,highCPU,warning
EV_531,DEV_5,2025-12-08 18:57:53,highCPU,minor
EV_532,DEV_69,2025-12-09 01:08:32,highTemp,major
EV_533,DEV_15,2025-12-09 08:50:03,LOS,major
EV_534,DEV_33,2025-12-09 03:15:23,LOS,warning
EV_535,DEV_65,2025-12-09 04:15:35,packetDrop,warning
EV_536,DEV_33,2025-12-09 04:09:44,highTemp,minor
EV_537,DEV_18,2025-12-09 07:50:32,packetDrop,major
EV_538,DEV_6,2025-12-09 03:06:09,highCPU,major
EV_539,DEV_67,2025-12-09 09:36:15,highCPU,major
EV_540,DEV_58,2025-12-09 06:39:49,highCPU,minor
EV_541,DEV_38,2025-12-09 15:12:26,highTemp,major
EV_542,DEV_76,2025-12-09 04:01:45,highTemp,minor
EV_543,DEV_49,2025-12-09 06:28:13,highCPU,critical
EV_544,DEV_76,2025-12-09 12:41:36,linkDown,major
EV_545,DEV_10,2025-12-09 12:11:33,LOS,warning
EV_546,DEV_50,2025-12-08 23:47:50,highTemp,minor
EV_547,DEV_45,2025-12-08 18:40:55,highTemp,warning
EV_548,DEV_12,2025-12-08 21:13:53,highCPU,major
EV_549,DEV_53,2025-12-09 01:21:50,linkDown,warning
EV_550,DEV_12,2025-12-09 05:53:23,LOS,warning
EV_551,DEV_67,2025-12-09 13:56:03,highTemp,warning
EV_552,DEV_47,2025-12-09 11:37:11,packetDrop,warning
EV_553,DEV_13,2025-12-09 11:57:27,LOS,minor
EV_554,DEV_51,2025-12-09 11:42:44,packetDrop,critical
EV_555,DEV_34,2025-12-08 20:08:46,linkDown,minor
EV_556,DEV_70,2025-12-08 22:13:13,packetDrop,critical
EV_557,DEV_63,2025-12-09 12:40:13,highTemp,minor
EV_558,DEV_55,2025-12-09 07:50:11,LOS,critical
EV_559,DEV_48,2025-12-08 19:45:15,highCPU,major
EV_560,DEV_6,2025-12-09 10:45:26,packetDrop,major
EV_561,DEV_30,2025-12-09 08:23:40,highCPU,warning
EV_562,DEV_27,2025-12-09 09:01:25,packetDrop,major
EV_563,DEV_25,2025-12-09 04:43:26,LOS,warning
EV_564,DEV_18,2025-12-08 19:58:14,highCPU,warning
EV_565,DEV_35,2025-12-08 19:17:24,LOS,major
EV_566,DEV_51,2025-12-09 04:50:47,highCPU,minor
EV_567,DEV_48,2025-12-09 08:44:32,linkDown,warning
EV_568,DEV_64,2025-12-09 04:50:43,highTemp,critical
EV_569,DEV_65,2025-12-09 08:07:02,highTemp,minor
EV_570,DEV_15,2025-12-08 18:36:35,highCPU,critical
EV_571,DEV_45,2025-12-08 20:21:15,LOS,minor
EV_572,DEV_40,2025-12-09 15:45:21,LOS,major
EV_573,DEV_68,2025-12-09 01:02:41,packetDrop,major
EV_574,DEV_53,2025-12-09 12:15:30,linkDown,minor
EV_575,DEV_55,2025-12-09 12:32:51,highTemp,warning
EV_576,DEV_3,2025-12-09 00:36:20,highTemp,major
EV_577,DEV_56,2025-12-08 22:57:01,highTemp,warning
EV_578,DEV_63,2025-12-08 17:13:37,packetDrop,major
EV_579,DEV_37,2025-12-09 08:31:57,packetDrop,warning
EV_580,DEV_56,2025-12-09 06:19:16,LOS,major
EV_581,DEV_34,2025-12-08 23:39:23,highCPU,critical
EV_582,DEV_72,2025-12-09 13:11:05,LOS,major
EV_583,DEV_31,2025-12-09 05:28:56,highCPU,major
EV_584,DEV_17,2025-12-09 08:49:23,LOS,minor
EV_585,DEV_77,2025-12-09 09:59:08,packetDrop,minor
EV_586,DEV_28,2025-12-09 13:53:57,highTemp,warning
EV_587,DEV_31,2025-12-09 13:32:10,LOS,minor
EV_588,DEV_67,2025-12-09 04:58:46,highTemp,major
EV_589,DEV_15,2025-12-09 02:59:37,packetDrop,critical
EV_590,DEV_17,2025-12-08 21:02:27,highCPU,critical
EV_591,DEV_0,2025-12-09 00:51:01,highCPU,critical
EV_592,DEV_57,2025-12-08 22:49:43,highCPU,major
EV_593,DEV_77,2025-12-09 10:45:45,highTemp,warning
EV_594,DEV_53,2025-12-09 13:52:45,linkDown,warning
EV_595,DEV_41,2025-12-09 07:33:59,linkDown,warning
EV_596,DEV_37,2025-12-09 15:18:07,packetDrop,major
EV_597,DEV_48,2025-12-09 12:22:04,linkDown,warning
EV_598,DEV_2,2025-12-09 02:40:49,linkDown,major
EV_599,DEV_54,2025-12-09 03:37:03,highTemp,critical
EV_600,DEV_42,2025-12-09 05:14:10,LOS,warning
EV_601,DEV_50,2025-12-08 21:08:06,linkDown,warning
EV_602,DEV_13,2025-12-09 12:36:38,packetDrop,warning
EV_603,DEV_29,2025-12-09 07:03:37,highTemp,warning
EV_604,DEV_33,2025-12-09 08:19:27,highTemp,major
EV_605,DEV_37,2025-12-08 19:10:26,packetDrop,critical
EV_606,DEV_75,2025-12-09 00:11:36,highCPU,critical
EV_607,DEV_16,2025-12-09 02:10:16,linkDown,minor
EV_608,DEV_52,2025-12-08 22:17:18,highTemp,warning
EV_609,DEV_4,2025-12-09 12:10:44,packetDrop,critical
EV_610,DEV_20,2025-12-09 13:00:57,LOS,minor
EV_611,DEV_73,2025-12-09 11:56:17,highCPU,critical
EV_612,DEV_79,2025-12-09 08:14:01,packetDrop,major
EV_613,DEV_16,2025-12-09 07:38:36,LOS,major
EV_614,DEV_1,2025-12-09 03:00:12,LOS,warning
EV_615,DEV_62,2025-12-09 01:43:58,highCPU,critical
EV_616,DEV_62,2025-12-09 08:09:00,LOS,major
EV_617,DEV_68,2025-12-08 23:48:20,packetDrop,minor
EV_618,DEV_13,2025-12-09 14:22:59,highTemp,major
EV_619,DEV_13,2025-12-09 14:35:51,linkDown,major
EV_620,DEV_74,2025-12-08 23:41:55,LOS,minor
EV_621,DEV_20,2025-12-09 11:32:38,highCPU,major
EV_622,DEV_61,2025-12-09 03:56:52,highCPU,minor
EV_623,DEV_44,2025-12-09 13:01:00,highCPU,critical
EV_624,DEV_56,2025-12-08 21:06:02,highTemp,critical
EV_625,DEV_29,2025-12-09 02:15:40,linkDown,major
EV_626,DEV_34,2025-12-09 01:15:16,linkDown,minor
EV_627,DEV_14,2025-12-09 01:10:38,highTemp,warning
EV_628,DEV_32,2025-12-08 21:20:25,packetDrop,minor
EV_629,DEV_49,2025-12-09 15:01:19,highTemp,warning
EV_630,DEV_72,2025-12-09 08:37:14,LOS,critical
EV_631,DEV_73,2025-12-09 06:49:53,packetDrop,minor
EV_632,DEV_55,2025-12-09 05:36:05,highTemp,warning
EV_633,DEV_61,2025-12-09 04:04:49,packetDrop,critical
EV_634,DEV_70,2025-12-08 19:33:19,highTemp,minor
EV_635,DEV_32,2025-12-08 18:28:11,packetDrop,warning
EV_636,DEV_0,2025-12-09 00:05:42,highTemp,major
EV_637,DEV_29,2025-12-09 10:10:34,highCPU,minor
EV_638,DEV_33,2025-12-09 02:29:22,highCPU,major
EV_639,DEV_34,2025-12-09 12:46:36,highTemp,minor
EV_640,DEV_23,2025-12-08 17:55:36,LOS,critical
EV_641,DEV_55,2025-12-09 14:57:45,highTemp,critical
EV_642,DEV_62,2025-12-08 20:41:15,linkDown,warning
EV_643,DEV_3,2025-12-09 08:47:07,LOS,warning
EV_644,DEV_9,2025-12-08 23:31:49,linkDown,minor
EV_645,DEV_0,2025-12-08 21:57:08,highCPU,critical
EV_646,DEV_7,2025-12-09 15:59:49,highCPU,minor
EV_647,DEV_25,2025-12-08 19:09:54,highCPU,major
EV_648,DEV_26,2025-12-08 18:02:58,highTemp,minor
EV_649,DEV_21,2025-12-09 00:41:20,highTemp,critical
EV_650,DEV_60,2025-12-08 19:37:46,LOS,major
EV_651,DEV_24,2025-12-09 09:31:27,LOS,major
EV_652,DEV_27,2025-12-09 13:46:45,linkDown,warning
EV_653,DEV_3,2025-12-08 16:30:08,LOS,minor
EV_654,DEV_18,2025-12-08 20:33:17,highTemp,major
EV_655,DEV_66,2025-12-09 09:33:24,LOS,major
EV_656,DEV_18,2025-12-09 06:06:40,LOS,critical
EV_657,DEV_41,2025-12-08 19:55:17,highCPU,minor
EV_658,DEV_79,2025-12-09 03:03:34,linkDown,warning
EV_659,DEV_0,2025-12-08 21:00:42,linkDown,critical
EV_660,DEV_66,2025-12-09 11:28:45,packetDrop,critical
EV_661,DEV_6,2025-12-09 14:23:06,linkDown,warning
EV_662,DEV_21,2025-12-09 04:57:01,linkDown,major
EV_663,DEV_9,2025-12-09 07:09:14,packetDrop,warning
EV_664,DEV_48,2025-12-09 00:04:25,LOS,critical
EV_665,DEV_74,2025-12-08 21:15:42,LOS,warning
EV_666,DEV_58,2025-12-09 04:57:47,highTemp,minor
EV_667,DEV_36,2025-12-08 21:15:18,linkDown,minor
EV_668,DEV_48,2025-12-09 15:38:02,LOS,major
EV_669,DEV_44,2025-12-09 12:18:45,packetDrop,minor
EV_670,DEV_3,2025-12-08 17:08:26,highCPU,major
EV_671,DEV_51,2025-12-09 11:00:53,packetDrop,major
EV_672,DEV_16,2025-12-09 06:25:38,highCPU,critical
EV_673,DEV_13,2025-12-09 00:52:41,highTemp,warning
EV_674,DEV_34,2025-12-08 20:16:08,linkDown,warning
EV_675,DEV_79,2025-12-09 15:23:45,packetDrop,critical
EV_676,DEV_0,2025-12-09 11:23:54,LOS,minor
EV_677,DEV_43,2025-12-09 03:41:11,linkDown,warning
EV_678,DEV_4,2025-12-09 12:51:29,highTemp,minor
EV_679,DEV_27,2025-12-09 12:03:23,linkDown,warning
EV_680,DEV_38,2025-12-08 18:49:18,LOS,critical
EV_681,DEV_47,2025-12-08 16:39:58,highCPU,major
EV_682,DEV_76,2025-12-08 17:36:51,LOS,warning
EV_683,DEV_50,2025-12-09 10:36:33,highCPU,warning
EV_684,DEV_69,2025-12-09 07:35:09,highTemp,critical
EV_685,DEV_22,2025-12-09 15:29:07,packetDrop,major
EV_686,DEV_8,2025-12-09 02:15:59,LOS,minor
EV_687,DEV_68,2025-12-08 19:02:28,packetDrop,major
EV_688,DEV_70,2025-12-08 21:49:16,packetDrop,minor
EV_689,DEV_45,2025-12-09 06:23:24,packetDrop,critical
EV_690,DEV_74,2025-12-09 03:27:25,highTemp,major
EV_691,DEV_77,2025-12-08 18:16:20,linkDown,critical
EV_692,DEV_63,2025-12-09 07:58:59,LOS,warning
EV_693,DEV_41,2025-12-09 14:27:25,packetDrop,critical
EV_694,DEV_67,2025-12-09 03:25:30,linkDown,critical
EV_695,DEV_78,2025-12-08 16:37:31,linkDown,critical
EV_696,DEV_62,2025-12-08 22:07:44,highTemp,minor
EV_697,DEV_18,2025-12-09 11:12:22,packetDrop,minor
EV_698,DEV_35,2025-12-08 22:14:35,highCPU,major
EV_699,DEV_78,2025-12-09 01:56:58,LOS,critical
EV_700,DEV_43,2025-12-09 04:21:41,highTemp,minor
EV_701,DEV_62,2025-12-09 11:14:13,LOS,minor
EV_702,DEV_16,2025-12-09 13:09:33,LOS,warning
EV_703,DEV_52,2025-12-09 08:44:14,packetDrop,minor
EV_704,DEV_79,2025-12-08 18:10:57,highTemp,major
EV_705,DEV_66,2025-12-09 05:33:04,linkDown,minor
EV_706,DEV_42,2025-12-08 19:54:38,packetDrop,critical
EV_707,DEV_21,2025-12-09 00:28:48,packetDrop,critical
EV_708,DEV_31,2025-12-08 17:46:03,LOS,major
EV_709,DEV_64,2025-12-08 17:50:17,highTemp,minor
EV_710,DEV_21,2025-12-09 06:06:28,linkDown,major
EV_711,DEV_41,2025-12-08 17:27:06,packetDrop,warning
EV_712,DEV_18,2025-12-09 00:20:18,highCPU,major
EV_713,DEV_6,2025-12-09 07:19:10,highCPU,minor
EV_714,DEV_43,2025-12-08 18:59:59,packetDrop,minor
EV_715,DEV_52,2025-12-08 20:30:41,packetDrop,critical
EV_716,DEV_49,2025-12-08 22:41:38,linkDown,critical
EV_717,DEV_57,2025-12-09 06:45:41,LOS,warning
EV_718,DEV_18,2025-12-09 02:26:33,highCPU,minor
EV_719,DEV_35,2025-12-08 19:18:33,packetDrop,warning
EV_720,DEV_30,2025-12-08 16:27:15,highCPU,major
EV_721,DEV_65,2025-12-09 02:46:50,packetDrop,minor
EV_722,DEV_56,2025-12-09 14:50:11,linkDown,warning
EV_723,DEV_40,2025-12-09 05:34:21,packetDrop,warning
EV_724,DEV_63,2025-12-08 23:16:45,packetDrop,major
EV_725,DEV_77,2025-12-08 21:38:46,LOS,warning
EV_726,DEV_40,2025-12-08 17:02:04,linkDown,minor
EV_727,DEV_36,2025-12-09 15:19:05,LOS,minor
EV_728,DEV_77,2025-12-08 16:13:02,highTemp,minor
EV_729,DEV_64,2025-12-08 19:56:55,linkDown,major
EV_730,DEV_66,2025-12-09 07:26:57,highTemp,critical
EV_731,DEV_42,2025-12-08 21:20:52,highCPU,critical
EV_732,DEV_78,2025-12-08 17:45:45,linkDown,warning
EV_733,DEV_53,2025-12-09 05:43:34,highTemp,critical
EV_734,DEV_21,2025-12-09 13:18:33,LOS,major
EV_735,DEV_66,2025-12-09 15:21:52,highTemp,critical
EV_736,DEV_74,2025-12-09 13:42:51,packetDrop,critical
EV_737,DEV_5,2025-12-09 08:00:05,linkDown,major
EV_738,DEV_19,2025-12-09 02:47:01,highCPU,minor
EV_739,DEV_37,2025-12-09 06:28:16,highCPU,minor
EV_740,DEV_9,2025-12-09 08:38:54,highCPU,major
EV_741,DEV_21,2025-12-08 18:53:00,linkDown,major
EV_742,DEV_52,2025-12-09 13:27:09,LOS,major
EV_743,DEV_77,2025-12-08 20:00:39,linkDown,warning
EV_744,DEV_58,2025-12-09 09:07:57,highCPU,warning
EV_745,DEV_14,2025-12-08 20:33:36,packetDrop,minor
EV_746,DEV_67,2025-12-08 23:43:26,highTemp,minor
EV_747,DEV_58,2025-12-09 09:02:02,highCPU,critical
EV_748,DEV_12,2025-12-08 19:27:22,linkDown,minor
EV_749,DEV_67,2025-12-09 14:07:47,LOS,major
EV_750,DEV_4,2025-12-09 04:05:55,linkDown,critical
EV_751,DEV_8,2025-12-09 01:12:05,highCPU,warning
EV_752,DEV_39,2025-12-09 10:51:31,LOS,minor
EV_753,DEV_67,2025-12-09 01:38:11,linkDown,critical
EV_754,DEV_20,2025-12-09 06:53:15,highTemp,major
EV_755,DEV_27,2025-12-08 19:36:46,highTemp,critical
EV_756,DEV_27,2025-12-08 21:15:13,LOS,critical
EV_757,DEV_57,2025-12-08 18:24:34,linkDown,major
EV_758,DEV_30,2025-12-08 23:22:40,highTemp,minor
EV_759,DEV_47,2025-12-09 15:06:45,LOS,minor
EV_760,DEV_13,2025-12-08 18:53:39,LOS,critical
EV_761,DEV_24,2025-12-08 23:21:50,highTemp,major
EV_762,DEV_64,2025-12-08 19:30:46,highCPU,critical
EV_763,DEV_31,2025-12-08 17:43:07,highTemp,critical
EV_764,DEV_62,2025-12-08 22:16:49,packetDrop,warning
EV_765,DEV_29,2025-12-09 06:32:44,highTemp,critical
EV_766,DEV_4,2025-12-09 06:05:56,highTemp,major
EV_767,DEV_69,2025-12-09 05:03:03,linkDown,major
EV_768,DEV_42,2025-12-09 02:10:33,highCPU,warning
EV_769,DEV_32,2025-12-08 21:34:32,LOS,major
EV_770,DEV_58,2025-12-09 15:43:51,highCPU,warning
EV_771,DEV_58,2025-12-09 07:09:51,packetDrop,warning
EV_772,DEV_55,2025-12-08 18:23:03,LOS,minor
EV_773,DEV_67,2025-12-09 06:06:33,linkDown,warning
EV_774,DEV_14,2025-12-08 23:25:34,packetDrop,major
EV_775,DEV_63,2025-12-09 15:07:45,packetDrop,critical
EV_776,DEV_22,2025-12-09 06:05:25,highCPU,warning
EV_777,DEV_41,2025-12-09 11:59:22,highTemp,minor
EV_778,DEV_35,2025-12-09 12:45:32,packetDrop,minor
EV_779,DEV_58,2025-12-09 06:18:16,highCPU,major
EV_780,DEV_54,2025-12-08 17:06:47,highCPU,major
EV_781,DEV_9,2025-12-08 17:13:51,highCPU,critical
EV_782,DEV_55,2025-12-09 09:20:15,packetDrop,minor
EV_783,DEV_63,2025-12-09 13:25:35,linkDown,major
EV_784,DEV_36,2025-12-08 19:48:35,linkDown,major
EV_785,DEV_31,2025-12-09 01:52:05,packetDrop,critical
EV_786,DEV_29,2025-12-09 00:09:09,packetDrop,warning
EV_787,DEV_39,2025-12-09 05:04:55,linkDown,major
EV_788,DEV_28,2025-12-09 00:46:36,packetDrop,minor
EV_789,DEV_30,2025-12-09 05:13:37,packetDrop,critical
EV_790,DEV_21,2025-12-09 04:58:06,packetDrop,major
EV_791,DEV_77,2025-12-09 12:39:58,linkDown,warning
EV_792,DEV_36,2025-12-09 11:54:08,highCPU,major
EV_793,DEV_69,2025-12-09 10:01:13,LOS,critical
EV_794,DEV_13,2025-12-08 18:12:33,linkDown,major
EV_795,DEV_61,2025-12-08 16:53:23,packetDrop,warning
EV_796,DEV_78,2025-12-08 16:11:20,highCPU,major
EV_797,DEV_65,2025-12-08 20:54:54,highCPU,major
EV_798,DEV_60,2025-12-09 03:56:44,LOS,critical
EV_799,DEV_16,2025-12-08 21:32:31,packetDrop,major
EV_800,DEV_63,2025-12-08 20:12:09,packetDrop,minor
EV_801,DEV_59,2025-12-08 18:48:17,highCPU,warning
EV_802,DEV_50,2025-12-09 13:30:01,LOS,minor
EV_803,DEV_33,2025-12-09 03:09:03,highCPU,major
EV_804,DEV_32,2025-12-08 21:53:55,highTemp,warning
EV_805,DEV_59,2025-12-09 15:48:00,highCPU,major
EV_806,DEV_56,2025-12-09 12:37:30,packetDrop,minor
EV_807,DEV_57,2025-12-09 00:17:31,packetDrop,major
EV_808,DEV_71,2025-12-09 05:56:26,highCPU,minor
EV_809,DEV_54,2025-12-08 20:48:02,linkDown,critical
EV_810,DEV_72,2025-12-09 13:01:13,highTemp,critical
EV_811,DEV_49,2025-12-08 22:47:36,packetDrop,minor
EV_812,DEV_62,2025-12-09 14:25:25,linkDown,critical
EV_813,DEV_49,2025-12-09 10:13:46,linkDown,minor
EV_814,DEV_72,2025-12-08 18:59:49,linkDown,minor
EV_815,DEV_49,2025-12-09 03:47:50,linkDown,critical
EV_816,DEV_75,2025-12-09 15:25:59,highCPU,warning
EV_817,DEV_16,2025-12-08 16:34:44,highCPU,major
EV_818,DEV_29,2025-12-09 01:14:58,LOS,minor
EV_819,DEV_23,2025-12-09 01:30:31,LOS,critical
EV_820,DEV_78,2025-12-08 17:55:01,highTemp,warning
EV_821,DEV_26,2025-12-09 07:26:35,linkDown,warning
EV_822,DEV_16,2025-12-09 10:07:00,highTemp,minor
EV_823,DEV_31,2025-12-09 12:02:39,highTemp,critical
EV_824,DEV_18,2025-12-09 09:37:18,packetDrop,major
EV_825,DEV_54,2025-12-08 22:05:10,highTemp,critical
EV_826,DEV_12,2025-12-08 17:22:50,highCPU,critical
EV_827,DEV_38,2025-12-09 03:46:05,highCPU,critical
EV_828,DEV_76,2025-12-08 18:51:56,highCPU,major
EV_829,DEV_8,2025-12-09 05:50:03,linkDown,critical
EV_830,DEV_32,2025-12-09 12:04:53,LOS,minor
EV_831,DEV_38,2025-12-09 13:47:31,packetDrop,warning
EV_832,DEV_67,2025-12-08 17:17:33,highTemp,major
EV_833,DEV_21,2025-12-09 14:16:33,highTemp,major
EV_834,DEV_79,2025-12-08 18:06:50,LOS,minor
EV_835,DEV_59,2025-12-08 23:38:52,linkDown,warning
EV_836,DEV_39,2025-12-09 12:20:19,packetDrop,minor
EV_837,DEV_12,2025-12-09 02:24:50,highCPU,major
EV_838,DEV_23,2025-12-08 19:39:22,LOS,warning
EV_839,DEV_15,2025-12-09 12:58:54,packetDrop,warning
EV_840,DEV_4,2025-12-08 21:45:22,LOS,minor
EV_841,DEV_64,2025-12-08 16:18:11,highTemp,critical
EV_842,DEV_71,2025-12-09 02:53:18,packetDrop,warning
EV_843,DEV_20,2025-12-08 23:26:02,LOS,critical
EV_844,DEV_2,2025-12-08 23:41:56,linkDown,minor
EV_845,DEV_34,2025-12-08 19:08:50,highTemp,critical
EV_846,DEV_25,2025-12-09 03:23:27,highTemp,warning
EV_847,DEV_73,2025-12-09 09:58:17,highCPU,critical
EV_848,DEV_72,2025-12-09 15:32:01,packetDrop,warning
EV_849,DEV_47,2025-12-08 22:53:43,highCPU,warning
EV_850,DEV_38,2025-12-09 05:36:49,linkDown,warning
EV_851,DEV_62,2025-12-08 17:47:19,highCPU,warning
EV_852,DEV_37,2025-12-09 09:05:47,highCPU,major
EV_853,DEV_78,2025-12-09 01:56:31,packetDrop,critical
EV_854,DEV_54,2025-12-08 21:39:59,LOS,critical
EV_855,DEV_60,2025-12-09 04:40:52,packetDrop,warning
EV_856,DEV_76,2025-12-09 13:38:07,linkDown,critical
EV_857,DEV_22,2025-12-09 06:15:29,packetDrop,warning
EV_858,DEV_4,2025-12-09 11:39:41,highTemp,major
EV_859,DEV_15,2025-12-09 09:30:15,highCPU,critical
EV_860,DEV_49,2025-12-09 06:32:18,LOS,major
EV_861,DEV_70,2025-12-08 20:32:36,highTemp,major
EV_862,DEV_0,2025-12-08 22:15:01,linkDown,major
EV_863,DEV_71,2025-12-08 20:45:30,LOS,warning
EV_864,DEV_41,2025-12-08 19:01:02,highTemp,major
EV_865,DEV_76,2025-12-09 15:00:02,linkDown,minor
EV_866,DEV_62,2025-12-09 03:48:21,LOS,critical
EV_867,DEV_30,2025-12-09 06:17:39,packetDrop,warning
EV_868,DEV_58,2025-12-09 12:15:49,highCPU,minor
EV_869,DEV_36,2025-12-09 11:05:07,highTemp,critical
EV_870,DEV_48,2025-12-09 14:50:56,packetDrop,warning
EV_871,DEV_0,2025-12-08 20:15:39,highTemp,major
EV_872,DEV_45,2025-12-08 21:33:35,packetDrop,critical
EV_873,DEV_78,2025-12-08 20:00:36,packetDrop,critical
EV_874,DEV_78,2025-12-09 02:34:49,packetDrop,minor
EV_875,DEV_25,2025-12-09 07:07:27,highCPU,warning
EV_876,DEV_38,2025-12-09 16:00:15,highTemp,warning
EV_877,DEV_64,2025-12-08 17:31:41,linkDown,minor
EV_878,DEV_67,2025-12-09 06:50:09,linkDown,warning
EV_879,DEV_12,2025-12-08 17:34:34,highTemp,minor
EV_880,DEV_40,2025-12-09 00:48:50,LOS,warning
EV_881,DEV_20,2025-12-09 01:56:34,highCPU,critical
EV_882,DEV_20,2025-12-09 04:27:55,highCPU,minor
EV_883,DEV_40,2025-12-09 02:22:16,highTemp,critical
EV_884,DEV_39,2025-12-09 00:27:49,linkDown,minor
EV_885,DEV_67,2025-12-09 08:17:50,highCPU,minor
EV_886,DEV_45,2025-12-09 07:20:18,packetDrop,critical
EV_887,DEV_78,2025-12-08 23:00:24,highTemp,major
EV_888,DEV_34,2025-12-09 06:59:19,highTemp,minor
EV_889,DEV_18,2025-12-08 18:12:38,packetDrop,major
EV_890,DEV_21,2025-12-08 18:33:11,highCPU,warning
EV_891,DEV_60,2025-12-08 21:06:10,packetDrop,critical
EV_892,DEV_2,2025-12-08 22:29:23,linkDown,major
EV_893,DEV_14,2025-12-08 18:15:44,linkDown,critical
EV_894,DEV_52,2025-12-09 08:46:58,LOS,minor
EV_895,DEV_50,2025-12-08 23:24:48,highCPU,minor
EV_896,DEV_20,2025-12-09 09:03:57,packetDrop,warning
EV_897,DEV_57,2025-12-09 15:17:55,LOS,critical
EV_898,DEV_69,2025-12-09 00:58:22,highCPU,warning
EV_899,DEV_42,2025-12-09 13:47:33,highTemp,major
EV_900,DEV_8,2025-12-09 09:26:35,packetDrop,minor
EV_901,DEV_70,2025-12-09 04:41:52,linkDown,minor
EV_902,DEV_61,2025-12-08 19:27:18,highCPU,critical
EV_903,DEV_33,2025-12-09 06:14:18,LOS,major
EV_904,DEV_20,2025-12-09 12:59:58,linkDown,major
EV_905,DEV_2,2025-12-09 15:44:04,linkDown,major
EV_906,DEV_7,2025-12-09 01:57:40,highTemp,critical
EV_907,DEV_23,2025-12-08 16:29:17,highTemp,major
EV_908,DEV_54,2025-12-09 15:44:03,linkDown,critical
EV_909,DEV_14,2025-12-09 00:18:40,highCPU,minor
EV_910,DEV_13,2025-12-09 15:33:56,highCPU,warning
EV_911,DEV_48,2025-12-09 05:52:16,highCPU,warning
EV_912,DEV_9,2025-12-09 01:20:20,linkDown,warning
EV_913,DEV_78,2025-12-09 03:09:53,packetDrop,warning
EV_914,DEV_37,2025-12-09 13:26:40,LOS,critical
EV_915,DEV_37,2025-12-09 10:47:16,highCPU,minor
EV_916,DEV_66,2025-12-09 03:01:52,LOS,warning
EV_917,DEV_11,2025-12-08 18:29:18,highCPU,minor
EV_918,DEV_26,2025-12-09 15:29:15,highCPU,minor
EV_919,DEV_60,2025-12-09 01:40:20,highCPU,major
EV_920,DEV_45,2025-12-08 21:37:22,packetDrop,major
EV_921,DEV_37,2025-12-08 18:13:52,packetDrop,warning
EV_922,DEV_79,2025-12-09 03:47:59,linkDown,critical
EV_923,DEV_72,2025-12-09 16:01:35,highTemp,minor
EV_924,DEV_45,2025-12-09 01:36:34,highTemp,warning
EV_925,DEV_25,2025-12-09 06:18:02,LOS,major
EV_926,DEV_26,2025-12-09 04:39:30,linkDown,warning
EV_927,DEV_28,2025-12-09 05:12:59,packetDrop,minor
EV_928,DEV_67,2025-12-08 22:21:11,packetDrop,major
EV_929,DEV_5,2025-12-09 02:51:37,LOS,warning
EV_930,DEV_26,2025-12-08 20:49:20,highCPU,major
EV_931,DEV_2,2025-12-09 04:23:03,LOS,major
EV_932,DEV_29,2025-12-09 05:05:58,linkDown,minor
EV_933,DEV_61,2025-12-09 07:28:23,highCPU,minor
EV_934,DEV_18,2025-12-09 01:39:03,packetDrop,minor
EV_935,DEV_51,2025-12-09 09:02:57,LOS,warning
EV_936,DEV_48,2025-12-08 18:07:06,packetDrop,critical
EV_937,DEV_51,2025-12-09 09:21:25,linkDown,critical
EV_938,DEV_79,2025-12-09 06:03:37,packetDrop,minor
EV_939,DEV_24,2025-12-09 07:12:17,LOS,major
EV_940,DEV_71,2025-12-08 21:09:55,linkDown,minor
EV_941,DEV_42,2025-12-09 07:03:44,packetDrop,warning
EV_942,DEV_12,2025-12-08 21:22:43,highCPU,major
EV_943,DEV_51,2025-12-08 19:06:23,highTemp,minor
EV_944,DEV_34,2025-12-09 15:08:21,linkDown,minor
EV_945,DEV_3,2025-12-09 15:15:56,LOS,critical
EV_946,DEV_73,2025-12-09 08:37:22,highCPU,major
EV_947,DEV_67,2025-12-08 22:18:10,packetDrop,major
EV_948,DEV_76,2025-12-09 09:59:20,LOS,major
EV_949,DEV_78,2025-12-09 14:32:12,highTemp,warning
EV_950,DEV_74,2025-12-09 06:51:04,highTemp,warning
EV_951,DEV_62,2025-12-09 06:07:13,LOS,critical
EV_952,DEV_46,2025-12-09 11:35:54,linkDown,minor
EV_953,DEV_70,2025-12-08 16:40:36,highCPU,major
EV_954,DEV_50,2025-12-08 16:48:59,LOS,major
EV_955,DEV_11,2025-12-09 00:24:08,highCPU,minor
EV_956,DEV_40,2025-12-08 20:51:30,LOS,warning
EV_957,DEV_10,2025-12-09 10:29:24,packetDrop,minor
EV_958,DEV_58,2025-12-08 22:14:42,LOS,critical
EV_959,DEV_78,2025-12-09 03:01:16,highCPU,warning
EV_960,DEV_73,2025-12-09 11:06:26,packetDrop,minor
EV_961,DEV_48,2025-12-09 07:57:12,linkDown,minor
EV_962,DEV_76,2025-12-09 10:00:39,highCPU,major
EV_963,DEV_6,2025-12-08 22:10:02,highTemp,critical
EV_964,DEV_64,2025-12-09 00:28:50,linkDown,major
EV_965,DEV_8,2025-12-08 23:51:12,LOS,major
EV_966,DEV_17,2025-12-08 20:38:54,highCPU,critical
EV_967,DEV_65,2025-12-09 05:49:28,highCPU,critical
EV_968,DEV_34,2025-12-09 13:47:17,LOS,critical
EV_969,DEV_74,2025-12-09 15:57:35,LOS,critical
EV_970,DEV_42,2025-12-08 20:22:47,highTemp,warning
EV_971,DEV_58,2025-12-09 06:00:31,LOS,minor
EV_972,DEV_43,2025-12-09 09:26:11,linkDown,major
EV_973,DEV_37,2025-12-09 15:06:47,LOS,minor
EV_974,DEV_10,2025-12-09 07:29:15,LOS,minor
EV_975,DEV_38,2025-12-09 14:50:22,packetDrop,major
EV_976,DEV_54,2025-12-09 07:24:47,LOS,critical
EV_977,DEV_36,2025-12-09 02:27:25,LOS,critical
EV_978,DEV_29,2025-12-09 10:17:10,linkDown,major
EV_979,DEV_40,2025-12-09 01:44:22,packetDrop,major
EV_980,DEV_69,2025-12-09 05:11:44,highTemp,minor
EV_981,DEV_55,2025-12-08 22:00:11,LOS,warning
EV_982,DEV_77,2025-12-08 23:43:33,highTemp,minor
EV_983,DEV_42,2025-12-09 00:42:08,LOS,critical
EV_984,DEV_38,2025-12-08 19:24:16,LOS,warning
EV_985,DEV_60,2025-12-08 21:35:39,LOS,critical
EV_986,DEV_5,2025-12-08 19:51:07,highCPU,major
EV_987,DEV_41,2025-12-09 08:47:38,highCPU,minor
EV_988,DEV_53,2025-12-09 09:04:04,LOS,critical
EV_989,DEV_24,2025-12-08 22:31:29,LOS,minor
EV_990,DEV_32,2025-12-09 05:16:45,highCPU,warning
EV_991,DEV_72,2025-12-08 20:23:02,LOS,critical
EV_992,DEV_64,2025-12-08 16:30:58,linkDown,major
EV_993,DEV_39,2025-12-09 04:07:49,highCPU,warning
EV_994,DEV_23,2025-12-09 14:48:12,highCPU,critical
EV_995,DEV_68,2025-12-09 05:43:51,highCPU,major
EV_996,DEV_70,2025-12-08 20:18:31,highTemp,warning
EV_997,DEV_61,2025-12-09 08:47:10,highCPU,warning
EV_998,DEV_39,2025-12-09 09:34:35,highTemp,major
EV_999,DEV_79,2025-12-08 20:16:49,linkDown,critical
EV_1000,DEV_55,2025-12-08 21:58:03,LOS,warning
EV_1001,DEV_53,2025-12-09 13:40:21,highTemp,warning
EV_1002,DEV_44,2025-12-08 22:45:49,packetDrop,warning
EV_1003,DEV_59,2025-12-09 05:13:13,packetDrop,critical
EV_1004,DEV_55,2025-12-08 20:55:16,highTemp,warning
EV_1005,DEV_11,2025-12-08 20:16:33,highTemp,warning
EV_1006,DEV_1,2025-12-08 17:50:16,LOS,minor
EV_1007,DEV_45,2025-12-09 16:00:39,highCPU,critical
EV_1008,DEV_12,2025-12-09 11:16:19,packetDrop,major
EV_1009,DEV_42,2025-12-09 04:28:52,packetDrop,critical
EV_1010,DEV_32,2025-12-09 07:55:25,linkDown,warning
EV_1011,DEV_23,2025-12-09 04:45:09,highTemp,major
EV_1012,DEV_20,2025-12-09 12:29:34,packetDrop,critical
EV_1013,DEV_30,2025-12-08 16:35:17,linkDown,warning
EV_1014,DEV_7,2025-12-09 10:13:01,linkDown,critical
EV_1015,DEV_1,2025-12-09 10:03:52,highCPU,major
EV_1016,DEV_70,2025-12-09 04:12:42,highCPU,critical
EV_1017,DEV_67,2025-12-09 10:37:15,linkDown,warning
EV_1018,DEV_73,2025-12-09 06:50:49,linkDown,critical
EV_1019,DEV_41,2025-12-09 08:52:45,highTemp,warning
EV_1020,DEV_50,2025-12-08 19:22:07,highTemp,warning
EV_1021,DEV_3,2025-12-09 03:40:17,LOS,warning
EV_1022,DEV_38,2025-12-09 15:57:09,LOS,critical
EV_1023,DEV_2,2025-12-09 06:51:10,highTemp,critical
EV_1024,DEV_12,2025-12-09 12:26:55,packetDrop,critical
EV_1025,DEV_75,2025-12-08 19:28:24,packetDrop,minor
EV_1026,DEV_49,2025-12-09 10:40:19,packetDrop,major
EV_1027,DEV_49,2025-12-09 15:59:50,highTemp,minor
EV_1028,DEV_31,2025-12-09 05:23:35,LOS,major
EV_1029,DEV_59,2025-12-09 08:42:37,highCPU,warning
EV_1030,DEV_73,2025-12-09 16:05:27,highCPU,warning
EV_1031,DEV_18,2025-12-08 20:18:56,LOS,major
EV_1032,DEV_5,2025-12-08 16:14:38,highCPU,minor
EV_1033,DEV_3,2025-12-09 15:14:06,highCPU,minor
EV_1034,DEV_56,2025-12-08 20:02:06,LOS,major
EV_1035,DEV_61,2025-12-09 10:05:33,linkDown,warning
EV_1036,DEV_60,2025-12-08 20:03:30,highCPU,major
EV_1037,DEV_44,2025-12-08 22:59:32,LOS,warning
EV_1038,DEV_7,2025-12-09 00:00:48,highTemp,major
EV_1039,DEV_60,2025-12-09 04:28:04,LOS,warning
EV_1040,DEV_17,2025-12-08 17:51:25,packetDrop,critical
EV_1041,DEV_76,2025-12-09 08:33:59,highTemp,major
EV_1042,DEV_18,2025-12-09 10:19:33,LOS,critical
EV_1043,DEV_58,2025-12-09 12:18:23,highTemp,warning
EV_1044,DEV_78,2025-12-09 10:40:19,linkDown,major
EV_1045,DEV_31,2025-12-08 20:50:18,LOS,warning
EV_1046,DEV_50,2025-12-09 16:06:13,packetDrop,minor
EV_1047,DEV_30,2025-12-09 10:31:05,highTemp,warning
EV_1048,DEV_51,2025-12-09 14:20:13,linkDown,minor
EV_1049,DEV_60,2025-12-09 06:39:00,highCPU,minor
EV_1050,DEV_41,2025-12-09 08:39:06,linkDown,major
EV_1051,DEV_33,2025-12-09 07:11:30,packetDrop,minor
EV_1052,DEV_47,2025-12-09 12:06:33,highCPU,major
EV_1053,DEV_74,2025-12-08 23:28:41,linkDown,minor
EV_1054,DEV_67,2025-12-09 04:44:09,linkDown,major
EV_1055,DEV_9,2025-12-09 10:30:37,packetDrop,minor
EV_1056,DEV_18,2025-12-08 20:21:57,highCPU,warning
EV_1057,DEV_15,2025-12-09 13:23:00,packetDrop,warning
EV_1058,DEV_26,2025-12-09 11:36:10,highCPU,warning
EV_1059,DEV_79,2025-12-08 16:37:44,packetDrop,critical
EV_1060,DEV_6,2025-12-08 17:05:03,highTemp,major
EV_1061,DEV_63,2025-12-08 18:05:46,LOS,major
EV_1062,DEV_30,2025-12-09 01:53:04,linkDown,minor
EV_1063,DEV_70,2025-12-09 01:17:12,linkDown,critical
EV_1064,DEV_8,2025-12-09 02:54:35,linkDown,critical
EV_1065,DEV_2,2025-12-09 05:13:24,highTemp,critical
EV_1066,DEV_25,2025-12-09 14:35:45,packetDrop,major
EV_1067,DEV_55,2025-12-09 15:43:30,packetDrop,warning
EV_1068,DEV_73,2025-12-09 00:48:53,packetDrop,minor
EV_1069,DEV_4,2025-12-08 17:52:28,highTemp,warning
EV_1070,DEV_25,2025-12-09 07:19:51,highCPU,critical
EV_1071,DEV_40,2025-12-08 16:38:10,highCPU,major
EV_1072,DEV_29,2025-12-09 14:45:29,highTemp,major
EV_1073,DEV_20,2025-12-09 15:14:22,highCPU,major
EV_1074,DEV_18,2025-12-08 23:12:33,highCPU,warning
EV_1075,DEV_70,2025-12-08 22:37:26,LOS,major
EV_1076,DEV_77,2025-12-08 22:29:30,packetDrop,critical
EV_1077,DEV_40,2025-12-09 05:53:51,LOS,warning
EV_1078,DEV_10,2025-12-09 02:19:34,packetDrop,minor
EV_1079,DEV_72,2025-12-08 20:53:59,linkDown,minor
EV_1080,DEV_48,2025-12-08 16:22:10,highCPU,warning
EV_1081,DEV_63,2025-12-08 21:48:01,LOS,major
EV_1082,DEV_57,2025-12-09 03:54:38,packetDrop,critical
EV_1083,DEV_21,2025-12-09 14:55:59,packetDrop,minor
EV_1084,DEV_53,2025-12-09 10:01:28,packetDrop,minor
EV_1085,DEV_29,2025-12-08 18:49:03,highCPU,major
EV_1086,DEV_26,2025-12-08 22:51:31,packetDrop,critical
EV_1087,DEV_47,2025-12-09 10:33:20,linkDown,warning
EV_1088,DEV_35,2025-12-09 11:56:13,packetDrop,warning
EV_1089,DEV_26,2025-12-08 19:30:42,highCPU,major
EV_1090,DEV_55,2025-12-08 23:55:55,highCPU,minor
EV_1091,DEV_26,2025-12-09 05:18:01,highCPU,major
EV_1092,DEV_19,2025-12-09 14:40:30,packetDrop,warning
EV_1093,DEV_65,2025-12-09 12:36:06,LOS,critical
EV_1094,DEV_42,2025-12-09 04:45:42,highTemp,major
EV_1095,DEV_71,2025-12-09 15:32:53,packetDrop,major
EV_1096,DEV_17,2025-12-08 17:36:57,highCPU,warning
EV_1097,DEV_18,2025-12-08 20:17:31,highTemp,minor
EV_1098,DEV_48,2025-12-09 11:50:00,highCPU,critical
EV_1099,DEV_16,2025-12-09 10:58:57,highCPU,warning
EV_1100,DEV_7,2025-12-09 09:53:17,LOS,minor
EV_1101,DEV_42,2025-12-09 15:53:08,linkDown,minor
EV_1102,DEV_53,2025-12-09 10:52:28,LOS,critical
EV_1103,DEV_9,2025-12-08 22:15:31,packetDrop,critical
EV_1104,DEV_40,2025-12-09 14:59:24,LOS,major
EV_1105,DEV_58,2025-12-09 15:05:02,linkDown,warning
EV_1106,DEV_76,2025-12-08 19:56:52,linkDown,warning
EV_1107,DEV_2,2025-12-09 15:42:17,LOS,major
EV_1108,DEV_24,2025-12-08 17:01:44,highTemp,minor
EV_1109,DEV_47,2025-12-08 17:32:36,LOS,critical
EV_1110,DEV_27,2025-12-08 18:08:24,linkDown,minor
EV_1111,DEV_22,2025-12-09 12:29:00,LOS,major
EV_1112,DEV_30,2025-12-09 01:34:52,highTemp,warning
EV_1113,DEV_39,2025-12-09 08:35:20,highTemp,warning
EV_1114,DEV_40,2025-12-09 03:41:02,LOS,warning
EV_1115,DEV_3,2025-12-08 20:28:17,packetDrop,critical
EV_1116,DEV_64,2025-12-09 15:31:03,packetDrop,critical
EV_1117,DEV_73,2025-12-09 13:29:07,LOS,critical
EV_1118,DEV_10,2025-12-09 05:11:15,packetDrop,critical
EV_1119,DEV_29,2025-12-09 02:43:00,highCPU,critical
EV_1120,DEV_45,2025-12-09 02:24:50,highTemp,warning
EV_1121,DEV_0,2025-12-09 06:32:59,LOS,warning
EV_1122,DEV_62,2025-12-08 21:51:20,packetDrop,major
EV_1123,DEV_1,2025-12-08 21:07:46,highTemp,minor
EV_1124,DEV_77,2025-12-09 15:14:56,linkDown,minor
EV_1125,DEV_63,2025-12-09 15:45:17,highCPU,critical
EV_1126,DEV_4,2025-12-09 12:19:02,packetDrop,major
EV_1127,DEV_71,2025-12-08 20:39:03,LOS,critical
EV_1128,DEV_7,2025-12-09 13:00:58,packetDrop,warning
EV_1129,DEV_78,2025-12-09 11:43:16,packetDrop,critical
EV_1130,DEV_53,2025-12-09 03:15:27,linkDown,minor
EV_1131,DEV_11,2025-12-08 23:52:23,highTemp,major
EV_1132,DEV_43,2025-12-08 22:01:27,linkDown,major
EV_1133,DEV_62,2025-12-09 14:37:27,highCPU,major
EV_1134,DEV_66,2025-12-08 20:20:14,linkDown,critical
EV_1135,DEV_48,2025-12-09 12:08:50,highTemp,critical
EV_1136,DEV_40,2025-12-09 02:44:47,LOS,minor
EV_1137,DEV_51,2025-12-08 19:44:22,linkDown,warning
EV_1138,DEV_24,2025-12-09 04:12:36,highCPU,major
EV_1139,DEV_45,2025-12-09 16:01:45,linkDown,critical
EV_1140,DEV_73,2025-12-09 02:32:44,packetDrop,critical
EV_1141,DEV_61,2025-12-08 23:12:33,highCPU,warning
EV_1142,DEV_57,2025-12-09 08:34:18,highCPU,minor
EV_1143,DEV_2,2025-12-09 13:25:59,linkDown,minor
EV_1144,DEV_14,2025-12-09 03:40:53,highTemp,major
EV_1145,DEV_39,2025-12-08 16:20:24,highCPU,major
EV_1146,DEV_75,2025-12-09 00:13:46,highTemp,minor
EV_1147,DEV_35,2025-12-09 05:15:09,linkDown,minor
EV_1148,DEV_44,2025-12-09 09:38:19,highTemp,warning
EV_1149,DEV_22,2025-12-09 05:13:31,highCPU,warning
EV_1150,DEV_4,2025-12-09 12:14:59,LOS,major
EV_1151,DEV_0,2025-12-09 15:40:04,packetDrop,critical
EV_1152,DEV_74,2025-12-09 02:22:51,linkDown,major
EV_1153,DEV_19,2025-12-09 01:44:53,LOS,critical
EV_1154,DEV_15,2025-12-08 16:50:32,packetDrop,critical
EV_1155,DEV_38,2025-12-09 13:21:00,packetDrop,warning
EV_1156,DEV_41,2025-12-09 13:38:48,linkDown,critical
EV_1157,DEV_25,2025-12-09 12:14:49,highCPU,warning
EV_1158,DEV_56,2025-12-09 15:58:20,linkDown,minor
EV_1159,DEV_40,2025-12-09 06:27:16,linkDown,minor
EV_1160,DEV_67,2025-12-08 21:02:19,highTemp,critical
EV_1161,DEV_67,2025-12-09 06:36:38,highCPU,critical
EV_1162,DEV_58,2025-12-09 00:51:41,packetDrop,major
EV_1163,DEV_6,2025-12-09 10:52:59,linkDown,warning
EV_1164,DEV_66,2025-12-08 21:57:40,linkDown,major
EV_1165,DEV_33,2025-12-09 09:46:04,highCPU,critical
EV_1166,DEV_56,2025-12-09 00:07:52,highTemp,major
EV_1167,DEV_47,2025-12-08 18:27:10,highCPU,minor
EV_1168,DEV_75,2025-12-09 00:41:04,LOS,major
EV_1169,DEV_62,2025-12-09 11:01:11,highCPU,warning
EV_1170,DEV_36,2025-12-09 09:15:52,highTemp,critical
EV_1171,DEV_64,2025-12-08 17:37:01,highCPU,critical
EV_1172,DEV_12,2025-12-09 11:08:48,highCPU,minor
EV_1173,DEV_4,2025-12-09 13:13:53,packetDrop,major
EV_1174,DEV_29,2025-12-09 05:52:40,highTemp,minor
EV_1175,DEV_22,2025-12-09 13:33:39,LOS,minor
EV_1176,DEV_55,2025-12-09 05:51:57,linkDown,warning
EV_1177,DEV_42,2025-12-09 05:00:46,highCPU,warning
EV_1178,DEV_18,2025-12-09 09:43:02,packetDrop,critical
EV_1179,DEV_55,2025-12-09 10:26:07,linkDown,warning
EV_1180,DEV_28,2025-12-08 22:11:37,linkDown,critical
EV_1181,DEV_21,2025-12-09 10:53:52,highCPU,major
EV_1182,DEV_12,2025-12-08 21:38:03,linkDown,major
EV_1183,DEV_54,2025-12-09 05:21:08,packetDrop,critical
EV_1184,DEV_72,2025-12-09 00:33:02,highTemp,minor
EV_1185,DEV_58,2025-12-08 20:17:26,highTemp,warning
EV_1186,DEV_66,2025-12-09 09:36:17,linkDown,major
EV_1187,DEV_73,2025-12-09 15:43:48,highTemp,critical
EV_1188,DEV_73,2025-12-09 01:02:09,LOS,major
EV_1189,DEV_37,2025-12-09 13:02:39,packetDrop,major
EV_1190,DEV_66,2025-12-08 21:04:09,packetDrop,critical
EV_1191,DEV_46,2025-12-09 12:59:59,linkDown,critical
EV_1192,DEV_46,2025-12-08 22:13:13,highCPU,major
EV_1193,DEV_53,2025-12-09 10:58:28,highTemp,critical
EV_1194,DEV_25,2025-12-09 02:29:03,LOS,major
EV_1195,DEV_63,2025-12-09 08:31:08,packetDrop,warning
EV_1196,DEV_28,2025-12-09 09:42:04,linkDown,major
EV_1197,DEV_72,2025-12-09 07:07:11,packetDrop,major
EV_1198,DEV_69,2025-12-09 13:22:39,linkDown,minor
EV_1199,DEV_28,2025-12-08 22:16:14,highCPU,warning
EV_1200,DEV_52,2025-12-09 13:52:59,packetDrop,critical
EV_1201,DEV_27,2025-12-09 00:31:53,highTemp,warning
EV_1202,DEV_8,2025-12-08 20:58:40,LOS,critical
EV_1203,DEV_51,2025-12-08 23:31:53,packetDrop,warning
EV_1204,DEV_18,2025-12-08 21:36:34,packetDrop,critical
EV_1205,DEV_51,2025-12-08 22:37:26,highTemp,critical
EV_1206,DEV_32,2025-12-09 11:30:46,packetDrop,critical
EV_1207,DEV_70,2025-12-08 19:33:25,highTemp,major
EV_1208,DEV_74,2025-12-09 14:08:09,packetDrop,critical
EV_1209,DEV_59,2025-12-09 15:48:07,highTemp,warning
EV_1210,DEV_10,2025-12-09 05:38:57,LOS,warning
EV_1211,DEV_26,2025-12-09 00:31:10,highTemp,warning
EV_1212,DEV_38,2025-12-09 04:55:34,packetDrop,critical
EV_1213,DEV_46,2025-12-09 07:39:20,linkDown,minor
EV_1214,DEV_36,2025-12-09 09:32:10,linkDown,critical
EV_1215,DEV_62,2025-12-09 02:28:39,packetDrop,warning
EV_1216,DEV_76,2025-12-09 01:33:02,linkDown,critical
EV_1217,DEV_45,2025-12-08 16:25:23,packetDrop,critical
EV_1218,DEV_18,2025-12-09 11:05:17,LOS,warning
EV_1219,DEV_48,2025-12-09 15:59:43,linkDown,minor
EV_1220,DEV_37,2025-12-09 07:02:59,highCPU,critical
EV_1221,DEV_75,2025-12-08 21:47:58,highTemp,minor
EV_1222,DEV_12,2025-12-09 01:40:40,packetDrop,warning
EV_1223,DEV_6,2025-12-09 12:43:23,highCPU,minor
EV_1224,DEV_8,2025-12-09 06:38:06,linkDown,warning
EV_1225,DEV_13,2025-12-09 12:15:56,packetDrop,warning
EV_1226,DEV_39,2025-12-08 22:40:16,highCPU,warning
EV_1227,DEV_75,2025-12-09 01:24:14,highCPU,minor
EV_1228,DEV_52,2025-12-09 06:39:34,linkDown,critical
EV_1229,DEV_65,2025-12-09 00:31:47,highTemp,major
EV_1230,DEV_49,2025-12-08 19:48:54,linkDown,warning
EV_1231,DEV_14,2025-12-09 04:29:10,packetDrop,critical
EV_1232,DEV_9,2025-12-08 22:00:59,highTemp,critical
EV_1233,DEV_74,2025-12-08 19:28:50,linkDown,warning
EV_1234,DEV_63,2025-12-09 14:01:06,highTemp,critical
EV_1235,DEV_43,2025-12-08 18:29:50,highCPU,major
EV_1236,DEV_71,2025-12-09 05:39:57,LOS,critical
EV_1237,DEV_66,2025-12-09 06:09:25,highTemp,minor
EV_1238,DEV_64,2025-12-09 13:55:02,LOS,major
EV_1239,DEV_4,2025-12-09 15:28:35,highTemp,warning
EV_1240,DEV_45,2025-12-08 16:33:14,linkDown,minor
EV_1241,DEV_41,2025-12-08 23:15:16,LOS,major
EV_1242,DEV_3,2025-12-09 14:33:45,linkDown,critical
EV_1243,DEV_78,2025-12-09 05:15:42,linkDown,critical
EV_1244,DEV_68,2025-12-08 21:53:47,LOS,minor
EV_1245,DEV_4,2025-12-09 06:42:25,highCPU,warning
EV_1246,DEV_34,2025-12-09 06:55:34,packetDrop,major
EV_1247,DEV_42,2025-12-09 11:00:52,LOS,critical
EV_1248,DEV_49,2025-12-08 19:26:49,packetDrop,minor
EV_1249,DEV_60,2025-12-09 12:31:15,packetDrop,minor
EV_1250,DEV_25,2025-12-09 04:48:55,highCPU,major
EV_1251,DEV_58,2025-12-09 14:14:28,linkDown,warning
EV_1252,DEV_4,2025-12-09 06:52:18,packetDrop,critical
EV_1253,DEV_21,2025-12-09 01:40:14,linkDown,warning
EV_1254,DEV_42,2025-12-09 10:35:44,LOS,critical
EV_1255,DEV_24,2025-12-09 10:29:02,highCPU,minor
EV_1256,DEV_50,2025-12-08 20:25:27,packetDrop,minor
EV_1257,DEV_34,2025-12-09 11:44:55,packetDrop,minor
EV_1258,DEV_59,2025-12-09 08:17:05,highTemp,warning
EV_1259,DEV_48,2025-12-09 01:01:17,highCPU,warning
EV_1260,DEV_52,2025-12-09 08:56:18,packetDrop,critical
EV_1261,DEV_64,2025-12-09 09:42:43,LOS,minor
EV_1262,DEV_58,2025-12-08 18:37:25,highTemp,major
EV_1263,DEV_79,2025-12-09 00:32:08,highCPU,warning
EV_1264,DEV_29,2025-12-09 05:01:12,packetDrop,critical
EV_1265,DEV_34,2025-12-09 01:45:08,linkDown,minor
EV_1266,DEV_72,2025-12-08 19:33:01,highTemp,minor
EV_1267,DEV_67,2025-12-08 18:55:56,packetDrop,major
EV_1268,DEV_54,2025-12-09 09:30:54,highCPU,minor
EV_1269,DEV_32,2025-12-09 00:07:18,packetDrop,minor
EV_1270,DEV_13,2025-12-08 22:49:08,linkDown,warning
EV_1271,DEV_36,2025-12-08 23:26:01,linkDown,major
EV_1272,DEV_17,2025-12-09 01:49:38,linkDown,major
EV_1273,DEV_24,2025-12-08 23:32:48,linkDown,minor
EV_1274,DEV_24,2025-12-08 21:50:37,LOS,critical
EV_1275,DEV_70,2025-12-08 19:01:18,highTemp,critical
EV_1276,DEV_40,2025-12-09 11:52:43,LOS,warning
EV_1277,DEV_65,2025-12-09 05:40:44,packetDrop,minor
EV_1278,DEV_64,2025-12-09 10:05:23,packetDrop,minor
EV_1279,DEV_11,2025-12-09 10:02:01,linkDown,minor
EV_1280,DEV_11,2025-12-09 06:39:01,linkDown,major
EV_1281,DEV_0,2025-12-08 18:08:08,packetDrop,warning
EV_1282,DEV_35,2025-12-09 09:34:45,packetDrop,critical
EV_1283,DEV_4,2025-12-09 10:27:31,highCPU,warning
EV_1284,DEV_31,2025-12-08 22:31:42,highTemp,critical
EV_1285,DEV_54,2025-12-09 11:01:53,highTemp,minor
EV_1286,DEV_26,2025-12-08 16:28:14,LOS,major
EV_1287,DEV_15,2025-12-09 05:58:43,packetDrop,critical
EV_1288,DEV_45,2025-12-09 04:00:46,highCPU,minor
EV_1289,DEV_26,2025-12-08 22:58:41,packetDrop,minor
EV_1290,DEV_38,2025-12-09 00:47:53,highCPU,warning
EV_1291,DEV_52,2025-12-09 14:29:09,highCPU,minor
EV_1292,DEV_54,2025-12-08 22:51:36,highTemp,warning
EV_1293,DEV_64,2025-12-08 23:49:45,highTemp,minor
EV_1294,DEV_36,2025-12-09 05:27:22,highTemp,minor
EV_1295,DEV_14,2025-12-09 08:34:28,linkDown,major
EV_1296,DEV_72,2025-12-09 13:07:54,linkDown,critical
EV_1297,DEV_77,2025-12-09 01:59:33,linkDown,warning
EV_1298,DEV_24,2025-12-09 06:01:54,linkDown,major
EV_1299,DEV_55,2025-12-08 21:36:32,highTemp,critical
EV_1300,DEV_47,2025-12-08 22:35:39,highTemp,warning
EV_1301,DEV_41,2025-12-08 21:03:36,packetDrop,minor
EV_1302,DEV_79,2025-12-09 09:52:53,highCPU,minor
EV_1303,DEV_10,2025-12-09 12:37:51,packetDrop,critical
EV_1304,DEV_30,2025-12-09 06:40:10,LOS,major
EV_1305,DEV_58,2025-12-08 18:21:00,linkDown,minor
EV_1306,DEV_35,2025-12-09 09:30:51,LOS,warning
EV_1307,DEV_61,2025-12-09 04:20:55,highCPU,minor
EV_1308,DEV_72,2025-12-09 05:16:57,packetDrop,minor
EV_1309,DEV_23,2025-12-09 04:41:38,LOS,warning
EV_1310,DEV_63,2025-12-08 20:34:41,highCPU,major
EV_1311,DEV_6,2025-12-09 13:10:00,packetDrop,major
EV_1312,DEV_37,2025-12-09 02:31:35,highCPU,minor
EV_1313,DEV_37,2025-12-09 10:44:55,highTemp,warning
EV_1314,DEV_57,2025-12-08 19:01:08,highTemp,minor
EV_1315,DEV_58,2025-12-09 09:02:55,linkDown,major
EV_1316,DEV_23,2025-12-09 15:29:13,highCPU,warning
EV_1317,DEV_5,2025-12-09 15:08:53,packetDrop,warning
EV_1318,DEV_29,2025-12-08 18:45:42,LOS,major
EV_1319,DEV_78,2025-12-09 04:40:30,linkDown,minor
EV_1320,DEV_78,2025-12-09 03:42:04,highCPU,minor
EV_1321,DEV_37,2025-12-09 14:12:20,highTemp,minor
EV_1322,DEV_42,2025-12-09 08:21:44,highCPU,warning
EV_1323,DEV_62,2025-12-09 07:14:13,linkDown,major
EV_1324,DEV_52,2025-12-08 17:00:18,linkDown,major
EV_1325,DEV_67,2025-12-09 01:19:34,LOS,major
EV_1326,DEV_73,2025-12-08 22:14:28,highTemp,critical
EV_1327,DEV_43,2025-12-08 19:38:35,LOS,warning
EV_1328,DEV_62,2025-12-09 12:07:55,LOS,critical
EV_1329,DEV_2,2025-12-09 06:37:08,packetDrop,critical
EV_1330,DEV_32,2025-12-08 19:56:53,highCPU,major
EV_1331,DEV_12,2025-12-08 19:14:01,highTemp,minor
EV_1332,DEV_65,2025-12-09 00:30:53,linkDown,minor
EV_1333,DEV_49,2025-12-09 08:17:56,linkDown,major
EV_1334,DEV_42,2025-12-09 11:20:32,linkDown,critical
EV_1335,DEV_67,2025-12-08 17:26:38,highCPU,minor
EV_1336,DEV_75,2025-12-09 09:30:01,highTemp,minor
EV_1337,DEV_39,2025-12-09 12:08:09,highTemp,major
EV_1338,DEV_43,2025-12-09 11:47:56,linkDown,warning
EV_1339,DEV_31,2025-12-09 15:08:23,packetDrop,warning
EV_1340,DEV_29,2025-12-09 11:13:21,packetDrop,minor
EV_1341,DEV_75,2025-12-09 04:48:15,highTemp,major
EV_1342,DEV_16,2025-12-08 19:25:29,highTemp,minor
EV_1343,DEV_64,2025-12-09 05:28:54,highTemp,minor
EV_1344,DEV_62,2025-12-08 21:50:01,highCPU,critical
EV_1345,DEV_62,2025-12-08 16:10:03,packetDrop,major
EV_1346,DEV_58,2025-12-09 04:41:04,highCPU,warning
EV_1347,DEV_60,2025-12-09 11:38:47,LOS,warning
EV_1348,DEV_55,2025-12-09 09:32:01,highCPU,critical
EV_1349,DEV_78,2025-12-09 07:50:09,highCPU,major
EV_1350,DEV_10,2025-12-08 16:25:37,packetDrop,minor
EV_1351,DEV_58,2025-12-08 23:01:47,highTemp,warning
EV_1352,DEV_13,2025-12-09 06:32:11,linkDown,major
EV_1353,DEV_66,2025-12-09 15:41:02,highTemp,warning
EV_1354,DEV_23,2025-12-09 00:11:44,highCPU,critical
EV_1355,DEV_12,2025-12-09 07:32:14,linkDown,minor
EV_1356,DEV_59,2025-12-09 02:31:44,packetDrop,minor
EV_1357,DEV_61,2025-12-09 07:11:51,linkDown,critical
EV_1358,DEV_8,2025-12-08 22:48:19,linkDown,minor
EV_1359,DEV_22,2025-12-08 20:10:55,highTemp,warning
EV_1360,DEV_69,2025-12-09 02:04:20,packetDrop,warning
EV_1361,DEV_42,2025-12-08 23:00:04,highCPU,critical
EV_1362,DEV_55,2025-12-08 21:42:13,LOS,critical
EV_1363,DEV_18,2025-12-08 22:56:02,LOS,minor
EV_1364,DEV_10,2025-12-09 01:57:54,linkDown,warning
EV_1365,DEV_67,2025-12-08 16:27:46,linkDown,critical
EV_1366,DEV_55,2025-12-08 21:39:01,LOS,warning
EV_1367,DEV_67,2025-12-09 00:04:18,highCPU,warning
EV_1368,DEV_12,2025-12-09 03:30:29,highTemp,minor
EV_1369,DEV_36,2025-12-09 09:02:47,LOS,minor
EV_1370,DEV_62,2025-12-08 19:05:06,linkDown,critical
EV_1371,DEV_38,2025-12-09 01:52:02,highTemp,critical
EV_1372,DEV_57,2025-12-09 11:56:28,highTemp,major
EV_1373,DEV_39,2025-12-08 23:09:42,highCPU,warning
EV_1374,DEV_77,2025-12-08 16:37:24,LOS,major
EV_1375,DEV_13,2025-12-09 06:10:27,highTemp,major
EV_1376,DEV_22,2025-12-08 17:23:03,linkDown,warning
EV_1377,DEV_76,2025-12-08 19:35:06,packetDrop,major
EV_1378,DEV_78,2025-12-09 09:22:45,highTemp,minor
EV_1379,DEV_67,2025-12-09 03:55:35,linkDown,critical
EV_1380,DEV_73,2025-12-09 12:10:25,packetDrop,critical
EV_1381,DEV_26,2025-12-09 01:23:13,highTemp,minor
EV_1382,DEV_15,2025-12-08 23:23:58,highCPU,critical
EV_1383,DEV_3,2025-12-09 00:05:36,LOS,major
EV_1384,DEV_0,2025-12-09 15:12:27,highTemp,minor
EV_1385,DEV_9,2025-12-08 16:42:45,linkDown,minor
EV_1386,DEV_21,2025-12-09 13:27:08,LOS,warning
EV_1387,DEV_57,2025-12-09 01:00:53,LOS,critical
EV_1388,DEV_7,2025-12-09 13:19:13,highTemp,major
EV_1389,DEV_36,2025-12-09 05:41:10,LOS,major
EV_1390,DEV_42,2025-12-08 21:54:20,highTemp,critical
EV_1391,DEV_61,2025-12-09 14:41:18,highCPU,critical
EV_1392,DEV_76,2025-12-08 18:20:25,highCPU,major
EV_1393,DEV_73,2025-12-09 11:41:31,LOS,major
EV_1394,DEV_78,2025-12-09 09:55:33,linkDown,minor
EV_1395,DEV_68,2025-12-09 12:29:35,highCPU,warning
EV_1396,DEV_38,2025-12-08 23:11:23,LOS,warning
EV_1397,DEV_62,2025-12-09 05:12:16,linkDown,minor
EV_1398,DEV_33,2025-12-08 17:36:06,highTemp,warning
EV_1399,DEV_34,2025-12-09 12:31:03,highCPU,warning
EV_1400,DEV_63,2025-12-08 23:04:25,packetDrop,major
EV_1401,DEV_31,2025-12-09 11:57:24,highCPU,minor
EV_1402,DEV_15,2025-12-09 09:13:04,highCPU,major
EV_1403,DEV_64,2025-12-08 18:40:18,packetDrop,major
EV_1404,DEV_70,2025-12-09 08:31:32,highCPU,minor
EV_1405,DEV_31,2025-12-09 11:53:00,highCPU,warning
EV_1406,DEV_48,2025-12-08 16:11:25,packetDrop,warning
EV_1407,DEV_0,2025-12-08 22:55:09,LOS,minor
EV_1408,DEV_21,2025-12-09 14:44:41,linkDown,minor
EV_1409,DEV_52,2025-12-08 18:28:13,packetDrop,warning
EV_1410,DEV_31,2025-12-08 23:04:37,packetDrop,warning
EV_1411,DEV_40,2025-12-09 12:14:32,linkDown,minor
EV_1412,DEV_56,2025-12-09 03:54:34,highTemp,minor
EV_1413,DEV_77,2025-12-08 20:11:09,LOS,critical
EV_1414,DEV_41,2025-12-08 17:45:28,linkDown,major
EV_1415,DEV_24,2025-12-08 17:18:10,linkDown,critical
EV_1416,DEV_68,2025-12-09 09:50:09,linkDown,critical
EV_1417,DEV_63,2025-12-08 17:19:21,packetDrop,warning
EV_1418,DEV_38,2025-12-09 16:07:06,highTemp,minor
EV_1419,DEV_76,2025-12-08 17:57:04,highCPU,major
EV_1420,DEV_73,2025-12-09 14:13:34,LOS,critical
EV_1421,DEV_47,2025-12-08 23:45:50,highTemp,critical
EV_1422,DEV_68,2025-12-09 09:12:20,LOS,minor
EV_1423,DEV_43,2025-12-09 12:28:51,highTemp,minor
EV_1424,DEV_19,2025-12-08 18:17:12,packetDrop,minor
EV_1425,DEV_56,2025-12-09 11:25:30,LOS,critical
EV_1426,DEV_35,2025-12-09 03:13:44,LOS,major
EV_1427,DEV_14,2025-12-09 11:04:40,LOS,critical
EV_1428,DEV_73,2025-12-09 00:34:30,packetDrop,warning
EV_1429,DEV_12,2025-12-08 23:03:43,linkDown,major
EV_1430,DEV_12,2025-12-09 12:55:05,linkDown,warning
EV_1431,DEV_29,2025-12-08 20:00:20,packetDrop,minor
EV_1432,DEV_31,2025-12-09 08:51:56,highTemp,critical
EV_1433,DEV_42,2025-12-08 22:14:15,linkDown,warning
EV_1434,DEV_11,2025-12-09 10:32:22,highCPU,major
EV_1435,DEV_71,2025-12-09 11:36:10,packetDrop,warning
EV_1436,DEV_14,2025-12-09 04:59:30,highCPU,minor
EV_1437,DEV_2,2025-12-09 05:41:53,highTemp,warning
EV_1438,DEV_55,2025-12-09 03:56:26,packetDrop,major
EV_1439,DEV_56,2025-12-09 12:40:03,packetDrop,major
EV_1440,DEV_7,2025-12-09 05:49:11,packetDrop,minor
EV_1441,DEV_57,2025-12-09 05:16:18,highTemp,warning
EV_1442,DEV_30,2025-12-09 06:37:18,LOS,critical
EV_1443,DEV_57,2025-12-09 02:31:18,packetDrop,critical
EV_1444,DEV_37,2025-12-09 11:00:35,linkDown,minor
EV_1445,DEV_76,2025-12-08 16:24:11,highCPU,major
EV_1446,DEV_14,2025-12-08 23:59:08,highCPU,critical
EV_1447,DEV_35,2025-12-09 02:12:41,packetDrop,major
EV_1448,DEV_77,2025-12-08 19:35:49,LOS,warning
EV_1449,DEV_43,2025-12-09 05:06:47,linkDown,major
EV_1450,DEV_53,2025-12-09 01:48:43,highCPU,major
EV_1451,DEV_52,2025-12-09 00:38:50,highCPU,minor
EV_1452,DEV_79,2025-12-08 19:30:37,packetDrop,warning
EV_1453,DEV_30,2025-12-09 12:52:59,linkDown,critical
EV_1454,DEV_46,2025-12-09 03:59:09,highTemp,major
EV_1455,DEV_5,2025-12-09 09:56:30,packetDrop,critical
EV_1456,DEV_34,2025-12-09 13:50:09,highCPU,critical
EV_1457,DEV_46,2025-12-09 13:08:45,highTemp,critical
EV_1458,DEV_21,2025-12-08 18:12:00,highCPU,minor
EV_1459,DEV_35,2025-12-09 07:58:36,highTemp,critical
EV_1460,DEV_66,2025-12-09 00:25:07,packetDrop,critical
EV_1461,DEV_28,2025-12-09 15:14:35,highTemp,critical
EV_1462,DEV_30,2025-12-09 03:15:39,packetDrop,critical
EV_1463,DEV_67,2025-12-09 03:47:24,packetDrop,major
EV_1464,DEV_18,2025-12-09 04:03:49,packetDrop,major
EV_1465,DEV_38,2025-12-08 21:44:30,LOS,warning
EV_1466,DEV_58,2025-12-09 08:23:18,packetDrop,critical
EV_1467,DEV_0,2025-12-09 00:15:00,highTemp,minor
EV_1468,DEV_65,2025-12-09 06:31:15,linkDown,major
EV_1469,DEV_53,2025-12-09 04:24:13,LOS,warning
EV_1470,DEV_9,2025-12-09 12:58:10,LOS,warning
EV_1471,DEV_54,2025-12-09 01:43:24,LOS,warning
EV_1472,DEV_5,2025-12-09 10:26:05,highTemp,major
EV_1473,DEV_8,2025-12-08 21:04:28,highTemp,major
EV_1474,DEV_5,2025-12-09 09:55:35,highTemp,major
EV_1475,DEV_7,2025-12-09 12:35:44,packetDrop,major
EV_1476,DEV_40,2025-12-09 00:59:11,LOS,minor
EV_1477,DEV_63,2025-12-09 07:49:20,highCPU,critical
EV_1478,DEV_30,2025-12-08 20:15:40,highTemp,warning
EV_1479,DEV_48,2025-12-09 05:27:47,highCPU,major
EV_1480,DEV_31,2025-12-09 03:50:30,highCPU,critical
EV_1481,DEV_0,2025-12-09 03:15:44,linkDown,minor
EV_1482,DEV_3,2025-12-09 14:36:00,highTemp,major
EV_1483,DEV_43,2025-12-09 08:12:03,LOS,major
EV_1484,DEV_37,2025-12-08 23:26:04,highCPU,major
EV_1485,DEV_65,2025-12-08 19:17:18,LOS,critical
EV_1486,DEV_77,2025-12-09 01:00:47,packetDrop,major
EV_1487,DEV_56,2025-12-09 02:38:18,LOS,minor
EV_1488,DEV_38,2025-12-08 20:12:56,highCPU,warning
EV_1489,DEV_78,2025-12-09 09:19:10,LOS,minor
EV_1490,DEV_19,2025-12-08 23:46:26,packetDrop,major
EV_1491,DEV_75,2025-12-08 23:35:03,packetDrop,minor
EV_1492,DEV_7,2025-12-09 12:08:43,highTemp,major
EV_1493,DEV_11,2025-12-08 16:50:01,highTemp,critical
EV_1494,DEV_53,2025-12-09 01:27:54,linkDown,critical
EV_1495,DEV_78,2025-12-09 02:30:17,linkDown,minor
EV_1496,DEV_33,2025-12-08 18:05:48,highTemp,critical
EV_1497,DEV_60,2025-12-08 18:35:20,highTemp,minor
EV_1498,DEV_65,2025-12-09 05:16:45,LOS,critical
EV_1499,DEV_28,2025-12-09 02:48:48,highTemp,major
