incident_id,device_id,label
INC_0,DEV_0,0
INC_0,DEV_1,0
INC_0,DEV_2,0
INC_0,DEV_3,1
INC_0,DEV_4,0
INC_0,DEV_5,0
INC_0,DEV_6,0
INC_0,DEV_7,0
INC_0,DEV_8,0
INC_0,DEV_9,0
INC_0,DEV_10,0
INC_0,DEV_11,1
INC_0,DEV_12,0
INC_0,DEV_13,0
INC_0,DEV_14,0
INC_0,DEV_15,0
INC_0,DEV_16,0
INC_0,DEV_17,0
INC_0,DEV_18,1
INC_0,DEV_19,1
INC_0,DEV_20,1
INC_0,DEV_21,1
INC_0,DEV_22,1
INC_0,DEV_23,0
INC_0,DEV_24,0
INC_0,DEV_25,0
INC_0,DEV_26,0
INC_0,DEV_27,0
INC_0,DEV_28,1
INC_0,DEV_29,0
INC_0,DEV_30,0
INC_0,DEV_31,1
INC_0,DEV_32,1
INC_0,DEV_33,1
INC_0,DEV_34,0
INC_0,DEV_35,1
INC_0,DEV_36,0
INC_0,DEV_37,0
INC_0,DEV_38,0
INC_0,DEV_39,1
INC_0,DEV_40,0
INC_0,DEV_41,0
INC_0,DEV_42,1
INC_0,DEV_43,0
INC_0,DEV_44,1
INC_0,DEV_45,1
INC_0,DEV_46,0
INC_0,DEV_47,0
INC_0,DEV_48,0
INC_0,DEV_49,0
INC_0,DEV_50,0
INC_0,DEV_51,0
INC_0,DEV_52,0
INC_0,DEV_53,0
INC_0,DEV_54,0
INC_0,DEV_55,0
INC_0,DEV_56,0
INC_0,DEV_57,0
INC_0,DEV_58,0
INC_0,DEV_59,2
INC_0,DEV_60,0
INC_0,DEV_61,0
INC_0,DEV_62,0
INC_0,DEV_63,0
INC_0,DEV_64,0
INC_0,DEV_65,0
INC_0,DEV_66,0
INC_0,DEV_67,0
INC_0,DEV_68,0
INC_0,DEV_69,0
INC_0,DEV_70,1
INC_0,DEV_71,0
INC_0,DEV_72,1
INC_0,DEV_73,0
INC_0,DEV_74,0
INC_0,DEV_75,0
INC_0,DEV_76,0
INC_0,DEV_77,0
INC_0,DEV_78,0
INC_0,DEV_79,0
INC_1,DEV_0,0
INC_1,DEV_1,0
INC_1,DEV_2,0
INC_1,DEV_3,0
INC_1,DEV_4,0
INC_1,DEV_5,0
INC_1,DEV_6,0
INC_1,DEV_7,0
INC_1,DEV_8,0
INC_1,DEV_9,0
INC_1,DEV_10,0
INC_1,DEV_11,0
INC_1,DEV_12,0
INC_1,DEV_13,0
INC_1,DEV_14,0
INC_1,DEV_15,1
INC_1,DEV_16,0
INC_1,DEV_17,0
INC_1,DEV_18,0
INC_1,DEV_19,1
INC_1,DEV_20,1
INC_1,DEV_21,0
INC_1,DEV_22,0
INC_1,DEV_23,0
INC_1,DEV_24,0
INC_1,DEV_25,1
INC_1,DEV_26,0
INC_1,DEV_27,0
INC_1,DEV_28,0
INC_1,DEV_29,0
INC_1,DEV_30,0
INC_1,DEV_31,1
INC_1,DEV_32,0
INC_1,DEV_33,0
INC_1,DEV_34,1
INC_1,DEV_35,0
INC_1,DEV_36,0
INC_1,DEV_37,0
INC_1,DEV_38,0
INC_1,DEV_39,1
INC_1,DEV_40,0
INC_1,DEV_41,0
INC_1,DEV_42,0
INC_1,DEV_43,0
INC_1,DEV_44,0
INC_1,DEV_45,1
INC_1,DEV_46,1
INC_1,DEV_47,0
INC_1,DEV_48,0
INC_1,DEV_49,0
INC_1,DEV_50,1
INC_1,DEV_51,0
INC_1,DEV_52,0
INC_1,DEV_53,0
INC_1,DEV_54,0
INC_1,DEV_55,0
INC_1,DEV_56,2
INC_1,DEV_57,0
INC_1,DEV_58,0
INC_1,DEV_59,0
INC_1,DEV_60,0
INC_1,DEV_61,0
INC_1,DEV_62,0
INC_1,DEV_63,0
INC_1,DEV_64,1
INC_1,DEV_65,0
INC_1,DEV_66,1
INC_1,DEV_67,0
INC_1,DEV_68,0
INC_1,DEV_69,0
INC_1,DEV_70,0
INC_1,DEV_71,0
INC_1,DEV_72,0
INC_1,DEV_73,0
INC_1,DEV_74,0
INC_1,DEV_75,0
INC_1,DEV_76,0
INC_1,DEV_77,1
INC_1,DEV_78,0
INC_1,DEV_79,0
INC_2,DEV_0,0
INC_2,DEV_1,0
INC_2,DEV_2,0
INC_2,DEV_3,0
INC_2,DEV_4,0
INC_2,DEV_5,0
INC_2,DEV_6,0
INC_2,DEV_7,0
INC_2,DEV_8,0
INC_2,DEV_9,0
INC_2,DEV_10,0
INC_2,DEV_11,2
INC_2,DEV_12,0
INC_2,DEV_13,0
INC_2,DEV_14,0
INC_2,DEV_15,0
INC_2,DEV_16,0
INC_2,DEV_17,0
INC_2,DEV_18,0
INC_2,DEV_19,0
INC_2,DEV_20,0
INC_2,DEV_21,0
INC_2,DEV_22,0
INC_2,DEV_23,0
INC_2,DEV_24,0
INC_2,DEV_25,0
INC_2,DEV_26,0
INC_2,DEV_27,0
INC_2,DEV_28,0
INC_2,DEV_29,0
INC_2,DEV_30,0
INC_2,DEV_31,0
INC_2,DEV_32,0
INC_2,DEV_33,0
INC_2,DEV_34,0
INC_2,DEV_35,0
INC_2,DEV_36,0
INC_2,DEV_37,0
INC_2,DEV_38,0
INC_2,DEV_39,0
INC_2,DEV_40,0
INC_2,DEV_41,0
INC_2,DEV_42,1
INC_2,DEV_43,0
INC_2,DEV_44,1
INC_2,DEV_45,0
INC_2,DEV_46,0
INC_2,DEV_47,0
INC_2,DEV_48,0
INC_2,DEV_49,0
INC_2,DEV_50,0
INC_2,DEV_51,0
INC_2,DEV_52,0
INC_2,DEV_53,0
INC_2,DEV_54,0
INC_2,DEV_55,0
INC_2,DEV_56,0
INC_2,DEV_57,0
INC_2,DEV_58,0
INC_2,DEV_59,0
INC_2,DEV_60,0
INC_2,DEV_61,0
INC_2,DEV_62,0
INC_2,DEV_63,0
INC_2,DEV_64,0
INC_2,DEV_65,0
INC_2,DEV_66,0
INC_2,DEV_67,0
INC_2,DEV_68,0
INC_2,DEV_69,0
INC_2,DEV_70,0
INC_2,DEV_71,0
INC_2,DEV_72,0
INC_2,DEV_73,0
INC_2,DEV_74,0
INC_2,DEV_75,0
INC_2,DEV_76,0
INC_2,DEV_77,0
INC_2,DEV_78,0
INC_2,DEV_79,0
INC_3,DEV_0,0
INC_3,DEV_1,0
INC_3,DEV_2,0
INC_3,DEV_3,0
INC_3,DEV_4,0
INC_3,DEV_5,0
INC_3,DEV_6,0
INC_3,DEV_7,0
INC_3,DEV_8,0
INC_3,DEV_9,0
INC_3,DEV_10,0
INC_3,DEV_11,0
INC_3,DEV_12,0
INC_3,DEV_13,0
INC_3,DEV_14,0
INC_3,DEV_15,0
INC_3,DEV_16,0
INC_3,DEV_17,0
INC_3,DEV_18,2
INC_3,DEV_19,0
INC_3,DEV_20,0
INC_3,DEV_21,0
INC_3,DEV_22,0
INC_3,DEV_23,0
INC_3,DEV_24,0
INC_3,DEV_25,0
INC_3,DEV_26,0
INC_3,DEV_27,0
INC_3,DEV_28,0
INC_3,DEV_29,0
INC_3,DEV_30,0
INC_3,DEV_31,0
INC_3,DEV_32,0
INC_3,DEV_33,0
INC_3,DEV_34,0
INC_3,DEV_35,0
INC_3,DEV_36,0
INC_3,DEV_37,0
INC_3,DEV_38,0
INC_3,DEV_39,0
INC_3,DEV_40,0
INC_3,DEV_41,0
INC_3,DEV_42,0
INC_3,DEV_43,0
INC_3,DEV_44,0
INC_3,DEV_45,0
INC_3,DEV_46,0
INC_3,DEV_47,0
INC_3,DEV_48,0
INC_3,DEV_49,0
INC_3,DEV_50,0
INC_3,DEV_51,0
INC_3,DEV_52,0
INC_3,DEV_53,0
INC_3,DEV_54,0
INC_3,DEV_55,0
INC_3,DEV_56,0
INC_3,DEV_57,0
INC_3,DEV_58,0
INC_3,DEV_59,0
INC_3,DEV_60,0
INC_3,DEV_61,0
INC_3,DEV_62,0
INC_3,DEV_63,0
INC_3,DEV_64,0
INC_3,DEV_65,0
INC_3,DEV_66,0
INC_3,DEV_67,0
INC_3,DEV_68,0
INC_3,DEV_69,0
INC_3,DEV_70,0
INC_3,DEV_71,0
INC_3,DEV_72,0
INC_3,DEV_73,0
INC_3,DEV_74,0
INC_3,DEV_75,0
INC_3,DEV_76,0
INC_3,DEV_77,0
INC_3,DEV_78,0
INC_3,DEV_79,0
INC_4,DEV_0,0
INC_4,DEV_1,0
INC_4,DEV_2,0
INC_4,DEV_3,0
INC_4,DEV_4,0
INC_4,DEV_5,0
INC_4,DEV_6,0
INC_4,DEV_7,0
INC_4,DEV_8,0
INC_4,DEV_9,0
INC_4,DEV_10,0
INC_4,DEV_11,0
INC_4,DEV_12,0
INC_4,DEV_13,0
INC_4,DEV_14,0
INC_4,DEV_15,0
INC_4,DEV_16,0
INC_4,DEV_17,0
INC_4,DEV_18,0
INC_4,DEV_19,0
INC_4,DEV_20,0
INC_4,DEV_21,0
INC_4,DEV_22,0
INC_4,DEV_23,0
INC_4,DEV_24,0
INC_4,DEV_25,0
INC_4,DEV_26,0
INC_4,DEV_27,0
INC_4,DEV_28,0
INC_4,DEV_29,0
INC_4,DEV_30,0
INC_4,DEV_31,0
INC_4,DEV_32,0
INC_4,DEV_33,0
INC_4,DEV_34,0
INC_4,DEV_35,0
INC_4,DEV_36,0
INC_4,DEV_37,0
INC_4,DEV_38,0
INC_4,DEV_39,0
INC_4,DEV_40,0
INC_4,DEV_41,0
INC_4,DEV_42,0
INC_4,DEV_43,0
INC_4,DEV_44,0
INC_4,DEV_45,0
INC_4,DEV_46,0
INC_4,DEV_47,0
INC_4,DEV_48,0
INC_4,DEV_49,0
INC_4,DEV_50,0
INC_4,DEV_51,0
INC_4,DEV_52,0
INC_4,DEV_53,0
INC_4,DEV_54,0
INC_4,DEV_55,0
INC_4,DEV_56,0
INC_4,DEV_57,0
INC_4,DEV_58,0
INC_4,DEV_59,0
INC_4,DEV_60,0
INC_4,DEV_61,0
INC_4,DEV_62,0
INC_4,DEV_63,0
INC_4,DEV_64,0
INC_4,DEV_65,0
INC_4,DEV_66,0
INC_4,DEV_67,0
INC_4,DEV_68,0
INC_4,DEV_69,0
INC_4,DEV_70,0
INC_4,DEV_71,0
INC_4,DEV_72,0
INC_4,DEV_73,0
INC_4,DEV_74,0
INC_4,DEV_75,0
INC_4,DEV_76,0
INC_4,DEV_77,2
INC_4,DEV_78,0
INC_4,DEV_79,0
INC_5,DEV_0,0
INC_5,DEV_1,0
INC_5,DEV_2,0
INC_5,DEV_3,1
INC_5,DEV_4,0
INC_5,DEV_5,0
INC_5,DEV_6,0
INC_5,DEV_7,0
INC_5,DEV_8,0
INC_5,DEV_9,0
INC_5,DEV_10,0
INC_5,DEV_11,1
INC_5,DEV_12,0
INC_5,DEV_13,0
INC_5,DEV_14,0
INC_5,DEV_15,0
INC_5,DEV_16,0
INC_5,DEV_17,0
INC_5,DEV_18,1
INC_5,DEV_19,1
INC_5,DEV_20,1
INC_5,DEV_21,1
INC_5,DEV_22,1
INC_5,DEV_23,0
INC_5,DEV_24,0
INC_5,DEV_25,0
INC_5,DEV_26,0
INC_5,DEV_27,0
INC_5,DEV_28,1
INC_5,DEV_29,0
INC_5,DEV_30,0
INC_5,DEV_31,1
INC_5,DEV_32,1
INC_5,DEV_33,1
INC_5,DEV_34,0
INC_5,DEV_35,1
INC_5,DEV_36,0
INC_5,DEV_37,0
INC_5,DEV_38,0
INC_5,DEV_39,1
INC_5,DEV_40,0
INC_5,DEV_41,0
INC_5,DEV_42,1
INC_5,DEV_43,0
INC_5,DEV_44,1
INC_5,DEV_45,1
INC_5,DEV_46,0
INC_5,DEV_47,0
INC_5,DEV_48,0
INC_5,DEV_49,0
INC_5,DEV_50,0
INC_5,DEV_51,0
INC_5,DEV_52,0
INC_5,DEV_53,0
INC_5,DEV_54,0
INC_5,DEV_55,0
INC_5,DEV_56,0
INC_5,DEV_57,0
INC_5,DEV_58,0
INC_5,DEV_59,2
INC_5,DEV_60,0
INC_5,DEV_61,0
INC_5,DEV_62,0
INC_5,DEV_63,0
INC_5,DEV_64,0
INC_5,DEV_65,0
INC_5,DEV_66,0
INC_5,DEV_67,0
INC_5,DEV_68,0
INC_5,DEV_69,0
INC_5,DEV_70,1
INC_5,DEV_71,0
INC_5,DEV_72,1
INC_5,DEV_73,0
INC_5,DEV_74,0
INC_5,DEV_75,0
INC_5,DEV_76,0
INC_5,DEV_77,0
INC_5,DEV_78,0
INC_5,DEV_79,0
INC_6,DEV_0,1
INC_6,DEV_1,0
INC_6,DEV_2,1
INC_6,DEV_3,1
INC_6,DEV_4,0
INC_6,DEV_5,0
INC_6,DEV_6,0
INC_6,DEV_7,1
INC_6,DEV_8,0
INC_6,DEV_9,1
INC_6,DEV_10,0
INC_6,DEV_11,1
INC_6,DEV_12,0
INC_6,DEV_13,2
INC_6,DEV_14,0
INC_6,DEV_15,1
INC_6,DEV_16,1
INC_6,DEV_17,0
INC_6,DEV_18,1
INC_6,DEV_19,1
INC_6,DEV_20,1
INC_6,DEV_21,1
INC_6,DEV_22,1
INC_6,DEV_23,0
INC_6,DEV_24,0
INC_6,DEV_25,0
INC_6,DEV_26,0
INC_6,DEV_27,1
INC_6,DEV_28,0
INC_6,DEV_29,0
INC_6,DEV_30,0
INC_6,DEV_31,1
INC_6,DEV_32,1
INC_6,DEV_33,1
INC_6,DEV_34,1
INC_6,DEV_35,1
INC_6,DEV_36,0
INC_6,DEV_37,0
INC_6,DEV_38,0
INC_6,DEV_39,1
INC_6,DEV_40,1
INC_6,DEV_41,0
INC_6,DEV_42,1
INC_6,DEV_43,0
INC_6,DEV_44,1
INC_6,DEV_45,1
INC_6,DEV_46,0
INC_6,DEV_47,0
INC_6,DEV_48,0
INC_6,DEV_49,0
INC_6,DEV_50,1
INC_6,DEV_51,0
INC_6,DEV_52,0
INC_6,DEV_53,0
INC_6,DEV_54,0
INC_6,DEV_55,0
INC_6,DEV_56,0
INC_6,DEV_57,1
INC_6,DEV_58,0
INC_6,DEV_59,0
INC_6,DEV_60,0
INC_6,DEV_61,0
INC_6,DEV_62,0
INC_6,DEV_63,1
INC_6,DEV_64,1
INC_6,DEV_65,0
INC_6,DEV_66,0
INC_6,DEV_67,0
INC_6,DEV_68,0
INC_6,DEV_69,0
INC_6,DEV_70,1
INC_6,DEV_71,0
INC_6,DEV_72,0
INC_6,DEV_73,0
INC_6,DEV_74,0
INC_6,DEV_75,0
INC_6,DEV_76,0
INC_6,DEV_77,1
INC_6,DEV_78,0
INC_6,DEV_79,0
INC_7,DEV_0,0
INC_7,DEV_1,0
INC_7,DEV_2,0
INC_7,DEV_3,0
INC_7,DEV_4,0
INC_7,DEV_5,0
INC_7,DEV_6,0
INC_7,DEV_7,0
INC_7,DEV_8,0
INC_7,DEV_9,0
INC_7,DEV_10,0
INC_7,DEV_11,0
INC_7,DEV_12,0
INC_7,DEV_13,0
INC_7,DEV_14,0
INC_7,DEV_15,1
INC_7,DEV_16,0
INC_7,DEV_17,0
INC_7,DEV_18,0
INC_7,DEV_19,0
INC_7,DEV_20,0
INC_7,DEV_21,0
INC_7,DEV_22,0
INC_7,DEV_23,0
INC_7,DEV_24,0
INC_7,DEV_25,0
INC_7,DEV_26,0
INC_7,DEV_27,0
INC_7,DEV_28,0
INC_7,DEV_29,0
INC_7,DEV_30,0
INC_7,DEV_31,0
INC_7,DEV_32,0
INC_7,DEV_33,0
INC_7,DEV_34,0
INC_7,DEV_35,0
INC_7,DEV_36,0
INC_7,DEV_37,0
INC_7,DEV_38,0
INC_7,DEV_39,0
INC_7,DEV_40,0
INC_7,DEV_41,0
INC_7,DEV_42,0
INC_7,DEV_43,0
INC_7,DEV_44,0
INC_7,DEV_45,0
INC_7,DEV_46,0
INC_7,DEV_47,0
INC_7,DEV_48,0
INC_7,DEV_49,0
INC_7,DEV_50,0
INC_7,DEV_51,0
INC_7,DEV_52,0
INC_7,DEV_53,0
INC_7,DEV_54,0
INC_7,DEV_55,0
INC_7,DEV_56,0
INC_7,DEV_57,0
INC_7,DEV_58,0
INC_7,DEV_59,0
INC_7,DEV_60,0
INC_7,DEV_61,0
INC_7,DEV_62,0
INC_7,DEV_63,0
INC_7,DEV_64,0
INC_7,DEV_65,0
INC_7,DEV_66,2
INC_7,DEV_67,0
INC_7,DEV_68,0
INC_7,DEV_69,0
INC_7,DEV_70,0
INC_7,DEV_71,0
INC_7,DEV_72,0
INC_7,DEV_73,0
INC_7,DEV_74,0
INC_7,DEV_75,0
INC_7,DEV_76,0
INC_7,DEV_77,0
INC_7,DEV_78,0
INC_7,DEV_79,0
INC_8,DEV_0,1
INC_8,DEV_1,0
INC_8,DEV_2,1
INC_8,DEV_3,1
INC_8,DEV_4,1
INC_8,DEV_5,2
INC_8,DEV_6,0
INC_8,DEV_7,1
INC_8,DEV_8,0
INC_8,DEV_9,1
INC_8,DEV_10,0
INC_8,DEV_11,1
INC_8,DEV_12,0
INC_8,DEV_13,0
INC_8,DEV_14,0
INC_8,DEV_15,1
INC_8,DEV_16,0
INC_8,DEV_17,0
INC_8,DEV_18,1
INC_8,DEV_19,1
INC_8,DEV_20,0
INC_8,DEV_21,1
INC_8,DEV_22,1
INC_8,DEV_23,0
INC_8,DEV_24,0
INC_8,DEV_25,0
INC_8,DEV_26,0
INC_8,DEV_27,1
INC_8,DEV_28,0
INC_8,DEV_29,0
INC_8,DEV_30,0
INC_8,DEV_31,1
INC_8,DEV_32,1
INC_8,DEV_33,1
INC_8,DEV_34,1
INC_8,DEV_35,1
INC_8,DEV_36,0
INC_8,DEV_37,0
INC_8,DEV_38,1
INC_8,DEV_39,0
INC_8,DEV_40,0
INC_8,DEV_41,0
INC_8,DEV_42,1
INC_8,DEV_43,0
INC_8,DEV_44,1
INC_8,DEV_45,1
INC_8,DEV_46,0
INC_8,DEV_47,0
INC_8,DEV_48,0
INC_8,DEV_49,0
INC_8,DEV_50,0
INC_8,DEV_51,0
INC_8,DEV_52,0
INC_8,DEV_53,0
INC_8,DEV_54,0
INC_8,DEV_55,0
INC_8,DEV_56,0
INC_8,DEV_57,1
INC_8,DEV_58,0
INC_8,DEV_59,0
INC_8,DEV_60,0
INC_8,DEV_61,0
INC_8,DEV_62,1
INC_8,DEV_63,1
INC_8,DEV_64,1
INC_8,DEV_65,1
INC_8,DEV_66,0
INC_8,DEV_67,1
INC_8,DEV_68,0
INC_8,DEV_69,0
INC_8,DEV_70,1
INC_8,DEV_71,1
INC_8,DEV_72,0
INC_8,DEV_73,1
INC_8,DEV_74,0
INC_8,DEV_75,0
INC_8,DEV_76,0
INC_8,DEV_77,1
INC_8,DEV_78,0
INC_8,DEV_79,0
INC_9,DEV_0,0
INC_9,DEV_1,0
INC_9,DEV_2,0
INC_9,DEV_3,0
INC_9,DEV_4,0
INC_9,DEV_5,0
INC_9,DEV_6,0
INC_9,DEV_7,0
INC_9,DEV_8,0
INC_9,DEV_9,0
INC_9,DEV_10,0
INC_9,DEV_11,0
INC_9,DEV_12,0
INC_9,DEV_13,0
INC_9,DEV_14,0
INC_9,DEV_15,0
INC_9,DEV_16,0
INC_9,DEV_17,0
INC_9,DEV_18,0
INC_9,DEV_19,0
INC_9,DEV_20,0
INC_9,DEV_21,0
INC_9,DEV_22,0
INC_9,DEV_23,0
INC_9,DEV_24,0
INC_9,DEV_25,0
INC_9,DEV_26,0
INC_9,DEV_27,0
INC_9,DEV_28,0
INC_9,DEV_29,0
INC_9,DEV_30,0
INC_9,DEV_31,1
INC_9,DEV_32,2
INC_9,DEV_33,0
INC_9,DEV_34,0
INC_9,DEV_35,0
INC_9,DEV_36,0
INC_9,DEV_37,0
INC_9,DEV_38,0
INC_9,DEV_39,0
INC_9,DEV_40,0
INC_9,DEV_41,0
INC_9,DEV_42,0
INC_9,DEV_43,0
INC_9,DEV_44,0
INC_9,DEV_45,1
INC_9,DEV_46,0
INC_9,DEV_47,0
INC_9,DEV_48,0
INC_9,DEV_49,0
INC_9,DEV_50,0
INC_9,DEV_51,0
INC_9,DEV_52,0
INC_9,DEV_53,0
INC_9,DEV_54,0
INC_9,DEV_55,0
INC_9,DEV_56,0
INC_9,DEV_57,0
INC_9,DEV_58,0
INC_9,DEV_59,0
INC_9,DEV_60,0
INC_9,DEV_61,0
INC_9,DEV_62,0
INC_9,DEV_63,0
INC_9,DEV_64,0
INC_9,DEV_65,0
INC_9,DEV_66,0
INC_9,DEV_67,0
INC_9,DEV_68,0
INC_9,DEV_69,0
INC_9,DEV_70,0
INC_9,DEV_71,0
INC_9,DEV_72,0
INC_9,DEV_73,0
INC_9,DEV_74,0
INC_9,DEV_75,0
INC_9,DEV_76,0
INC_9,DEV_77,0
INC_9,DEV_78,0
INC_9,DEV_79,0
INC_10,DEV_0,1
INC_10,DEV_1,0
INC_10,DEV_2,1
INC_10,DEV_3,1
INC_10,DEV_4,0
INC_10,DEV_5,0
INC_10,DEV_6,0
INC_10,DEV_7,1
INC_10,DEV_8,0
INC_10,DEV_9,1
INC_10,DEV_10,0
INC_10,DEV_11,1
INC_10,DEV_12,0
INC_10,DEV_13,2
INC_10,DEV_14,0
INC_10,DEV_15,1
INC_10,DEV_16,1
INC_10,DEV_17,0
INC_10,DEV_18,1
INC_10,DEV_19,1
INC_10,DEV_20,1
INC_10,DEV_21,1
INC_10,DEV_22,1
INC_10,DEV_23,0
INC_10,DEV_24,0
INC_10,DEV_25,0
INC_10,DEV_26,0
INC_10,DEV_27,1
INC_10,DEV_28,0
INC_10,DEV_29,0
INC_10,DEV_30,0
INC_10,DEV_31,1
INC_10,DEV_32,1
INC_10,DEV_33,1
INC_10,DEV_34,1
INC_10,DEV_35,1
INC_10,DEV_36,0
INC_10,DEV_37,0
INC_10,DEV_38,0
INC_10,DEV_39,1
INC_10,DEV_40,1
INC_10,DEV_41,0
INC_10,DEV_42,1
INC_10,DEV_43,0
INC_10,DEV_44,1
INC_10,DEV_45,1
INC_10,DEV_46,0
INC_10,DEV_47,0
INC_10,DEV_48,0
INC_10,DEV_49,0
INC_10,DEV_50,1
INC_10,DEV_51,0
INC_10,DEV_52,0
INC_10,DEV_53,0
INC_10,DEV_54,0
INC_10,DEV_55,0
INC_10,DEV_56,0
INC_10,DEV_57,1
INC_10,DEV_58,0
INC_10,DEV_59,0
INC_10,DEV_60,0
INC_10,DEV_61,0
INC_10,DEV_62,0
INC_10,DEV_63,1
INC_10,DEV_64,1
INC_10,DEV_65,0
INC_10,DEV_66,0
INC_10,DEV_67,0
INC_10,DEV_68,0
INC_10,DEV_69,0
INC_10,DEV_70,1
INC_10,DEV_71,0
INC_10,DEV_72,0
INC_10,DEV_73,0
INC_10,DEV_74,0
INC_10,DEV_75,0
INC_10,DEV_76,0
INC_10,DEV_77,1
INC_10,DEV_78,0
INC_10,DEV_79,0
INC_11,DEV_0,0
INC_11,DEV_1,0
INC_11,DEV_2,0
INC_11,DEV_3,1
INC_11,DEV_4,0
INC_11,DEV_5,0
INC_11,DEV_6,0
INC_11,DEV_7,0
INC_11,DEV_8,0
INC_11,DEV_9,0
INC_11,DEV_10,0
INC_11,DEV_11,1
INC_11,DEV_12,0
INC_11,DEV_13,0
INC_11,DEV_14,0
INC_11,DEV_15,0
INC_11,DEV_16,0
INC_11,DEV_17,0
INC_11,DEV_18,1
INC_11,DEV_19,1
INC_11,DEV_20,1
INC_11,DEV_21,1
INC_11,DEV_22,1
INC_11,DEV_23,2
INC_11,DEV_24,0
INC_11,DEV_25,0
INC_11,DEV_26,0
INC_11,DEV_27,0
INC_11,DEV_28,1
INC_11,DEV_29,0
INC_11,DEV_30,0
INC_11,DEV_31,1
INC_11,DEV_32,1
INC_11,DEV_33,1
INC_11,DEV_34,0
INC_11,DEV_35,1
INC_11,DEV_36,0
INC_11,DEV_37,0
INC_11,DEV_38,0
INC_11,DEV_39,1
INC_11,DEV_40,0
INC_11,DEV_41,0
INC_11,DEV_42,1
INC_11,DEV_43,0
INC_11,DEV_44,1
INC_11,DEV_45,1
INC_11,DEV_46,0
INC_11,DEV_47,0
INC_11,DEV_48,0
INC_11,DEV_49,0
INC_11,DEV_50,0
INC_11,DEV_51,0
INC_11,DEV_52,0
INC_11,DEV_53,0
INC_11,DEV_54,0
INC_11,DEV_55,0
INC_11,DEV_56,0
INC_11,DEV_57,0
INC_11,DEV_58,0
INC_11,DEV_59,1
INC_11,DEV_60,0
INC_11,DEV_61,0
INC_11,DEV_62,0
INC_11,DEV_63,0
INC_11,DEV_64,0
INC_11,DEV_65,0
INC_11,DEV_66,0
INC_11,DEV_67,0
INC_11,DEV_68,0
INC_11,DEV_69,0
INC_11,DEV_70,1
INC_11,DEV_71,0
INC_11,DEV_72,1
INC_11,DEV_73,0
INC_11,DEV_74,0
INC_11,DEV_75,0
INC_11,DEV_76,0
INC_11,DEV_77,0
INC_11,DEV_78,0
INC_11,DEV_79,0
INC_12,DEV_0,0
INC_12,DEV_1,0
INC_12,DEV_2,0
INC_12,DEV_3,0
INC_12,DEV_4,0
INC_12,DEV_5,0
INC_12,DEV_6,0
INC_12,DEV_7,0
INC_12,DEV_8,0
INC_12,DEV_9,0
INC_12,DEV_10,0
INC_12,DEV_11,0
INC_12,DEV_12,0
INC_12,DEV_13,0
INC_12,DEV_14,0
INC_12,DEV_15,1
INC_12,DEV_16,0
INC_12,DEV_17,0
INC_12,DEV_18,0
INC_12,DEV_19,1
INC_12,DEV_20,1
INC_12,DEV_21,0
INC_12,DEV_22,0
INC_12,DEV_23,0
INC_12,DEV_24,0
INC_12,DEV_25,1
INC_12,DEV_26,0
INC_12,DEV_27,0
INC_12,DEV_28,0
INC_12,DEV_29,0
INC_12,DEV_30,0
INC_12,DEV_31,1
INC_12,DEV_32,0
INC_12,DEV_33,0
INC_12,DEV_34,1
INC_12,DEV_35,0
INC_12,DEV_36,0
INC_12,DEV_37,0
INC_12,DEV_38,0
INC_12,DEV_39,1
INC_12,DEV_40,0
INC_12,DEV_41,0
INC_12,DEV_42,0
INC_12,DEV_43,0
INC_12,DEV_44,0
INC_12,DEV_45,1
INC_12,DEV_46,1
INC_12,DEV_47,0
INC_12,DEV_48,0
INC_12,DEV_49,0
INC_12,DEV_50,1
INC_12,DEV_51,0
INC_12,DEV_52,0
INC_12,DEV_53,0
INC_12,DEV_54,0
INC_12,DEV_55,0
INC_12,DEV_56,2
INC_12,DEV_57,0
INC_12,DEV_58,0
INC_12,DEV_59,0
INC_12,DEV_60,0
INC_12,DEV_61,0
INC_12,DEV_62,0
INC_12,DEV_63,0
INC_12,DEV_64,1
INC_12,DEV_65,0
INC_12,DEV_66,1
INC_12,DEV_67,0
INC_12,DEV_68,0
INC_12,DEV_69,0
INC_12,DEV_70,0
INC_12,DEV_71,0
INC_12,DEV_72,0
INC_12,DEV_73,0
INC_12,DEV_74,0
INC_12,DEV_75,0
INC_12,DEV_76,0
INC_12,DEV_77,1
INC_12,DEV_78,0
INC_12,DEV_79,0
INC_13,DEV_0,0
INC_13,DEV_1,0
INC_13,DEV_2,0
INC_13,DEV_3,0
INC_13,DEV_4,0
INC_13,DEV_5,0
INC_13,DEV_6,0
INC_13,DEV_7,0
INC_13,DEV_8,0
INC_13,DEV_9,0
INC_13,DEV_10,0
INC_13,DEV_11,0
INC_13,DEV_12,0
INC_13,DEV_13,0
INC_13,DEV_14,0
INC_13,DEV_15,0
INC_13,DEV_16,0
INC_13,DEV_17,0
INC_13,DEV_18,0
INC_13,DEV_19,0
INC_13,DEV_20,0
INC_13,DEV_21,0
INC_13,DEV_22,1
INC_13,DEV_23,0
INC_13,DEV_24,0
INC_13,DEV_25,0
INC_13,DEV_26,0
INC_13,DEV_27,0
INC_13,DEV_28,0
INC_13,DEV_29,0
INC_13,DEV_30,0
INC_13,DEV_31,0
INC_13,DEV_32,0
INC_13,DEV_33,0
INC_13,DEV_34,0
INC_13,DEV_35,0
INC_13,DEV_36,0
INC_13,DEV_37,0
INC_13,DEV_38,0
INC_13,DEV_39,0
INC_13,DEV_40,0
INC_13,DEV_41,0
INC_13,DEV_42,1
INC_13,DEV_43,0
INC_13,DEV_44,1
INC_13,DEV_45,0
INC_13,DEV_46,0
INC_13,DEV_47,0
INC_13,DEV_48,0
INC_13,DEV_49,0
INC_13,DEV_50,0
INC_13,DEV_51,0
INC_13,DEV_52,0
INC_13,DEV_53,0
INC_13,DEV_54,0
INC_13,DEV_55,2
INC_13,DEV_56,0
INC_13,DEV_57,0
INC_13,DEV_58,0
INC_13,DEV_59,0
INC_13,DEV_60,0
INC_13,DEV_61,0
INC_13,DEV_62,0
INC_13,DEV_63,0
INC_13,DEV_64,0
INC_13,DEV_65,0
INC_13,DEV_66,0
INC_13,DEV_67,0
INC_13,DEV_68,0
INC_13,DEV_69,0
INC_13,DEV_70,0
INC_13,DEV_71,0
INC_13,DEV_72,0
INC_13,DEV_73,0
INC_13,DEV_74,0
INC_13,DEV_75,0
INC_13,DEV_76,0
INC_13,DEV_77,0
INC_13,DEV_78,0
INC_13,DEV_79,0
INC_14,DEV_0,0
INC_14,DEV_1,0
INC_14,DEV_2,0
INC_14,DEV_3,0
INC_14,DEV_4,0
INC_14,DEV_5,0
INC_14,DEV_6,0
INC_14,DEV_7,0
INC_14,DEV_8,0
INC_14,DEV_9,0
INC_14,DEV_10,0
INC_14,DEV_11,0
INC_14,DEV_12,0
INC_14,DEV_13,0
INC_14,DEV_14,0
INC_14,DEV_15,0
INC_14,DEV_16,0
INC_14,DEV_17,0
INC_14,DEV_18,0
INC_14,DEV_19,0
INC_14,DEV_20,0
INC_14,DEV_21,0
INC_14,DEV_22,0
INC_14,DEV_23,0
INC_14,DEV_24,0
INC_14,DEV_25,0
INC_14,DEV_26,0
INC_14,DEV_27,0
INC_14,DEV_28,0
INC_14,DEV_29,0
INC_14,DEV_30,0
INC_14,DEV_31,0
INC_14,DEV_32,0
INC_14,DEV_33,2
INC_14,DEV_34,0
INC_14,DEV_35,0
INC_14,DEV_36,0
INC_14,DEV_37,0
INC_14,DEV_38,0
INC_14,DEV_39,0
INC_14,DEV_40,0
INC_14,DEV_41,0
INC_14,DEV_42,1
INC_14,DEV_43,0
INC_14,DEV_44,1
INC_14,DEV_45,1
INC_14,DEV_46,0
INC_14,DEV_47,0
INC_14,DEV_48,0
INC_14,DEV_49,0
INC_14,DEV_50,0
INC_14,DEV_51,0
INC_14,DEV_52,0
INC_14,DEV_53,0
INC_14,DEV_54,0
INC_14,DEV_55,0
INC_14,DEV_56,0
INC_14,DEV_57,0
INC_14,DEV_58,0
INC_14,DEV_59,0
INC_14,DEV_60,0
INC_14,DEV_61,0
INC_14,DEV_62,0
INC_14,DEV_63,0
INC_14,DEV_64,0
INC_14,DEV_65,0
INC_14,DEV_66,0
INC_14,DEV_67,0
INC_14,DEV_68,0
INC_14,DEV_69,0
INC_14,DEV_70,0
INC_14,DEV_71,0
INC_14,DEV_72,0
INC_14,DEV_73,0
INC_14,DEV_74,0
INC_14,DEV_75,0
INC_14,DEV_76,0
INC_14,DEV_77,0
INC_14,DEV_78,0
INC_14,DEV_79,0
INC_15,DEV_0,0
INC_15,DEV_1,0
INC_15,DEV_2,0
INC_15,DEV_3,0
INC_15,DEV_4,0
INC_15,DEV_5,0
INC_15,DEV_6,0
INC_15,DEV_7,0
INC_15,DEV_8,0
INC_15,DEV_9,0
INC_15,DEV_10,0
INC_15,DEV_11,0
INC_15,DEV_12,0
INC_15,DEV_13,0
INC_15,DEV_14,0
INC_15,DEV_15,1
INC_15,DEV_16,0
INC_15,DEV_17,0
INC_15,DEV_18,0
INC_15,DEV_19,1
INC_15,DEV_20,0
INC_15,DEV_21,0
INC_15,DEV_22,0
INC_15,DEV_23,0
INC_15,DEV_24,0
INC_15,DEV_25,1
INC_15,DEV_26,0
INC_15,DEV_27,0
INC_15,DEV_28,0
INC_15,DEV_29,0
INC_15,DEV_30,0
INC_15,DEV_31,0
INC_15,DEV_32,0
INC_15,DEV_33,0
INC_15,DEV_34,0
INC_15,DEV_35,0
INC_15,DEV_36,0
INC_15,DEV_37,0
INC_15,DEV_38,0
INC_15,DEV_39,0
INC_15,DEV_40,0
INC_15,DEV_41,0
INC_15,DEV_42,0
INC_15,DEV_43,0
INC_15,DEV_44,0
INC_15,DEV_45,0
INC_15,DEV_46,2
INC_15,DEV_47,0
INC_15,DEV_48,0
INC_15,DEV_49,0
INC_15,DEV_50,0
INC_15,DEV_51,0
INC_15,DEV_52,0
INC_15,DEV_53,0
INC_15,DEV_54,0
INC_15,DEV_55,0
INC_15,DEV_56,0
INC_15,DEV_57,0
INC_15,DEV_58,0
INC_15,DEV_59,0
INC_15,DEV_60,0
INC_15,DEV_61,0
INC_15,DEV_62,0
INC_15,DEV_63,0
INC_15,DEV_64,0
INC_15,DEV_65,0
INC_15,DEV_66,1
INC_15,DEV_67,0
INC_15,DEV_68,0
INC_15,DEV_69,0
INC_15,DEV_70,0
INC_15,DEV_71,0
INC_15,DEV_72,0
INC_15,DEV_73,0
INC_15,DEV_74,0
INC_15,DEV_75,0
INC_15,DEV_76,0
INC_15,DEV_77,0
INC_15,DEV_78,0
INC_15,DEV_79,0
INC_16,DEV_0,0
INC_16,DEV_1,0
INC_16,DEV_2,0
INC_16,DEV_3,0
INC_16,DEV_4,2
INC_16,DEV_5,0
INC_16,DEV_6,0
INC_16,DEV_7,0
INC_16,DEV_8,0
INC_16,DEV_9,0
INC_16,DEV_10,0
INC_16,DEV_11,0
INC_16,DEV_12,0
INC_16,DEV_13,0
INC_16,DEV_14,0
INC_16,DEV_15,0
INC_16,DEV_16,0
INC_16,DEV_17,0
INC_16,DEV_18,0
INC_16,DEV_19,0
INC_16,DEV_20,0
INC_16,DEV_21,0
INC_16,DEV_22,0
INC_16,DEV_23,0
INC_16,DEV_24,0
INC_16,DEV_25,0
INC_16,DEV_26,0
INC_16,DEV_27,0
INC_16,DEV_28,0
INC_16,DEV_29,0
INC_16,DEV_30,0
INC_16,DEV_31,0
INC_16,DEV_32,0
INC_16,DEV_33,0
INC_16,DEV_34,0
INC_16,DEV_35,0
INC_16,DEV_36,0
INC_16,DEV_37,0
INC_16,DEV_38,0
INC_16,DEV_39,0
INC_16,DEV_40,0
INC_16,DEV_41,0
INC_16,DEV_42,0
INC_16,DEV_43,0
INC_16,DEV_44,0
INC_16,DEV_45,0
INC_16,DEV_46,0
INC_16,DEV_47,0
INC_16,DEV_48,0
INC_16,DEV_49,0
INC_16,DEV_50,0
INC_16,DEV_51,0
INC_16,DEV_52,0
INC_16,DEV_53,0
INC_16,DEV_54,0
INC_16,DEV_55,0
INC_16,DEV_56,0
INC_16,DEV_57,0
INC_16,DEV_58,0
INC_16,DEV_59,0
INC_16,DEV_60,0
INC_16,DEV_61,0
INC_16,DEV_62,0
INC_16,DEV_63,0
INC_16,DEV_64,1
INC_16,DEV_65,0
INC_16,DEV_66,0
INC_16,DEV_67,0
INC_16,DEV_68,0
INC_16,DEV_69,0
INC_16,DEV_70,0
INC_16,DEV_71,0
INC_16,DEV_72,0
INC_16,DEV_73,0
INC_16,DEV_74,0
INC_16,DEV_75,0
INC_16,DEV_76,0
INC_16,DEV_77,0
INC_16,DEV_78,0
INC_16,DEV_79,0
INC_17,DEV_0,0
INC_17,DEV_1,0
INC_17,DEV_2,0
INC_17,DEV_3,0
INC_17,DEV_4,0
INC_17,DEV_5,0
INC_17,DEV_6,0
INC_17,DEV_7,0
INC_17,DEV_8,0
INC_17,DEV_9,0
INC_17,DEV_10,0
INC_17,DEV_11,2
INC_17,DEV_12,0
INC_17,DEV_13,0
INC_17,DEV_14,0
INC_17,DEV_15,0
INC_17,DEV_16,0
INC_17,DEV_17,0
INC_17,DEV_18,0
INC_17,DEV_19,0
INC_17,DEV_20,0
INC_17,DEV_21,0
INC_17,DEV_22,0
INC_17,DEV_23,0
INC_17,DEV_24,0
INC_17,DEV_25,0
INC_17,DEV_26,0
INC_17,DEV_27,0
INC_17,DEV_28,0
INC_17,DEV_29,0
INC_17,DEV_30,0
INC_17,DEV_31,0
INC_17,DEV_32,0
INC_17,DEV_33,0
INC_17,DEV_34,0
INC_17,DEV_35,0
INC_17,DEV_36,0
INC_17,DEV_37,0
INC_17,DEV_38,0
INC_17,DEV_39,0
INC_17,DEV_40,0
INC_17,DEV_41,0
INC_17,DEV_42,1
INC_17,DEV_43,0
INC_17,DEV_44,1
INC_17,DEV_45,0
INC_17,DEV_46,0
INC_17,DEV_47,0
INC_17,DEV_48,0
INC_17,DEV_49,0
INC_17,DEV_50,0
INC_17,DEV_51,0
INC_17,DEV_52,0
INC_17,DEV_53,0
INC_17,DEV_54,0
INC_17,DEV_55,0
INC_17,DEV_56,0
INC_17,DEV_57,0
INC_17,DEV_58,0
INC_17,DEV_59,0
INC_17,DEV_60,0
INC_17,DEV_61,0
INC_17,DEV_62,0
INC_17,DEV_63,0
INC_17,DEV_64,0
INC_17,DEV_65,0
INC_17,DEV_66,0
INC_17,DEV_67,0
INC_17,DEV_68,0
INC_17,DEV_69,0
INC_17,DEV_70,0
INC_17,DEV_71,0
INC_17,DEV_72,0
INC_17,DEV_73,0
INC_17,DEV_74,0
INC_17,DEV_75,0
INC_17,DEV_76,0
INC_17,DEV_77,0
INC_17,DEV_78,0
INC_17,DEV_79,0
INC_18,DEV_0,2
INC_18,DEV_1,0
INC_18,DEV_2,0
INC_18,DEV_3,1
INC_18,DEV_4,0
INC_18,DEV_5,0
INC_18,DEV_6,0
INC_18,DEV_7,0
INC_18,DEV_8,0
INC_18,DEV_9,0
INC_18,DEV_10,0
INC_18,DEV_11,0
INC_18,DEV_12,0
INC_18,DEV_13,0
INC_18,DEV_14,0
INC_18,DEV_15,0
INC_18,DEV_16,0
INC_18,DEV_17,0
INC_18,DEV_18,0
INC_18,DEV_19,1
INC_18,DEV_20,0
INC_18,DEV_21,0
INC_18,DEV_22,1
INC_18,DEV_23,0
INC_18,DEV_24,0
INC_18,DEV_25,0
INC_18,DEV_26,0
INC_18,DEV_27,0
INC_18,DEV_28,0
INC_18,DEV_29,0
INC_18,DEV_30,0
INC_18,DEV_31,0
INC_18,DEV_32,0
INC_18,DEV_33,1
INC_18,DEV_34,1
INC_18,DEV_35,0
INC_18,DEV_36,0
INC_18,DEV_37,0
INC_18,DEV_38,0
INC_18,DEV_39,0
INC_18,DEV_40,0
INC_18,DEV_41,0
INC_18,DEV_42,1
INC_18,DEV_43,0
INC_18,DEV_44,1
INC_18,DEV_45,1
INC_18,DEV_46,0
INC_18,DEV_47,0
INC_18,DEV_48,0
INC_18,DEV_49,0
INC_18,DEV_50,0
INC_18,DEV_51,0
INC_18,DEV_52,0
INC_18,DEV_53,0
INC_18,DEV_54,0
INC_18,DEV_55,0
INC_18,DEV_56,0
INC_18,DEV_57,0
INC_18,DEV_58,0
INC_18,DEV_59,0
INC_18,DEV_60,0
INC_18,DEV_61,0
INC_18,DEV_62,0
INC_18,DEV_63,0
INC_18,DEV_64,1
INC_18,DEV_65,0
INC_18,DEV_66,0
INC_18,DEV_67,0
INC_18,DEV_68,0
INC_18,DEV_69,0
INC_18,DEV_70,0
INC_18,DEV_71,0
INC_18,DEV_72,0
INC_18,DEV_73,0
INC_18,DEV_74,0
INC_18,DEV_75,0
INC_18,DEV_76,0
INC_18,DEV_77,1
INC_18,DEV_78,0
INC_18,DEV_79,0
INC_19,DEV_0,0
INC_19,DEV_1,0
INC_19,DEV_2,0
INC_19,DEV_3,0
INC_19,DEV_4,0
INC_19,DEV_5,0
INC_19,DEV_6,0
INC_19,DEV_7,0
INC_19,DEV_8,0
INC_19,DEV_9,0
INC_19,DEV_10,0
INC_19,DEV_11,0
INC_19,DEV_12,0
INC_19,DEV_13,0
INC_19,DEV_14,0
INC_19,DEV_15,0
INC_19,DEV_16,0
INC_19,DEV_17,0
INC_19,DEV_18,0
INC_19,DEV_19,0
INC_19,DEV_20,0
INC_19,DEV_21,0
INC_19,DEV_22,2
INC_19,DEV_23,0
INC_19,DEV_24,0
INC_19,DEV_25,0
INC_19,DEV_26,0
INC_19,DEV_27,0
INC_19,DEV_28,0
INC_19,DEV_29,0
INC_19,DEV_30,0
INC_19,DEV_31,0
INC_19,DEV_32,0
INC_19,DEV_33,0
INC_19,DEV_34,0
INC_19,DEV_35,0
INC_19,DEV_36,0
INC_19,DEV_37,0
INC_19,DEV_38,0
INC_19,DEV_39,0
INC_19,DEV_40,0
INC_19,DEV_41,0
INC_19,DEV_42,0
INC_19,DEV_43,0
INC_19,DEV_44,0
INC_19,DEV_45,0
INC_19,DEV_46,0
INC_19,DEV_47,0
INC_19,DEV_48,0
INC_19,DEV_49,0
INC_19,DEV_50,0
INC_19,DEV_51,0
INC_19,DEV_52,0
INC_19,DEV_53,0
INC_19,DEV_54,0
INC_19,DEV_55,0
INC_19,DEV_56,0
INC_19,DEV_57,0
INC_19,DEV_58,0
INC_19,DEV_59,0
INC_19,DEV_60,0
INC_19,DEV_61,0
INC_19,DEV_62,0
INC_19,DEV_63,0
INC_19,DEV_64,0
INC_19,DEV_65,0
INC_19,DEV_66,0
INC_19,DEV_67,0
INC_19,DEV_68,0
INC_19,DEV_69,0
INC_19,DEV_70,0
INC_19,DEV_71,0
INC_19,DEV_72,0
INC_19,DEV_73,0
INC_19,DEV_74,0
INC_19,DEV_75,0
INC_19,DEV_76,0
INC_19,DEV_77,0
INC_19,DEV_78,0
INC_19,DEV_79,0
INC_20,DEV_0,0
INC_20,DEV_1,0
INC_20,DEV_2,0
INC_20,DEV_3,0
INC_20,DEV_4,0
INC_20,DEV_5,0
INC_20,DEV_6,0
INC_20,DEV_7,0
INC_20,DEV_8,0
INC_20,DEV_9,0
INC_20,DEV_10,0
INC_20,DEV_11,0
INC_20,DEV_12,0
INC_20,DEV_13,0
INC_20,DEV_14,0
INC_20,DEV_15,0
INC_20,DEV_16,0
INC_20,DEV_17,0
INC_20,DEV_18,1
INC_20,DEV_19,0
INC_20,DEV_20,0
INC_20,DEV_21,0
INC_20,DEV_22,0
INC_20,DEV_23,0
INC_20,DEV_24,0
INC_20,DEV_25,0
INC_20,DEV_26,0
INC_20,DEV_27,0
INC_20,DEV_28,0
INC_20,DEV_29,0
INC_20,DEV_30,0
INC_20,DEV_31,0
INC_20,DEV_32,0
INC_20,DEV_33,0
INC_20,DEV_34,0
INC_20,DEV_35,0
INC_20,DEV_36,0
INC_20,DEV_37,0
INC_20,DEV_38,0
INC_20,DEV_39,0
INC_20,DEV_40,0
INC_20,DEV_41,0
INC_20,DEV_42,0
INC_20,DEV_43,0
INC_20,DEV_44,1
INC_20,DEV_45,0
INC_20,DEV_46,0
INC_20,DEV_47,0
INC_20,DEV_48,0
INC_20,DEV_49,0
INC_20,DEV_50,0
INC_20,DEV_51,0
INC_20,DEV_52,0
INC_20,DEV_53,0
INC_20,DEV_54,0
INC_20,DEV_55,0
INC_20,DEV_56,0
INC_20,DEV_57,0
INC_20,DEV_58,0
INC_20,DEV_59,0
INC_20,DEV_60,0
INC_20,DEV_61,0
INC_20,DEV_62,0
INC_20,DEV_63,0
INC_20,DEV_64,0
INC_20,DEV_65,0
INC_20,DEV_66,0
INC_20,DEV_67,0
INC_20,DEV_68,0
INC_20,DEV_69,0
INC_20,DEV_70,0
INC_20,DEV_71,0
INC_20,DEV_72,0
INC_20,DEV_73,2
INC_20,DEV_74,0
INC_20,DEV_75,0
INC_20,DEV_76,0
INC_20,DEV_77,1
INC_20,DEV_78,0
INC_20,DEV_79,0
INC_21,DEV_0,0
INC_21,DEV_1,0
INC_21,DEV_2,0
INC_21,DEV_3,0
INC_21,DEV_4,1
INC_21,DEV_5,0
INC_21,DEV_6,0
INC_21,DEV_7,1
INC_21,DEV_8,0
INC_21,DEV_9,1
INC_21,DEV_10,0
INC_21,DEV_11,1
INC_21,DEV_12,0
INC_21,DEV_13,0
INC_21,DEV_14,0
INC_21,DEV_15,1
INC_21,DEV_16,0
INC_21,DEV_17,0
INC_21,DEV_18,1
INC_21,DEV_19,1
INC_21,DEV_20,1
INC_21,DEV_21,1
INC_21,DEV_22,1
INC_21,DEV_23,0
INC_21,DEV_24,0
INC_21,DEV_25,0
INC_21,DEV_26,0
INC_21,DEV_27,1
INC_21,DEV_28,1
INC_21,DEV_29,0
INC_21,DEV_30,0
INC_21,DEV_31,1
INC_21,DEV_32,1
INC_21,DEV_33,1
INC_21,DEV_34,1
INC_21,DEV_35,1
INC_21,DEV_36,0
INC_21,DEV_37,0
INC_21,DEV_38,0
INC_21,DEV_39,1
INC_21,DEV_40,1
INC_21,DEV_41,0
INC_21,DEV_42,1
INC_21,DEV_43,0
INC_21,DEV_44,1
INC_21,DEV_45,1
INC_21,DEV_46,0
INC_21,DEV_47,0
INC_21,DEV_48,0
INC_21,DEV_49,0
INC_21,DEV_50,1
INC_21,DEV_51,0
INC_21,DEV_52,0
INC_21,DEV_53,0
INC_21,DEV_54,0
INC_21,DEV_55,0
INC_21,DEV_56,0
INC_21,DEV_57,1
INC_21,DEV_58,0
INC_21,DEV_59,0
INC_21,DEV_60,1
INC_21,DEV_61,0
INC_21,DEV_62,1
INC_21,DEV_63,1
INC_21,DEV_64,1
INC_21,DEV_65,1
INC_21,DEV_66,0
INC_21,DEV_67,0
INC_21,DEV_68,0
INC_21,DEV_69,2
INC_21,DEV_70,1
INC_21,DEV_71,0
INC_21,DEV_72,0
INC_21,DEV_73,0
INC_21,DEV_74,1
INC_21,DEV_75,0
INC_21,DEV_76,0
INC_21,DEV_77,1
INC_21,DEV_78,0
INC_21,DEV_79,0
INC_22,DEV_0,0
INC_22,DEV_1,0
INC_22,DEV_2,0
INC_22,DEV_3,0
INC_22,DEV_4,0
INC_22,DEV_5,0
INC_22,DEV_6,0
INC_22,DEV_7,0
INC_22,DEV_8,0
INC_22,DEV_9,0
INC_22,DEV_10,0
INC_22,DEV_11,0
INC_22,DEV_12,0
INC_22,DEV_13,0
INC_22,DEV_14,0
INC_22,DEV_15,0
INC_22,DEV_16,1
INC_22,DEV_17,0
INC_22,DEV_18,0
INC_22,DEV_19,1
INC_22,DEV_20,1
INC_22,DEV_21,0
INC_22,DEV_22,0
INC_22,DEV_23,0
INC_22,DEV_24,0
INC_22,DEV_25,0
INC_22,DEV_26,0
INC_22,DEV_27,0
INC_22,DEV_28,0
INC_22,DEV_29,2
INC_22,DEV_30,0
INC_22,DEV_31,1
INC_22,DEV_32,0
INC_22,DEV_33,0
INC_22,DEV_34,1
INC_22,DEV_35,0
INC_22,DEV_36,0
INC_22,DEV_37,0
INC_22,DEV_38,0
INC_22,DEV_39,1
INC_22,DEV_40,0
INC_22,DEV_41,0
INC_22,DEV_42,0
INC_22,DEV_43,0
INC_22,DEV_44,0
INC_22,DEV_45,1
INC_22,DEV_46,0
INC_22,DEV_47,0
INC_22,DEV_48,0
INC_22,DEV_49,0
INC_22,DEV_50,1
INC_22,DEV_51,0
INC_22,DEV_52,0
INC_22,DEV_53,0
INC_22,DEV_54,0
INC_22,DEV_55,0
INC_22,DEV_56,0
INC_22,DEV_57,0
INC_22,DEV_58,0
INC_22,DEV_59,0
INC_22,DEV_60,0
INC_22,DEV_61,0
INC_22,DEV_62,0
INC_22,DEV_63,0
INC_22,DEV_64,1
INC_22,DEV_65,0
INC_22,DEV_66,0
INC_22,DEV_67,0
INC_22,DEV_68,0
INC_22,DEV_69,0
INC_22,DEV_70,0
INC_22,DEV_71,0
INC_22,DEV_72,0
INC_22,DEV_73,0
INC_22,DEV_74,0
INC_22,DEV_75,0
INC_22,DEV_76,0
INC_22,DEV_77,1
INC_22,DEV_78,0
INC_22,DEV_79,0
INC_23,DEV_0,0
INC_23,DEV_1,0
INC_23,DEV_2,0
INC_23,DEV_3,0
INC_23,DEV_4,0
INC_23,DEV_5,0
INC_23,DEV_6,0
INC_23,DEV_7,0
INC_23,DEV_8,0
INC_23,DEV_9,0
INC_23,DEV_10,0
INC_23,DEV_11,0
INC_23,DEV_12,0
INC_23,DEV_13,0
INC_23,DEV_14,0
INC_23,DEV_15,0
INC_23,DEV_16,0
INC_23,DEV_17,0
INC_23,DEV_18,0
INC_23,DEV_19,0
INC_23,DEV_20,0
INC_23,DEV_21,0
INC_23,DEV_22,0
INC_23,DEV_23,0
INC_23,DEV_24,0
INC_23,DEV_25,0
INC_23,DEV_26,0
INC_23,DEV_27,0
INC_23,DEV_28,0
INC_23,DEV_29,0
INC_23,DEV_30,0
INC_23,DEV_31,1
INC_23,DEV_32,2
INC_23,DEV_33,0
INC_23,DEV_34,0
INC_23,DEV_35,0
INC_23,DEV_36,0
INC_23,DEV_37,0
INC_23,DEV_38,0
INC_23,DEV_39,0
INC_23,DEV_40,0
INC_23,DEV_41,0
INC_23,DEV_42,0
INC_23,DEV_43,0
INC_23,DEV_44,0
INC_23,DEV_45,1
INC_23,DEV_46,0
INC_23,DEV_47,0
INC_23,DEV_48,0
INC_23,DEV_49,0
INC_23,DEV_50,0
INC_23,DEV_51,0
INC_23,DEV_52,0
INC_23,DEV_53,0
INC_23,DEV_54,0
INC_23,DEV_55,0
INC_23,DEV_56,0
INC_23,DEV_57,0
INC_23,DEV_58,0
INC_23,DEV_59,0
INC_23,DEV_60,0
INC_23,DEV_61,0
INC_23,DEV_62,0
INC_23,DEV_63,0
INC_23,DEV_64,0
INC_23,DEV_65,0
INC_23,DEV_66,0
INC_23,DEV_67,0
INC_23,DEV_68,0
INC_23,DEV_69,0
INC_23,DEV_70,0
INC_23,DEV_71,0
INC_23,DEV_72,0
INC_23,DEV_73,0
INC_23,DEV_74,0
INC_23,DEV_75,0
INC_23,DEV_76,0
INC_23,DEV_77,0
INC_23,DEV_78,0
INC_23,DEV_79,0
INC_24,DEV_0,0
INC_24,DEV_1,0
INC_24,DEV_2,0
INC_24,DEV_3,1
INC_24,DEV_4,0
INC_24,DEV_5,0
INC_24,DEV_6,0
INC_24,DEV_7,0
INC_24,DEV_8,0
INC_24,DEV_9,0
INC_24,DEV_10,0
INC_24,DEV_11,1
INC_24,DEV_12,0
INC_24,DEV_13,0
INC_24,DEV_14,0
INC_24,DEV_15,0
INC_24,DEV_16,0
INC_24,DEV_17,0
INC_24,DEV_18,0
INC_24,DEV_19,0
INC_24,DEV_20,0
INC_24,DEV_21,0
INC_24,DEV_22,1
INC_24,DEV_23,0
INC_24,DEV_24,0
INC_24,DEV_25,0
INC_24,DEV_26,0
INC_24,DEV_27,0
INC_24,DEV_28,0
INC_24,DEV_29,0
INC_24,DEV_30,0
INC_24,DEV_31,0
INC_24,DEV_32,0
INC_24,DEV_33,1
INC_24,DEV_34,0
INC_24,DEV_35,0
INC_24,DEV_36,0
INC_24,DEV_37,0
INC_24,DEV_38,0
INC_24,DEV_39,0
INC_24,DEV_40,0
INC_24,DEV_41,0
INC_24,DEV_42,1
INC_24,DEV_43,0
INC_24,DEV_44,1
INC_24,DEV_45,1
INC_24,DEV_46,0
INC_24,DEV_47,0
INC_24,DEV_48,0
INC_24,DEV_49,0
INC_24,DEV_50,0
INC_24,DEV_51,0
INC_24,DEV_52,0
INC_24,DEV_53,0
INC_24,DEV_54,0
INC_24,DEV_55,0
INC_24,DEV_56,0
INC_24,DEV_57,0
INC_24,DEV_58,0
INC_24,DEV_59,0
INC_24,DEV_60,0
INC_24,DEV_61,0
INC_24,DEV_62,0
INC_24,DEV_63,0
INC_24,DEV_64,0
INC_24,DEV_65,0
INC_24,DEV_66,0
INC_24,DEV_67,0
INC_24,DEV_68,0
INC_24,DEV_69,0
INC_24,DEV_70,0
INC_24,DEV_71,0
INC_24,DEV_72,2
INC_24,DEV_73,0
INC_24,DEV_74,0
INC_24,DEV_75,0
INC_24,DEV_76,0
INC_24,DEV_77,0
INC_24,DEV_78,0
INC_24,DEV_79,0
INC_25,DEV_0,0
INC_25,DEV_1,0
INC_25,DEV_2,0
INC_25,DEV_3,0
INC_25,DEV_4,0
INC_25,DEV_5,0
INC_25,DEV_6,0
INC_25,DEV_7,1
INC_25,DEV_8,1
INC_25,DEV_9,1
INC_25,DEV_10,0
INC_25,DEV_11,1
INC_25,DEV_12,0
INC_25,DEV_13,0
INC_25,DEV_14,0
INC_25,DEV_15,1
INC_25,DEV_16,0
INC_25,DEV_17,0
INC_25,DEV_18,1
INC_25,DEV_19,1
INC_25,DEV_20,0
INC_25,DEV_21,1
INC_25,DEV_22,1
INC_25,DEV_23,0
INC_25,DEV_24,0
INC_25,DEV_25,0
INC_25,DEV_26,0
INC_25,DEV_27,1
INC_25,DEV_28,0
INC_25,DEV_29,0
INC_25,DEV_30,0
INC_25,DEV_31,1
INC_25,DEV_32,1
INC_25,DEV_33,1
INC_25,DEV_34,0
INC_25,DEV_35,1
INC_25,DEV_36,0
INC_25,DEV_37,0
INC_25,DEV_38,1
INC_25,DEV_39,1
INC_25,DEV_40,1
INC_25,DEV_41,0
INC_25,DEV_42,1
INC_25,DEV_43,0
INC_25,DEV_44,1
INC_25,DEV_45,1
INC_25,DEV_46,0
INC_25,DEV_47,1
INC_25,DEV_48,0
INC_25,DEV_49,0
INC_25,DEV_50,0
INC_25,DEV_51,0
INC_25,DEV_52,0
INC_25,DEV_53,1
INC_25,DEV_54,1
INC_25,DEV_55,0
INC_25,DEV_56,0
INC_25,DEV_57,1
INC_25,DEV_58,1
INC_25,DEV_59,0
INC_25,DEV_60,0
INC_25,DEV_61,2
INC_25,DEV_62,0
INC_25,DEV_63,1
INC_25,DEV_64,1
INC_25,DEV_65,0
INC_25,DEV_66,0
INC_25,DEV_67,0
INC_25,DEV_68,0
INC_25,DEV_69,0
INC_25,DEV_70,1
INC_25,DEV_71,0
INC_25,DEV_72,0
INC_25,DEV_73,0
INC_25,DEV_74,0
INC_25,DEV_75,0
INC_25,DEV_76,0
INC_25,DEV_77,1
INC_25,DEV_78,0
INC_25,DEV_79,0
INC_26,DEV_0,0
INC_26,DEV_1,0
INC_26,DEV_2,0
INC_26,DEV_3,0
INC_26,DEV_4,0
INC_26,DEV_5,0
INC_26,DEV_6,0
INC_26,DEV_7,0
INC_26,DEV_8,0
INC_26,DEV_9,0
INC_26,DEV_10,0
INC_26,DEV_11,0
INC_26,DEV_12,0
INC_26,DEV_13,0
INC_26,DEV_14,0
INC_26,DEV_15,0
INC_26,DEV_16,0
INC_26,DEV_17,0
INC_26,DEV_18,1
INC_26,DEV_19,0
INC_26,DEV_20,0
INC_26,DEV_21,0
INC_26,DEV_22,0
INC_26,DEV_23,0
INC_26,DEV_24,0
INC_26,DEV_25,0
INC_26,DEV_26,0
INC_26,DEV_27,0
INC_26,DEV_28,0
INC_26,DEV_29,0
INC_26,DEV_30,0
INC_26,DEV_31,0
INC_26,DEV_32,0
INC_26,DEV_33,0
INC_26,DEV_34,0
INC_26,DEV_35,0
INC_26,DEV_36,0
INC_26,DEV_37,0
INC_26,DEV_38,0
INC_26,DEV_39,0
INC_26,DEV_40,0
INC_26,DEV_41,0
INC_26,DEV_42,0
INC_26,DEV_43,0
INC_26,DEV_44,1
INC_26,DEV_45,0
INC_26,DEV_46,0
INC_26,DEV_47,0
INC_26,DEV_48,0
INC_26,DEV_49,0
INC_26,DEV_50,0
INC_26,DEV_51,0
INC_26,DEV_52,0
INC_26,DEV_53,0
INC_26,DEV_54,0
INC_26,DEV_55,0
INC_26,DEV_56,0
INC_26,DEV_57,0
INC_26,DEV_58,0
INC_26,DEV_59,0
INC_26,DEV_60,0
INC_26,DEV_61,0
INC_26,DEV_62,0
INC_26,DEV_63,0
INC_26,DEV_64,0
INC_26,DEV_65,0
INC_26,DEV_66,0
INC_26,DEV_67,0
INC_26,DEV_68,0
INC_26,DEV_69,0
INC_26,DEV_70,0
INC_26,DEV_71,0
INC_26,DEV_72,0
INC_26,DEV_73,2
INC_26,DEV_74,0
INC_26,DEV_75,0
INC_26,DEV_76,0
INC_26,DEV_77,1
INC_26,DEV_78,0
INC_26,DEV_79,0
INC_27,DEV_0,0
INC_27,DEV_1,0
INC_27,DEV_2,0
INC_27,DEV_3,0
INC_27,DEV_4,0
INC_27,DEV_5,0
INC_27,DEV_6,0
INC_27,DEV_7,0
INC_27,DEV_8,0
INC_27,DEV_9,1
INC_27,DEV_10,0
INC_27,DEV_11,0
INC_27,DEV_12,0
INC_27,DEV_13,0
INC_27,DEV_14,0
INC_27,DEV_15,0
INC_27,DEV_16,0
INC_27,DEV_17,0
INC_27,DEV_18,0
INC_27,DEV_19,0
INC_27,DEV_20,0
INC_27,DEV_21,0
INC_27,DEV_22,0
INC_27,DEV_23,0
INC_27,DEV_24,0
INC_27,DEV_25,0
INC_27,DEV_26,0
INC_27,DEV_27,0
INC_27,DEV_28,0
INC_27,DEV_29,0
INC_27,DEV_30,0
INC_27,DEV_31,0
INC_27,DEV_32,0
INC_27,DEV_33,0
INC_27,DEV_34,0
INC_27,DEV_35,0
INC_27,DEV_36,0
INC_27,DEV_37,0
INC_27,DEV_38,0
INC_27,DEV_39,0
INC_27,DEV_40,0
INC_27,DEV_41,0
INC_27,DEV_42,0
INC_27,DEV_43,0
INC_27,DEV_44,1
INC_27,DEV_45,0
INC_27,DEV_46,0
INC_27,DEV_47,2
INC_27,DEV_48,0
INC_27,DEV_49,0
INC_27,DEV_50,0
INC_27,DEV_51,0
INC_27,DEV_52,0
INC_27,DEV_53,0
INC_27,DEV_54,0
INC_27,DEV_55,0
INC_27,DEV_56,0
INC_27,DEV_57,0
INC_27,DEV_58,0
INC_27,DEV_59,0
INC_27,DEV_60,0
INC_27,DEV_61,0
INC_27,DEV_62,0
INC_27,DEV_63,0
INC_27,DEV_64,1
INC_27,DEV_65,0
INC_27,DEV_66,0
INC_27,DEV_67,0
INC_27,DEV_68,0
INC_27,DEV_69,0
INC_27,DEV_70,0
INC_27,DEV_71,0
INC_27,DEV_72,0
INC_27,DEV_73,0
INC_27,DEV_74,0
INC_27,DEV_75,0
INC_27,DEV_76,0
INC_27,DEV_77,0
INC_27,DEV_78,0
INC_27,DEV_79,0
INC_28,DEV_0,0
INC_28,DEV_1,0
INC_28,DEV_2,0
INC_28,DEV_3,0
INC_28,DEV_4,1
INC_28,DEV_5,0
INC_28,DEV_6,0
INC_28,DEV_7,0
INC_28,DEV_8,0
INC_28,DEV_9,0
INC_28,DEV_10,0
INC_28,DEV_11,0
INC_28,DEV_12,0
INC_28,DEV_13,0
INC_28,DEV_14,0
INC_28,DEV_15,0
INC_28,DEV_16,0
INC_28,DEV_17,0
INC_28,DEV_18,0
INC_28,DEV_19,1
INC_28,DEV_20,0
INC_28,DEV_21,0
INC_28,DEV_22,0
INC_28,DEV_23,0
INC_28,DEV_24,0
INC_28,DEV_25,0
INC_28,DEV_26,0
INC_28,DEV_27,0
INC_28,DEV_28,0
INC_28,DEV_29,0
INC_28,DEV_30,0
INC_28,DEV_31,1
INC_28,DEV_32,1
INC_28,DEV_33,0
INC_28,DEV_34,1
INC_28,DEV_35,0
INC_28,DEV_36,0
INC_28,DEV_37,0
INC_28,DEV_38,0
INC_28,DEV_39,0
INC_28,DEV_40,0
INC_28,DEV_41,0
INC_28,DEV_42,0
INC_28,DEV_43,0
INC_28,DEV_44,0
INC_28,DEV_45,1
INC_28,DEV_46,0
INC_28,DEV_47,0
INC_28,DEV_48,0
INC_28,DEV_49,0
INC_28,DEV_50,0
INC_28,DEV_51,0
INC_28,DEV_52,0
INC_28,DEV_53,0
INC_28,DEV_54,0
INC_28,DEV_55,0
INC_28,DEV_56,0
INC_28,DEV_57,0
INC_28,DEV_58,0
INC_28,DEV_59,0
INC_28,DEV_60,0
INC_28,DEV_61,0
INC_28,DEV_62,0
INC_28,DEV_63,0
INC_28,DEV_64,1
INC_28,DEV_65,2
INC_28,DEV_66,0
INC_28,DEV_67,0
INC_28,DEV_68,0
INC_28,DEV_69,0
INC_28,DEV_70,0
INC_28,DEV_71,0
INC_28,DEV_72,0
INC_28,DEV_73,0
INC_28,DEV_74,0
INC_28,DEV_75,0
INC_28,DEV_76,0
INC_28,DEV_77,1
INC_28,DEV_78,0
INC_28,DEV_79,0
INC_29,DEV_0,0
INC_29,DEV_1,0
INC_29,DEV_2,0
INC_29,DEV_3,0
INC_29,DEV_4,0
INC_29,DEV_5,0
INC_29,DEV_6,0
INC_29,DEV_7,0
INC_29,DEV_8,0
INC_29,DEV_9,0
INC_29,DEV_10,0
INC_29,DEV_11,0
INC_29,DEV_12,0
INC_29,DEV_13,0
INC_29,DEV_14,0
INC_29,DEV_15,1
INC_29,DEV_16,0
INC_29,DEV_17,0
INC_29,DEV_18,0
INC_29,DEV_19,1
INC_29,DEV_20,1
INC_29,DEV_21,0
INC_29,DEV_22,0
INC_29,DEV_23,0
INC_29,DEV_24,0
INC_29,DEV_25,1
INC_29,DEV_26,0
INC_29,DEV_27,0
INC_29,DEV_28,0
INC_29,DEV_29,0
INC_29,DEV_30,0
INC_29,DEV_31,1
INC_29,DEV_32,0
INC_29,DEV_33,0
INC_29,DEV_34,1
INC_29,DEV_35,0
INC_29,DEV_36,0
INC_29,DEV_37,0
INC_29,DEV_38,0
INC_29,DEV_39,1
INC_29,DEV_40,0
INC_29,DEV_41,0
INC_29,DEV_42,0
INC_29,DEV_43,0
INC_29,DEV_44,0
INC_29,DEV_45,1
INC_29,DEV_46,1
INC_29,DEV_47,0
INC_29,DEV_48,0
INC_29,DEV_49,0
INC_29,DEV_50,1
INC_29,DEV_51,0
INC_29,DEV_52,0
INC_29,DEV_53,0
INC_29,DEV_54,0
INC_29,DEV_55,0
INC_29,DEV_56,2
INC_29,DEV_57,0
INC_29,DEV_58,0
INC_29,DEV_59,0
INC_29,DEV_60,0
INC_29,DEV_61,0
INC_29,DEV_62,0
INC_29,DEV_63,0
INC_29,DEV_64,1
INC_29,DEV_65,0
INC_29,DEV_66,1
INC_29,DEV_67,0
INC_29,DEV_68,0
INC_29,DEV_69,0
INC_29,DEV_70,0
INC_29,DEV_71,0
INC_29,DEV_72,0
INC_29,DEV_73,0
INC_29,DEV_74,0
INC_29,DEV_75,0
INC_29,DEV_76,0
INC_29,DEV_77,1
INC_29,DEV_78,0
INC_29,DEV_79,0
