id,type,vendor
CORE-00,CORE,Cisco ASR9000
CORE-01,CORE,Cisco ASR9000
CORE-02,CORE,Cisco ASR9000
CORE-03,CORE,Juniper MX960
AGG-000,AGG,H3C S12500
AGG-001,AGG,Cisco Nexus
AGG-002,AGG,H3C S12500
AGG-003,AGG,H3C S12500
AGG-004,AGG,Huawei S9300
AGG-005,AGG,Cisco Nexus
AGG-006,AGG,H3C S12500
AGG-007,AGG,H3C S12500
AGG-008,AGG,H3C S12500
AGG-009,AGG,Cisco Nexus
AGG-010,AGG,Cisco Nexus
AGG-011,AGG,Cisco Nexus
AGG-012,AGG,H3C S12500
AGG-013,AGG,Cisco Nexus
AGG-014,AGG,H3C S12500
AGG-015,AGG,H3C S12500
AGG-016,AGG,Cisco Nexus
AGG-017,AGG,H3C S12500
AGG-018,AGG,Cisco Nexus
AGG-019,AGG,H3C S12500
ACCESS-0000,ACCESS,GCOM
ACCESS-0001,ACCESS,ZTE C320
ACCESS-0002,ACCESS,GCOM
ACCESS-0003,ACCESS,ZTE C320
ACCESS-0004,ACCESS,ZTE C320
ACCESS-0005,ACCESS,GCOM
ACCESS-0006,ACCESS,GCOM
ACCESS-0007,ACCESS,ZTE C320
ACCESS-0008,ACCESS,Huawei MA5600T
ACCESS-0009,ACCESS,GCOM
ACCESS-0010,ACCESS,GCOM
ACCESS-0011,ACCESS,ZTE C320
ACCESS-0012,ACCESS,GCOM
ACCESS-0013,ACCESS,Huawei MA5600T
ACCESS-0014,ACCESS,GCOM
ACCESS-0015,ACCESS,ZTE C320
ACCESS-0016,ACCESS,GCOM
ACCESS-0017,ACCESS,GCOM
ACCESS-0018,ACCESS,Huawei MA5600T
ACCESS-0019,ACCESS,GCOM
ACCESS-0020,ACCESS,Huawei MA5600T
ACCESS-0021,ACCESS,GCOM
ACCESS-0022,ACCESS,GCOM
ACCESS-0023,ACCESS,GCOM
ACCESS-0024,ACCESS,ZTE C320
ACCESS-0025,ACCESS,ZTE C320
ACCESS-0026,ACCESS,Huawei MA5600T
ACCESS-0027,ACCESS,GCOM
ACCESS-0028,ACCESS,Huawei MA5600T
ACCESS-0029,ACCESS,Huawei MA5600T
ACCESS-0030,ACCESS,ZTE C320
ACCESS-0031,ACCESS,Huawei MA5600T
ACCESS-0032,ACCESS,ZTE C320
ACCESS-0033,ACCESS,GCOM
ACCESS-0034,ACCESS,GCOM
ACCESS-0035,ACCESS,Huawei MA5600T
ACCESS-0036,ACCESS,ZTE C320
ACCESS-0037,ACCESS,GCOM
ACCESS-0038,ACCESS,ZTE C320
ACCESS-0039,ACCESS,GCOM
ACCESS-0040,ACCESS,GCOM
ACCESS-0041,ACCESS,ZTE C320
ACCESS-0042,ACCESS,GCOM
ACCESS-0043,ACCESS,ZTE C320
ACCESS-0044,ACCESS,GCOM
ACCESS-0045,ACCESS,Huawei MA5600T
ACCESS-0046,ACCESS,ZTE C320
ACCESS-0047,ACCESS,Huawei MA5600T
ACCESS-0048,ACCESS,Huawei MA5600T
ACCESS-0049,ACCESS,ZTE C320
ACCESS-0050,ACCESS,Huawei MA5600T
ACCESS-0051,ACCESS,ZTE C320
ACCESS-0052,ACCESS,Huawei MA5600T
ACCESS-0053,ACCESS,ZTE C320
ACCESS-0054,ACCESS,Huawei MA5600T
ACCESS-0055,ACCESS,Huawei MA5600T
ACCESS-0056,ACCESS,Huawei MA5600T
ACCESS-0057,ACCESS,GCOM
ACCESS-0058,ACCESS,ZTE C320
ACCESS-0059,ACCESS,Huawei MA5600T
ACCESS-0060,ACCESS,GCOM
ACCESS-0061,ACCESS,ZTE C320
ACCESS-0062,ACCESS,GCOM
ACCESS-0063,ACCESS,ZTE C320
ACCESS-0064,ACCESS,GCOM
ACCESS-0065,ACCESS,GCOM
ACCESS-0066,ACCESS,ZTE C320
ACCESS-0067,ACCESS,ZTE C320
ACCESS-0068,ACCESS,GCOM
ACCESS-0069,ACCESS,ZTE C320
ACCESS-0070,ACCESS,ZTE C320
ACCESS-0071,ACCESS,GCOM
ACCESS-0072,ACCESS,Huawei MA5600T
ACCESS-0073,ACCESS,Huawei MA5600T
ACCESS-0074,ACCESS,Huawei MA5600T
ACCESS-0075,ACCESS,ZTE C320
ACCESS-0076,ACCESS,ZTE C320
ACCESS-0077,ACCESS,ZTE C320
ACCESS-0078,ACCESS,Huawei MA5600T
ACCESS-0079,ACCESS,ZTE C320
ACCESS-0080,ACCESS,Huawei MA5600T
ACCESS-0081,ACCESS,Huawei MA5600T
ACCESS-0082,ACCESS,Huawei MA5600T
ACCESS-0083,ACCESS,ZTE C320
ACCESS-0084,ACCESS,Huawei MA5600T
ACCESS-0085,ACCESS,GCOM
ACCESS-0086,ACCESS,Huawei MA5600T
ACCESS-0087,ACCESS,ZTE C320
ACCESS-0088,ACCESS,ZTE C320
ACCESS-0089,ACCESS,GCOM
ACCESS-0090,ACCESS,GCOM
ACCESS-0091,ACCESS,Huawei MA5600T
ACCESS-0092,ACCESS,Huawei MA5600T
ACCESS-0093,ACCESS,Huawei MA5600T
ACCESS-0094,ACCESS,ZTE C320
ACCESS-0095,ACCESS,GCOM
ACCESS-0096,ACCESS,ZTE C320
ACCESS-0097,ACCESS,Huawei MA5600T
ACCESS-0098,ACCESS,ZTE C320
ACCESS-0099,ACCESS,GCOM
ONT-00000,ONT,Dasan
ONT-00001,ONT,Dasan
ONT-00002,ONT,Dasan
ONT-00003,ONT,Huawei HG8145
ONT-00004,ONT,Dasan
ONT-00005,ONT,Huawei HG8145
ONT-00006,ONT,Huawei HG8145
ONT-00007,ONT,Dasan
ONT-00008,ONT,ZTE F670
ONT-00009,ONT,ZTE F670
ONT-00010,ONT,Huawei HG8145
ONT-00011,ONT,Huawei HG8145
ONT-00012,ONT,Huawei HG8145
ONT-00013,ONT,Dasan
ONT-00014,ONT,Dasan
ONT-00015,ONT,ZTE F670
ONT-00016,ONT,Huawei HG8145
ONT-00017,ONT,ZTE F670
ONT-00018,ONT,Huawei HG8145
ONT-00019,ONT,Huawei HG8145
ONT-00020,ONT,Dasan
ONT-00021,ONT,ZTE F670
ONT-00022,ONT,ZTE F670
ONT-00023,ONT,ZTE F670
ONT-00024,ONT,Huawei HG8145
ONT-00025,ONT,ZTE F670
ONT-00026,ONT,Dasan
ONT-00027,ONT,Dasan
ONT-00028,ONT,Huawei HG8145
ONT-00029,ONT,ZTE F670
ONT-00030,ONT,Huawei HG8145
ONT-00031,ONT,ZTE F670
ONT-00032,ONT,Huawei HG8145
ONT-00033,ONT,Dasan
ONT-00034,ONT,Dasan
ONT-00035,ONT,ZTE F670
ONT-00036,ONT,Dasan
ONT-00037,ONT,Dasan
ONT-00038,ONT,Huawei HG8145
ONT-00039,ONT,Huawei HG8145
ONT-00040,ONT,Huawei HG8145
ONT-00041,ONT,Dasan
ONT-00042,ONT,Huawei HG8145
ONT-00043,ONT,ZTE F670
ONT-00044,ONT,Dasan
ONT-00045,ONT,Huawei HG8145
ONT-00046,ONT,ZTE F670
ONT-00047,ONT,Dasan
ONT-00048,ONT,Dasan
ONT-00049,ONT,ZTE F670
ONT-00050,ONT,ZTE F670
ONT-00051,ONT,Dasan
ONT-00052,ONT,ZTE F670
ONT-00053,ONT,Dasan
ONT-00054,ONT,Huawei HG8145
ONT-00055,ONT,Huawei HG8145
ONT-00056,ONT,Dasan
ONT-00057,ONT,ZTE F670
ONT-00058,ONT,ZTE F670
ONT-00059,ONT,Huawei HG8145
ONT-00060,ONT,Dasan
ONT-00061,ONT,Dasan
ONT-00062,ONT,Dasan
ONT-00063,ONT,Huawei HG8145
ONT-00064,ONT,ZTE F670
ONT-00065,ONT,Dasan
ONT-00066,ONT,Dasan
ONT-00067,ONT,Huawei HG8145
ONT-00068,ONT,Dasan
ONT-00069,ONT,ZTE F670
ONT-00070,ONT,Huawei HG8145
ONT-00071,ONT,Huawei HG8145
ONT-00072,ONT,Dasan
ONT-00073,ONT,Huawei HG8145
ONT-00074,ONT,Dasan
ONT-00075,ONT,Huawei HG8145
ONT-00076,ONT,ZTE F670
ONT-00077,ONT,ZTE F670
ONT-00078,ONT,Dasan
ONT-00079,ONT,Dasan
ONT-00080,ONT,Huawei HG8145
ONT-00081,ONT,Dasan
ONT-00082,ONT,Dasan
ONT-00083,ONT,ZTE F670
ONT-00084,ONT,Dasan
ONT-00085,ONT,Huawei HG8145
ONT-00086,ONT,Huawei HG8145
ONT-00087,ONT,ZTE F670
ONT-00088,ONT,Huawei HG8145
ONT-00089,ONT,Dasan
ONT-00090,ONT,Huawei HG8145
ONT-00091,ONT,Huawei HG8145
ONT-00092,ONT,ZTE F670
ONT-00093,ONT,ZTE F670
ONT-00094,ONT,Huawei HG8145
ONT-00095,ONT,Huawei HG8145
ONT-00096,ONT,Huawei HG8145
ONT-00097,ONT,Dasan
ONT-00098,ONT,Dasan
ONT-00099,ONT,ZTE F670
ONT-00100,ONT,Huawei HG8145
ONT-00101,ONT,Huawei HG8145
ONT-00102,ONT,Dasan
ONT-00103,ONT,ZTE F670
ONT-00104,ONT,Dasan
ONT-00105,ONT,ZTE F670
ONT-00106,ONT,Dasan
ONT-00107,ONT,Huawei HG8145
ONT-00108,ONT,Huawei HG8145
ONT-00109,ONT,Huawei HG8145
ONT-00110,ONT,Huawei HG8145
ONT-00111,ONT,Dasan
ONT-00112,ONT,ZTE F670
ONT-00113,ONT,Huawei HG8145
ONT-00114,ONT,ZTE F670
ONT-00115,ONT,ZTE F670
ONT-00116,ONT,ZTE F670
ONT-00117,ONT,ZTE F670
ONT-00118,ONT,Dasan
ONT-00119,ONT,ZTE F670
ONT-00120,ONT,ZTE F670
ONT-00121,ONT,Huawei HG8145
ONT-00122,ONT,Dasan
ONT-00123,ONT,Dasan
ONT-00124,ONT,ZTE F670
ONT-00125,ONT,Dasan
ONT-00126,ONT,ZTE F670
ONT-00127,ONT,Dasan
ONT-00128,ONT,Dasan
ONT-00129,ONT,Huawei HG8145
ONT-00130,ONT,Huawei HG8145
ONT-00131,ONT,Dasan
ONT-00132,ONT,Dasan
ONT-00133,ONT,Dasan
ONT-00134,ONT,ZTE F670
ONT-00135,ONT,Huawei HG8145
ONT-00136,ONT,Huawei HG8145
ONT-00137,ONT,ZTE F670
ONT-00138,ONT,Dasan
ONT-00139,ONT,Huawei HG8145
ONT-00140,ONT,Dasan
ONT-00141,ONT,Dasan
ONT-00142,ONT,ZTE F670
ONT-00143,ONT,Dasan
ONT-00144,ONT,Huawei HG8145
ONT-00145,ONT,ZTE F670
ONT-00146,ONT,Huawei HG8145
ONT-00147,ONT,Huawei HG8145
ONT-00148,ONT,ZTE F670
ONT-00149,ONT,Huawei HG8145
ONT-00150,ONT,Dasan
ONT-00151,ONT,Huawei HG8145
ONT-00152,ONT,Huawei HG8145
ONT-00153,ONT,Dasan
ONT-00154,ONT,Dasan
ONT-00155,ONT,Huawei HG8145
ONT-00156,ONT,Dasan
ONT-00157,ONT,Huawei HG8145
ONT-00158,ONT,Dasan
ONT-00159,ONT,Huawei HG8145
ONT-00160,ONT,ZTE F670
ONT-00161,ONT,Huawei HG8145
ONT-00162,ONT,Dasan
ONT-00163,ONT,Huawei HG8145
ONT-00164,ONT,Dasan
ONT-00165,ONT,Dasan
ONT-00166,ONT,Huawei HG8145
ONT-00167,ONT,Huawei HG8145
ONT-00168,ONT,ZTE F670
ONT-00169,ONT,Dasan
ONT-00170,ONT,Dasan
ONT-00171,ONT,ZTE F670
ONT-00172,ONT,ZTE F670
ONT-00173,ONT,ZTE F670
ONT-00174,ONT,Huawei HG8145
ONT-00175,ONT,ZTE F670
ONT-00176,ONT,ZTE F670
ONT-00177,ONT,ZTE F670
ONT-00178,ONT,ZTE F670
ONT-00179,ONT,Huawei HG8145
ONT-00180,ONT,Huawei HG8145
ONT-00181,ONT,Huawei HG8145
ONT-00182,ONT,Huawei HG8145
ONT-00183,ONT,Huawei HG8145
ONT-00184,ONT,Dasan
ONT-00185,ONT,ZTE F670
ONT-00186,ONT,Huawei HG8145
ONT-00187,ONT,ZTE F670
ONT-00188,ONT,Huawei HG8145
ONT-00189,ONT,Dasan
ONT-00190,ONT,ZTE F670
ONT-00191,ONT,Huawei HG8145
ONT-00192,ONT,Huawei HG8145
ONT-00193,ONT,ZTE F670
ONT-00194,ONT,Huawei HG8145
ONT-00195,ONT,Dasan
ONT-00196,ONT,Huawei HG8145
ONT-00197,ONT,ZTE F670
ONT-00198,ONT,Dasan
ONT-00199,ONT,ZTE F670
ONT-00200,ONT,ZTE F670
ONT-00201,ONT,ZTE F670
ONT-00202,ONT,ZTE F670
ONT-00203,ONT,ZTE F670
ONT-00204,ONT,Dasan
ONT-00205,ONT,Huawei HG8145
ONT-00206,ONT,ZTE F670
ONT-00207,ONT,ZTE F670
ONT-00208,ONT,Dasan
ONT-00209,ONT,ZTE F670
ONT-00210,ONT,ZTE F670
ONT-00211,ONT,Dasan
ONT-00212,ONT,Dasan
ONT-00213,ONT,Dasan
ONT-00214,ONT,Dasan
ONT-00215,ONT,ZTE F670
ONT-00216,ONT,ZTE F670
ONT-00217,ONT,Huawei HG8145
ONT-00218,ONT,Huawei HG8145
ONT-00219,ONT,ZTE F670
ONT-00220,ONT,Huawei HG8145
ONT-00221,ONT,Huawei HG8145
ONT-00222,ONT,Huawei HG8145
ONT-00223,ONT,ZTE F670
ONT-00224,ONT,ZTE F670
ONT-00225,ONT,Huawei HG8145
ONT-00226,ONT,ZTE F670
ONT-00227,ONT,Huawei HG8145
ONT-00228,ONT,Dasan
ONT-00229,ONT,Dasan
ONT-00230,ONT,Dasan
ONT-00231,ONT,Huawei HG8145
ONT-00232,ONT,ZTE F670
ONT-00233,ONT,Huawei HG8145
ONT-00234,ONT,Huawei HG8145
ONT-00235,ONT,ZTE F670
ONT-00236,ONT,Dasan
ONT-00237,ONT,Huawei HG8145
ONT-00238,ONT,Huawei HG8145
ONT-00239,ONT,ZTE F670
ONT-00240,ONT,ZTE F670
ONT-00241,ONT,Dasan
ONT-00242,ONT,ZTE F670
ONT-00243,ONT,Huawei HG8145
ONT-00244,ONT,Dasan
ONT-00245,ONT,ZTE F670
ONT-00246,ONT,Dasan
ONT-00247,ONT,Dasan
ONT-00248,ONT,ZTE F670
ONT-00249,ONT,Huawei HG8145
ONT-00250,ONT,ZTE F670
ONT-00251,ONT,Dasan
ONT-00252,ONT,Dasan
ONT-00253,ONT,Huawei HG8145
ONT-00254,ONT,Huawei HG8145
ONT-00255,ONT,ZTE F670
ONT-00256,ONT,Dasan
ONT-00257,ONT,Dasan
ONT-00258,ONT,Huawei HG8145
ONT-00259,ONT,Dasan
ONT-00260,ONT,ZTE F670
ONT-00261,ONT,ZTE F670
ONT-00262,ONT,ZTE F670
ONT-00263,ONT,ZTE F670
ONT-00264,ONT,Dasan
ONT-00265,ONT,Huawei HG8145
ONT-00266,ONT,ZTE F670
ONT-00267,ONT,Huawei HG8145
ONT-00268,ONT,ZTE F670
ONT-00269,ONT,ZTE F670
ONT-00270,ONT,Dasan
ONT-00271,ONT,Huawei HG8145
ONT-00272,ONT,Dasan
ONT-00273,ONT,ZTE F670
ONT-00274,ONT,ZTE F670
ONT-00275,ONT,ZTE F670
ONT-00276,ONT,Dasan
ONT-00277,ONT,Huawei HG8145
ONT-00278,ONT,Dasan
ONT-00279,ONT,ZTE F670
ONT-00280,ONT,ZTE F670
ONT-00281,ONT,ZTE F670
ONT-00282,ONT,ZTE F670
ONT-00283,ONT,Dasan
ONT-00284,ONT,ZTE F670
ONT-00285,ONT,Huawei HG8145
ONT-00286,ONT,Huawei HG8145
ONT-00287,ONT,Huawei HG8145
ONT-00288,ONT,Huawei HG8145
ONT-00289,ONT,ZTE F670
ONT-00290,ONT,Huawei HG8145
ONT-00291,ONT,Dasan
ONT-00292,ONT,Huawei HG8145
ONT-00293,ONT,ZTE F670
ONT-00294,ONT,Dasan
ONT-00295,ONT,ZTE F670
ONT-00296,ONT,Huawei HG8145
ONT-00297,ONT,Dasan
ONT-00298,ONT,Huawei HG8145
ONT-00299,ONT,Dasan
ONT-00300,ONT,Dasan
ONT-00301,ONT,Huawei HG8145
ONT-00302,ONT,ZTE F670
ONT-00303,ONT,Huawei HG8145
ONT-00304,ONT,ZTE F670
ONT-00305,ONT,ZTE F670
ONT-00306,ONT,ZTE F670
ONT-00307,ONT,Dasan
ONT-00308,ONT,Dasan
ONT-00309,ONT,Huawei HG8145
ONT-00310,ONT,ZTE F670
ONT-00311,ONT,Huawei HG8145
ONT-00312,ONT,Dasan
ONT-00313,ONT,Huawei HG8145
ONT-00314,ONT,Huawei HG8145
ONT-00315,ONT,Dasan
ONT-00316,ONT,ZTE F670
ONT-00317,ONT,ZTE F670
ONT-00318,ONT,Dasan
ONT-00319,ONT,ZTE F670
ONT-00320,ONT,Dasan
ONT-00321,ONT,Huawei HG8145
ONT-00322,ONT,Huawei HG8145
ONT-00323,ONT,Huawei HG8145
ONT-00324,ONT,Dasan
ONT-00325,ONT,ZTE F670
ONT-00326,ONT,Dasan
ONT-00327,ONT,Dasan
ONT-00328,ONT,Dasan
ONT-00329,ONT,Dasan
ONT-00330,ONT,Dasan
ONT-00331,ONT,Dasan
ONT-00332,ONT,ZTE F670
ONT-00333,ONT,ZTE F670
ONT-00334,ONT,Dasan
ONT-00335,ONT,ZTE F670
ONT-00336,ONT,Huawei HG8145
ONT-00337,ONT,Dasan
ONT-00338,ONT,ZTE F670
ONT-00339,ONT,ZTE F670
ONT-00340,ONT,ZTE F670
ONT-00341,ONT,Dasan
ONT-00342,ONT,Huawei HG8145
ONT-00343,ONT,ZTE F670
ONT-00344,ONT,ZTE F670
ONT-00345,ONT,Dasan
ONT-00346,ONT,Dasan
ONT-00347,ONT,ZTE F670
ONT-00348,ONT,Dasan
ONT-00349,ONT,Huawei HG8145
ONT-00350,ONT,Dasan
ONT-00351,ONT,Huawei HG8145
ONT-00352,ONT,Huawei HG8145
ONT-00353,ONT,Huawei HG8145
ONT-00354,ONT,Huawei HG8145
ONT-00355,ONT,Huawei HG8145
ONT-00356,ONT,Dasan
ONT-00357,ONT,Huawei HG8145
ONT-00358,ONT,Huawei HG8145
ONT-00359,ONT,Huawei HG8145
ONT-00360,ONT,Dasan
ONT-00361,ONT,Huawei HG8145
ONT-00362,ONT,Huawei HG8145
ONT-00363,ONT,ZTE F670
ONT-00364,ONT,ZTE F670
ONT-00365,ONT,Huawei HG8145
ONT-00366,ONT,Huawei HG8145
ONT-00367,ONT,Dasan
ONT-00368,ONT,Dasan
ONT-00369,ONT,Dasan
ONT-00370,ONT,Huawei HG8145
ONT-00371,ONT,Dasan
ONT-00372,ONT,ZTE F670
ONT-00373,ONT,Huawei HG8145
ONT-00374,ONT,Huawei HG8145
ONT-00375,ONT,Huawei HG8145
ONT-00376,ONT,Dasan
ONT-00377,ONT,Huawei HG8145
ONT-00378,ONT,Huawei HG8145
ONT-00379,ONT,Huawei HG8145
ONT-00380,ONT,Dasan
ONT-00381,ONT,ZTE F670
ONT-00382,ONT,ZTE F670
ONT-00383,ONT,Huawei HG8145
ONT-00384,ONT,Huawei HG8145
ONT-00385,ONT,ZTE F670
ONT-00386,ONT,Dasan
ONT-00387,ONT,Huawei HG8145
ONT-00388,ONT,ZTE F670
ONT-00389,ONT,Dasan
ONT-00390,ONT,ZTE F670
ONT-00391,ONT,Huawei HG8145
ONT-00392,ONT,ZTE F670
ONT-00393,ONT,ZTE F670
ONT-00394,ONT,Dasan
ONT-00395,ONT,ZTE F670
ONT-00396,ONT,Dasan
ONT-00397,ONT,ZTE F670
ONT-00398,ONT,Huawei HG8145
ONT-00399,ONT,Dasan
ONT-00400,ONT,Dasan
ONT-00401,ONT,ZTE F670
ONT-00402,ONT,ZTE F670
ONT-00403,ONT,Huawei HG8145
ONT-00404,ONT,Dasan
ONT-00405,ONT,Huawei HG8145
ONT-00406,ONT,Huawei HG8145
ONT-00407,ONT,Huawei HG8145
ONT-00408,ONT,ZTE F670
ONT-00409,ONT,Dasan
ONT-00410,ONT,Huawei HG8145
ONT-00411,ONT,Huawei HG8145
ONT-00412,ONT,ZTE F670
ONT-00413,ONT,Dasan
ONT-00414,ONT,Huawei HG8145
ONT-00415,ONT,Dasan
ONT-00416,ONT,ZTE F670
ONT-00417,ONT,Huawei HG8145
ONT-00418,ONT,Huawei HG8145
ONT-00419,ONT,Dasan
ONT-00420,ONT,Huawei HG8145
ONT-00421,ONT,Dasan
ONT-00422,ONT,ZTE F670
ONT-00423,ONT,ZTE F670
ONT-00424,ONT,ZTE F670
ONT-00425,ONT,Huawei HG8145
ONT-00426,ONT,ZTE F670
ONT-00427,ONT,ZTE F670
ONT-00428,ONT,Dasan
ONT-00429,ONT,Huawei HG8145
ONT-00430,ONT,Huawei HG8145
ONT-00431,ONT,ZTE F670
ONT-00432,ONT,Huawei HG8145
ONT-00433,ONT,Huawei HG8145
ONT-00434,ONT,ZTE F670
ONT-00435,ONT,Dasan
ONT-00436,ONT,ZTE F670
ONT-00437,ONT,Dasan
ONT-00438,ONT,ZTE F670
ONT-00439,ONT,Dasan
ONT-00440,ONT,Huawei HG8145
ONT-00441,ONT,Huawei HG8145
ONT-00442,ONT,Dasan
ONT-00443,ONT,ZTE F670
ONT-00444,ONT,Huawei HG8145
ONT-00445,ONT,ZTE F670
ONT-00446,ONT,Dasan
ONT-00447,ONT,Dasan
ONT-00448,ONT,Dasan
ONT-00449,ONT,Huawei HG8145
ONT-00450,ONT,ZTE F670
ONT-00451,ONT,Dasan
ONT-00452,ONT,Dasan
ONT-00453,ONT,ZTE F670
ONT-00454,ONT,Dasan
ONT-00455,ONT,Huawei HG8145
ONT-00456,ONT,Dasan
ONT-00457,ONT,ZTE F670
ONT-00458,ONT,ZTE F670
ONT-00459,ONT,Huawei HG8145
ONT-00460,ONT,ZTE F670
ONT-00461,ONT,ZTE F670
ONT-00462,ONT,Huawei HG8145
ONT-00463,ONT,Huawei HG8145
ONT-00464,ONT,Dasan
ONT-00465,ONT,Dasan
ONT-00466,ONT,Dasan
ONT-00467,ONT,Huawei HG8145
ONT-00468,ONT,ZTE F670
ONT-00469,ONT,Huawei HG8145
ONT-00470,ONT,Huawei HG8145
ONT-00471,ONT,Huawei HG8145
ONT-00472,ONT,Dasan
ONT-00473,ONT,Dasan
ONT-00474,ONT,Dasan
ONT-00475,ONT,ZTE F670
ONT-00476,ONT,Huawei HG8145
ONT-00477,ONT,Huawei HG8145
ONT-00478,ONT,Dasan
ONT-00479,ONT,ZTE F670
ONT-00480,ONT,ZTE F670
ONT-00481,ONT,Huawei HG8145
ONT-00482,ONT,ZTE F670
ONT-00483,ONT,ZTE F670
ONT-00484,ONT,Huawei HG8145
ONT-00485,ONT,Huawei HG8145
ONT-00486,ONT,Dasan
ONT-00487,ONT,Huawei HG8145
ONT-00488,ONT,ZTE F670
ONT-00489,ONT,ZTE F670
ONT-00490,ONT,ZTE F670
ONT-00491,ONT,Dasan
ONT-00492,ONT,Huawei HG8145
ONT-00493,ONT,ZTE F670
ONT-00494,ONT,Huawei HG8145
ONT-00495,ONT,Dasan
ONT-00496,ONT,Dasan
ONT-00497,ONT,Dasan
ONT-00498,ONT,Dasan
ONT-00499,ONT,Huawei HG8145
ONT-00500,ONT,Huawei HG8145
ONT-00501,ONT,Dasan
ONT-00502,ONT,Dasan
ONT-00503,ONT,ZTE F670
ONT-00504,ONT,Dasan
ONT-00505,ONT,Dasan
ONT-00506,ONT,Dasan
ONT-00507,ONT,ZTE F670
ONT-00508,ONT,Huawei HG8145
ONT-00509,ONT,ZTE F670
ONT-00510,ONT,ZTE F670
ONT-00511,ONT,Huawei HG8145
ONT-00512,ONT,Huawei HG8145
ONT-00513,ONT,Huawei HG8145
ONT-00514,ONT,Dasan
ONT-00515,ONT,Huawei HG8145
ONT-00516,ONT,ZTE F670
ONT-00517,ONT,ZTE F670
ONT-00518,ONT,Dasan
ONT-00519,ONT,ZTE F670
ONT-00520,ONT,Dasan
ONT-00521,ONT,Huawei HG8145
ONT-00522,ONT,ZTE F670
ONT-00523,ONT,Dasan
ONT-00524,ONT,Dasan
ONT-00525,ONT,Dasan
ONT-00526,ONT,Huawei HG8145
ONT-00527,ONT,Huawei HG8145
ONT-00528,ONT,Dasan
ONT-00529,ONT,ZTE F670
ONT-00530,ONT,Huawei HG8145
ONT-00531,ONT,Dasan
ONT-00532,ONT,Huawei HG8145
ONT-00533,ONT,Huawei HG8145
ONT-00534,ONT,Huawei HG8145
ONT-00535,ONT,Dasan
ONT-00536,ONT,Huawei HG8145
ONT-00537,ONT,ZTE F670
ONT-00538,ONT,ZTE F670
ONT-00539,ONT,Huawei HG8145
ONT-00540,ONT,Dasan
ONT-00541,ONT,Huawei HG8145
ONT-00542,ONT,ZTE F670
ONT-00543,ONT,Dasan
ONT-00544,ONT,Dasan
ONT-00545,ONT,ZTE F670
ONT-00546,ONT,ZTE F670
ONT-00547,ONT,Dasan
ONT-00548,ONT,ZTE F670
ONT-00549,ONT,Huawei HG8145
ONT-00550,ONT,Dasan
ONT-00551,ONT,ZTE F670
ONT-00552,ONT,Dasan
ONT-00553,ONT,Huawei HG8145
ONT-00554,ONT,Huawei HG8145
ONT-00555,ONT,Huawei HG8145
ONT-00556,ONT,Dasan
ONT-00557,ONT,Dasan
ONT-00558,ONT,Dasan
ONT-00559,ONT,Huawei HG8145
ONT-00560,ONT,Huawei HG8145
ONT-00561,ONT,Huawei HG8145
ONT-00562,ONT,Dasan
ONT-00563,ONT,Huawei HG8145
ONT-00564,ONT,Huawei HG8145
ONT-00565,ONT,Huawei HG8145
ONT-00566,ONT,ZTE F670
ONT-00567,ONT,Huawei HG8145
ONT-00568,ONT,Dasan
ONT-00569,ONT,Dasan
ONT-00570,ONT,ZTE F670
ONT-00571,ONT,ZTE F670
ONT-00572,ONT,Dasan
ONT-00573,ONT,ZTE F670
ONT-00574,ONT,ZTE F670
ONT-00575,ONT,Dasan
ONT-00576,ONT,ZTE F670
ONT-00577,ONT,ZTE F670
ONT-00578,ONT,Dasan
ONT-00579,ONT,ZTE F670
ONT-00580,ONT,Huawei HG8145
ONT-00581,ONT,Dasan
ONT-00582,ONT,ZTE F670
ONT-00583,ONT,ZTE F670
ONT-00584,ONT,ZTE F670
ONT-00585,ONT,Huawei HG8145
ONT-00586,ONT,ZTE F670
ONT-00587,ONT,ZTE F670
ONT-00588,ONT,ZTE F670
ONT-00589,ONT,Huawei HG8145
ONT-00590,ONT,Huawei HG8145
ONT-00591,ONT,Dasan
ONT-00592,ONT,ZTE F670
ONT-00593,ONT,ZTE F670
ONT-00594,ONT,ZTE F670
ONT-00595,ONT,Dasan
ONT-00596,ONT,Huawei HG8145
ONT-00597,ONT,Huawei HG8145
ONT-00598,ONT,Huawei HG8145
ONT-00599,ONT,Dasan
ONT-00600,ONT,Huawei HG8145
ONT-00601,ONT,ZTE F670
ONT-00602,ONT,Huawei HG8145
ONT-00603,ONT,Dasan
ONT-00604,ONT,Dasan
ONT-00605,ONT,ZTE F670
ONT-00606,ONT,ZTE F670
ONT-00607,ONT,Huawei HG8145
ONT-00608,ONT,ZTE F670
ONT-00609,ONT,Huawei HG8145
ONT-00610,ONT,Huawei HG8145
ONT-00611,ONT,Dasan
ONT-00612,ONT,Dasan
ONT-00613,ONT,Huawei HG8145
ONT-00614,ONT,Dasan
ONT-00615,ONT,Dasan
ONT-00616,ONT,Dasan
ONT-00617,ONT,Dasan
ONT-00618,ONT,Dasan
ONT-00619,ONT,Huawei HG8145
ONT-00620,ONT,ZTE F670
ONT-00621,ONT,Dasan
ONT-00622,ONT,Dasan
ONT-00623,ONT,Dasan
ONT-00624,ONT,Huawei HG8145
ONT-00625,ONT,ZTE F670
ONT-00626,ONT,Huawei HG8145
ONT-00627,ONT,Dasan
ONT-00628,ONT,Huawei HG8145
ONT-00629,ONT,ZTE F670
ONT-00630,ONT,Dasan
ONT-00631,ONT,Huawei HG8145
ONT-00632,ONT,Dasan
ONT-00633,ONT,ZTE F670
ONT-00634,ONT,ZTE F670
ONT-00635,ONT,ZTE F670
ONT-00636,ONT,Dasan
ONT-00637,ONT,Huawei HG8145
ONT-00638,ONT,ZTE F670
ONT-00639,ONT,Huawei HG8145
ONT-00640,ONT,Huawei HG8145
ONT-00641,ONT,ZTE F670
ONT-00642,ONT,Huawei HG8145
ONT-00643,ONT,Huawei HG8145
ONT-00644,ONT,Huawei HG8145
ONT-00645,ONT,Dasan
ONT-00646,ONT,Dasan
ONT-00647,ONT,Huawei HG8145
ONT-00648,ONT,Huawei HG8145
ONT-00649,ONT,ZTE F670
ONT-00650,ONT,Huawei HG8145
ONT-00651,ONT,ZTE F670
ONT-00652,ONT,ZTE F670
ONT-00653,ONT,Dasan
ONT-00654,ONT,Huawei HG8145
ONT-00655,ONT,Dasan
ONT-00656,ONT,Dasan
ONT-00657,ONT,Dasan
ONT-00658,ONT,ZTE F670
ONT-00659,ONT,Dasan
ONT-00660,ONT,Dasan
ONT-00661,ONT,ZTE F670
ONT-00662,ONT,ZTE F670
ONT-00663,ONT,Huawei HG8145
ONT-00664,ONT,ZTE F670
ONT-00665,ONT,Dasan
ONT-00666,ONT,ZTE F670
ONT-00667,ONT,Huawei HG8145
ONT-00668,ONT,Huawei HG8145
ONT-00669,ONT,Dasan
ONT-00670,ONT,Huawei HG8145
ONT-00671,ONT,Dasan
ONT-00672,ONT,ZTE F670
ONT-00673,ONT,ZTE F670
ONT-00674,ONT,Dasan
ONT-00675,ONT,Dasan
ONT-00676,ONT,Huawei HG8145
ONT-00677,ONT,ZTE F670
ONT-00678,ONT,Huawei HG8145
ONT-00679,ONT,Dasan
ONT-00680,ONT,ZTE F670
ONT-00681,ONT,ZTE F670
ONT-00682,ONT,ZTE F670
ONT-00683,ONT,Dasan
ONT-00684,ONT,Huawei HG8145
ONT-00685,ONT,Huawei HG8145
ONT-00686,ONT,Huawei HG8145
ONT-00687,ONT,ZTE F670
ONT-00688,ONT,Dasan
ONT-00689,ONT,ZTE F670
ONT-00690,ONT,Huawei HG8145
ONT-00691,ONT,Dasan
ONT-00692,ONT,Dasan
ONT-00693,ONT,ZTE F670
ONT-00694,ONT,ZTE F670
ONT-00695,ONT,ZTE F670
ONT-00696,ONT,Huawei HG8145
ONT-00697,ONT,ZTE F670
ONT-00698,ONT,Huawei HG8145
ONT-00699,ONT,ZTE F670
ONT-00700,ONT,ZTE F670
ONT-00701,ONT,ZTE F670
ONT-00702,ONT,Huawei HG8145
ONT-00703,ONT,ZTE F670
ONT-00704,ONT,Dasan
ONT-00705,ONT,ZTE F670
ONT-00706,ONT,Huawei HG8145
ONT-00707,ONT,ZTE F670
ONT-00708,ONT,ZTE F670
ONT-00709,ONT,Huawei HG8145
ONT-00710,ONT,ZTE F670
ONT-00711,ONT,Dasan
ONT-00712,ONT,Dasan
ONT-00713,ONT,Dasan
ONT-00714,ONT,Dasan
ONT-00715,ONT,Dasan
ONT-00716,ONT,Huawei HG8145
ONT-00717,ONT,Dasan
ONT-00718,ONT,Dasan
ONT-00719,ONT,ZTE F670
ONT-00720,ONT,Huawei HG8145
ONT-00721,ONT,Dasan
ONT-00722,ONT,Dasan
ONT-00723,ONT,Huawei HG8145
ONT-00724,ONT,Dasan
ONT-00725,ONT,Huawei HG8145
ONT-00726,ONT,Huawei HG8145
ONT-00727,ONT,ZTE F670
ONT-00728,ONT,ZTE F670
ONT-00729,ONT,Dasan
ONT-00730,ONT,ZTE F670
ONT-00731,ONT,Huawei HG8145
ONT-00732,ONT,Dasan
ONT-00733,ONT,ZTE F670
ONT-00734,ONT,Huawei HG8145
ONT-00735,ONT,ZTE F670
ONT-00736,ONT,ZTE F670
ONT-00737,ONT,Huawei HG8145
ONT-00738,ONT,Dasan
ONT-00739,ONT,ZTE F670
ONT-00740,ONT,Dasan
ONT-00741,ONT,ZTE F670
ONT-00742,ONT,Huawei HG8145
ONT-00743,ONT,Huawei HG8145
ONT-00744,ONT,ZTE F670
ONT-00745,ONT,ZTE F670
ONT-00746,ONT,ZTE F670
ONT-00747,ONT,Huawei HG8145
ONT-00748,ONT,ZTE F670
ONT-00749,ONT,Huawei HG8145
ONT-00750,ONT,Dasan
ONT-00751,ONT,ZTE F670
ONT-00752,ONT,ZTE F670
ONT-00753,ONT,Huawei HG8145
ONT-00754,ONT,Huawei HG8145
ONT-00755,ONT,Huawei HG8145
ONT-00756,ONT,Dasan
ONT-00757,ONT,ZTE F670
ONT-00758,ONT,ZTE F670
ONT-00759,ONT,ZTE F670
ONT-00760,ONT,ZTE F670
ONT-00761,ONT,ZTE F670
ONT-00762,ONT,ZTE F670
ONT-00763,ONT,ZTE F670
ONT-00764,ONT,Dasan
ONT-00765,ONT,Dasan
ONT-00766,ONT,Dasan
ONT-00767,ONT,Dasan
ONT-00768,ONT,Huawei HG8145
ONT-00769,ONT,ZTE F670
ONT-00770,ONT,ZTE F670
ONT-00771,ONT,Huawei HG8145
ONT-00772,ONT,Dasan
ONT-00773,ONT,Huawei HG8145
ONT-00774,ONT,Dasan
ONT-00775,ONT,ZTE F670
ONT-00776,ONT,ZTE F670
ONT-00777,ONT,ZTE F670
ONT-00778,ONT,Dasan
ONT-00779,ONT,Huawei HG8145
ONT-00780,ONT,ZTE F670
ONT-00781,ONT,Huawei HG8145
ONT-00782,ONT,Huawei HG8145
ONT-00783,ONT,Huawei HG8145
ONT-00784,ONT,Huawei HG8145
ONT-00785,ONT,ZTE F670
ONT-00786,ONT,Huawei HG8145
ONT-00787,ONT,Huawei HG8145
ONT-00788,ONT,Dasan
ONT-00789,ONT,ZTE F670
ONT-00790,ONT,Dasan
ONT-00791,ONT,Huawei HG8145
ONT-00792,ONT,Huawei HG8145
ONT-00793,ONT,Huawei HG8145
ONT-00794,ONT,Dasan
ONT-00795,ONT,Huawei HG8145
ONT-00796,ONT,ZTE F670
ONT-00797,ONT,Huawei HG8145
ONT-00798,ONT,ZTE F670
ONT-00799,ONT,ZTE F670
ONT-00800,ONT,Dasan
ONT-00801,ONT,Dasan
ONT-00802,ONT,ZTE F670
ONT-00803,ONT,ZTE F670
ONT-00804,ONT,ZTE F670
ONT-00805,ONT,Huawei HG8145
ONT-00806,ONT,ZTE F670
ONT-00807,ONT,ZTE F670
ONT-00808,ONT,Dasan
ONT-00809,ONT,ZTE F670
ONT-00810,ONT,ZTE F670
ONT-00811,ONT,ZTE F670
ONT-00812,ONT,Dasan
ONT-00813,ONT,Dasan
ONT-00814,ONT,Dasan
ONT-00815,ONT,ZTE F670
ONT-00816,ONT,Dasan
ONT-00817,ONT,Huawei HG8145
ONT-00818,ONT,ZTE F670
ONT-00819,ONT,Huawei HG8145
ONT-00820,ONT,ZTE F670
ONT-00821,ONT,Dasan
ONT-00822,ONT,ZTE F670
ONT-00823,ONT,Huawei HG8145
ONT-00824,ONT,ZTE F670
ONT-00825,ONT,Huawei HG8145
ONT-00826,ONT,ZTE F670
ONT-00827,ONT,ZTE F670
ONT-00828,ONT,Dasan
ONT-00829,ONT,ZTE F670
ONT-00830,ONT,Dasan
ONT-00831,ONT,ZTE F670
ONT-00832,ONT,Dasan
ONT-00833,ONT,ZTE F670
ONT-00834,ONT,Huawei HG8145
ONT-00835,ONT,Dasan
ONT-00836,ONT,Huawei HG8145
ONT-00837,ONT,Dasan
ONT-00838,ONT,Huawei HG8145
ONT-00839,ONT,Huawei HG8145
ONT-00840,ONT,Dasan
ONT-00841,ONT,Huawei HG8145
ONT-00842,ONT,Dasan
ONT-00843,ONT,ZTE F670
ONT-00844,ONT,Huawei HG8145
ONT-00845,ONT,Huawei HG8145
ONT-00846,ONT,Huawei HG8145
ONT-00847,ONT,Dasan
ONT-00848,ONT,ZTE F670
ONT-00849,ONT,Dasan
ONT-00850,ONT,Huawei HG8145
ONT-00851,ONT,Huawei HG8145
ONT-00852,ONT,Huawei HG8145
ONT-00853,ONT,ZTE F670
ONT-00854,ONT,Huawei HG8145
ONT-00855,ONT,ZTE F670
ONT-00856,ONT,ZTE F670
ONT-00857,ONT,Dasan
ONT-00858,ONT,Huawei HG8145
ONT-00859,ONT,ZTE F670
ONT-00860,ONT,Dasan
ONT-00861,ONT,Dasan
ONT-00862,ONT,ZTE F670
ONT-00863,ONT,Huawei HG8145
ONT-00864,ONT,Huawei HG8145
ONT-00865,ONT,Dasan
ONT-00866,ONT,Huawei HG8145
ONT-00867,ONT,Dasan
ONT-00868,ONT,Huawei HG8145
ONT-00869,ONT,ZTE F670
ONT-00870,ONT,Dasan
ONT-00871,ONT,Dasan
ONT-00872,ONT,Huawei HG8145
ONT-00873,ONT,ZTE F670
ONT-00874,ONT,Huawei HG8145
ONT-00875,ONT,Huawei HG8145
ONT-00876,ONT,Huawei HG8145
ONT-00877,ONT,Dasan
ONT-00878,ONT,Huawei HG8145
ONT-00879,ONT,Huawei HG8145
ONT-00880,ONT,ZTE F670
ONT-00881,ONT,ZTE F670
ONT-00882,ONT,Huawei HG8145
ONT-00883,ONT,Dasan
ONT-00884,ONT,Huawei HG8145
ONT-00885,ONT,Dasan
ONT-00886,ONT,ZTE F670
ONT-00887,ONT,Dasan
ONT-00888,ONT,ZTE F670
ONT-00889,ONT,Dasan
ONT-00890,ONT,Huawei HG8145
ONT-00891,ONT,ZTE F670
ONT-00892,ONT,ZTE F670
ONT-00893,ONT,ZTE F670
ONT-00894,ONT,Dasan
ONT-00895,ONT,Huawei HG8145
ONT-00896,ONT,Dasan
ONT-00897,ONT,Dasan
ONT-00898,ONT,ZTE F670
ONT-00899,ONT,ZTE F670
ONT-00900,ONT,Huawei HG8145
ONT-00901,ONT,Huawei HG8145
ONT-00902,ONT,ZTE F670
ONT-00903,ONT,ZTE F670
ONT-00904,ONT,ZTE F670
ONT-00905,ONT,Huawei HG8145
ONT-00906,ONT,Huawei HG8145
ONT-00907,ONT,ZTE F670
ONT-00908,ONT,ZTE F670
ONT-00909,ONT,Dasan
ONT-00910,ONT,ZTE F670
ONT-00911,ONT,Huawei HG8145
ONT-00912,ONT,ZTE F670
ONT-00913,ONT,ZTE F670
ONT-00914,ONT,ZTE F670
ONT-00915,ONT,Huawei HG8145
ONT-00916,ONT,ZTE F670
ONT-00917,ONT,Dasan
ONT-00918,ONT,ZTE F670
ONT-00919,ONT,Huawei HG8145
ONT-00920,ONT,Dasan
ONT-00921,ONT,Dasan
ONT-00922,ONT,ZTE F670
ONT-00923,ONT,Huawei HG8145
ONT-00924,ONT,ZTE F670
ONT-00925,ONT,Dasan
ONT-00926,ONT,Huawei HG8145
ONT-00927,ONT,ZTE F670
ONT-00928,ONT,ZTE F670
ONT-00929,ONT,ZTE F670
ONT-00930,ONT,Dasan
ONT-00931,ONT,Huawei HG8145
ONT-00932,ONT,Huawei HG8145
ONT-00933,ONT,ZTE F670
ONT-00934,ONT,Dasan
ONT-00935,ONT,Huawei HG8145
ONT-00936,ONT,ZTE F670
ONT-00937,ONT,Dasan
ONT-00938,ONT,Dasan
ONT-00939,ONT,ZTE F670
ONT-00940,ONT,Huawei HG8145
ONT-00941,ONT,ZTE F670
ONT-00942,ONT,Dasan
ONT-00943,ONT,Huawei HG8145
ONT-00944,ONT,Huawei HG8145
ONT-00945,ONT,Dasan
ONT-00946,ONT,Dasan
ONT-00947,ONT,Dasan
ONT-00948,ONT,Dasan
ONT-00949,ONT,ZTE F670
ONT-00950,ONT,Dasan
ONT-00951,ONT,Huawei HG8145
ONT-00952,ONT,Dasan
ONT-00953,ONT,ZTE F670
ONT-00954,ONT,ZTE F670
ONT-00955,ONT,ZTE F670
ONT-00956,ONT,Huawei HG8145
ONT-00957,ONT,ZTE F670
ONT-00958,ONT,Dasan
ONT-00959,ONT,ZTE F670
ONT-00960,ONT,Dasan
ONT-00961,ONT,ZTE F670
ONT-00962,ONT,Huawei HG8145
ONT-00963,ONT,ZTE F670
ONT-00964,ONT,Dasan
ONT-00965,ONT,Dasan
ONT-00966,ONT,Dasan
ONT-00967,ONT,ZTE F670
ONT-00968,ONT,Huawei HG8145
ONT-00969,ONT,Huawei HG8145
ONT-00970,ONT,ZTE F670
ONT-00971,ONT,Huawei HG8145
ONT-00972,ONT,Huawei HG8145
ONT-00973,ONT,Dasan
ONT-00974,ONT,Huawei HG8145
ONT-00975,ONT,Dasan
ONT-00976,ONT,Huawei HG8145
ONT-00977,ONT,Dasan
ONT-00978,ONT,Dasan
ONT-00979,ONT,ZTE F670
ONT-00980,ONT,Huawei HG8145
ONT-00981,ONT,ZTE F670
ONT-00982,ONT,ZTE F670
ONT-00983,ONT,Huawei HG8145
ONT-00984,ONT,ZTE F670
ONT-00985,ONT,ZTE F670
ONT-00986,ONT,Huawei HG8145
ONT-00987,ONT,Huawei HG8145
ONT-00988,ONT,ZTE F670
ONT-00989,ONT,Dasan
ONT-00990,ONT,ZTE F670
ONT-00991,ONT,Dasan
ONT-00992,ONT,ZTE F670
ONT-00993,ONT,Huawei HG8145
ONT-00994,ONT,ZTE F670
ONT-00995,ONT,Huawei HG8145
ONT-00996,ONT,Huawei HG8145
ONT-00997,ONT,Huawei HG8145
ONT-00998,ONT,ZTE F670
ONT-00999,ONT,ZTE F670
ONT-01000,ONT,ZTE F670
ONT-01001,ONT,Huawei HG8145
ONT-01002,ONT,Huawei HG8145
ONT-01003,ONT,Huawei HG8145
ONT-01004,ONT,Huawei HG8145
ONT-01005,ONT,ZTE F670
ONT-01006,ONT,Huawei HG8145
ONT-01007,ONT,ZTE F670
ONT-01008,ONT,Dasan
ONT-01009,ONT,Huawei HG8145
ONT-01010,ONT,ZTE F670
ONT-01011,ONT,Dasan
ONT-01012,ONT,Dasan
ONT-01013,ONT,Dasan
ONT-01014,ONT,Dasan
ONT-01015,ONT,Huawei HG8145
ONT-01016,ONT,ZTE F670
ONT-01017,ONT,ZTE F670
ONT-01018,ONT,Huawei HG8145
ONT-01019,ONT,Huawei HG8145
ONT-01020,ONT,ZTE F670
ONT-01021,ONT,Dasan
ONT-01022,ONT,Dasan
ONT-01023,ONT,ZTE F670
ONT-01024,ONT,Dasan
ONT-01025,ONT,ZTE F670
ONT-01026,ONT,Huawei HG8145
ONT-01027,ONT,Huawei HG8145
ONT-01028,ONT,ZTE F670
ONT-01029,ONT,Dasan
ONT-01030,ONT,Huawei HG8145
ONT-01031,ONT,Huawei HG8145
ONT-01032,ONT,ZTE F670
ONT-01033,ONT,ZTE F670
ONT-01034,ONT,Huawei HG8145
ONT-01035,ONT,Dasan
ONT-01036,ONT,Huawei HG8145
ONT-01037,ONT,Dasan
ONT-01038,ONT,ZTE F670
ONT-01039,ONT,ZTE F670
ONT-01040,ONT,ZTE F670
ONT-01041,ONT,Dasan
ONT-01042,ONT,Huawei HG8145
ONT-01043,ONT,Huawei HG8145
ONT-01044,ONT,Huawei HG8145
ONT-01045,ONT,ZTE F670
ONT-01046,ONT,Huawei HG8145
ONT-01047,ONT,Huawei HG8145
ONT-01048,ONT,Huawei HG8145
ONT-01049,ONT,Dasan
ONT-01050,ONT,Huawei HG8145
ONT-01051,ONT,Huawei HG8145
ONT-01052,ONT,Huawei HG8145
ONT-01053,ONT,Huawei HG8145
ONT-01054,ONT,Dasan
ONT-01055,ONT,ZTE F670
ONT-01056,ONT,Huawei HG8145
ONT-01057,ONT,Huawei HG8145
ONT-01058,ONT,Huawei HG8145
ONT-01059,ONT,Dasan
ONT-01060,ONT,Huawei HG8145
ONT-01061,ONT,ZTE F670
ONT-01062,ONT,Huawei HG8145
ONT-01063,ONT,ZTE F670
ONT-01064,ONT,Dasan
ONT-01065,ONT,Dasan
ONT-01066,ONT,Dasan
ONT-01067,ONT,Dasan
ONT-01068,ONT,Huawei HG8145
ONT-01069,ONT,ZTE F670
ONT-01070,ONT,ZTE F670
ONT-01071,ONT,Huawei HG8145
ONT-01072,ONT,Dasan
ONT-01073,ONT,ZTE F670
ONT-01074,ONT,Huawei HG8145
ONT-01075,ONT,ZTE F670
ONT-01076,ONT,Huawei HG8145
ONT-01077,ONT,Dasan
ONT-01078,ONT,ZTE F670
ONT-01079,ONT,Dasan
ONT-01080,ONT,Dasan
ONT-01081,ONT,ZTE F670
ONT-01082,ONT,ZTE F670
ONT-01083,ONT,Huawei HG8145
ONT-01084,ONT,Huawei HG8145
ONT-01085,ONT,Dasan
ONT-01086,ONT,Dasan
ONT-01087,ONT,Dasan
ONT-01088,ONT,ZTE F670
ONT-01089,ONT,ZTE F670
ONT-01090,ONT,Huawei HG8145
ONT-01091,ONT,ZTE F670
ONT-01092,ONT,Huawei HG8145
ONT-01093,ONT,Huawei HG8145
ONT-01094,ONT,Dasan
ONT-01095,ONT,ZTE F670
ONT-01096,ONT,Huawei HG8145
ONT-01097,ONT,ZTE F670
ONT-01098,ONT,ZTE F670
ONT-01099,ONT,Dasan
ONT-01100,ONT,Huawei HG8145
ONT-01101,ONT,Huawei HG8145
ONT-01102,ONT,Huawei HG8145
ONT-01103,ONT,Huawei HG8145
ONT-01104,ONT,ZTE F670
ONT-01105,ONT,Dasan
ONT-01106,ONT,ZTE F670
ONT-01107,ONT,ZTE F670
ONT-01108,ONT,Dasan
ONT-01109,ONT,Huawei HG8145
ONT-01110,ONT,Huawei HG8145
ONT-01111,ONT,Huawei HG8145
ONT-01112,ONT,ZTE F670
ONT-01113,ONT,Dasan
ONT-01114,ONT,Huawei HG8145
ONT-01115,ONT,Dasan
ONT-01116,ONT,ZTE F670
ONT-01117,ONT,Huawei HG8145
ONT-01118,ONT,Dasan
ONT-01119,ONT,Huawei HG8145
ONT-01120,ONT,Huawei HG8145
ONT-01121,ONT,ZTE F670
ONT-01122,ONT,Huawei HG8145
ONT-01123,ONT,ZTE F670
ONT-01124,ONT,ZTE F670
ONT-01125,ONT,Huawei HG8145
ONT-01126,ONT,ZTE F670
ONT-01127,ONT,Dasan
ONT-01128,ONT,Huawei HG8145
ONT-01129,ONT,Huawei HG8145
ONT-01130,ONT,Dasan
ONT-01131,ONT,Huawei HG8145
ONT-01132,ONT,ZTE F670
ONT-01133,ONT,ZTE F670
ONT-01134,ONT,ZTE F670
ONT-01135,ONT,Dasan
ONT-01136,ONT,Dasan
ONT-01137,ONT,Dasan
ONT-01138,ONT,Huawei HG8145
ONT-01139,ONT,ZTE F670
ONT-01140,ONT,Dasan
ONT-01141,ONT,ZTE F670
ONT-01142,ONT,Huawei HG8145
ONT-01143,ONT,Dasan
ONT-01144,ONT,ZTE F670
ONT-01145,ONT,Huawei HG8145
ONT-01146,ONT,Huawei HG8145
ONT-01147,ONT,Dasan
ONT-01148,ONT,ZTE F670
ONT-01149,ONT,ZTE F670
ONT-01150,ONT,Dasan
ONT-01151,ONT,ZTE F670
ONT-01152,ONT,Huawei HG8145
ONT-01153,ONT,Dasan
ONT-01154,ONT,Huawei HG8145
ONT-01155,ONT,ZTE F670
ONT-01156,ONT,Huawei HG8145
ONT-01157,ONT,ZTE F670
ONT-01158,ONT,ZTE F670
ONT-01159,ONT,ZTE F670
ONT-01160,ONT,Huawei HG8145
ONT-01161,ONT,Huawei HG8145
ONT-01162,ONT,ZTE F670
ONT-01163,ONT,ZTE F670
ONT-01164,ONT,ZTE F670
ONT-01165,ONT,Dasan
ONT-01166,ONT,Huawei HG8145
ONT-01167,ONT,Dasan
ONT-01168,ONT,Huawei HG8145
ONT-01169,ONT,ZTE F670
ONT-01170,ONT,Huawei HG8145
ONT-01171,ONT,ZTE F670
ONT-01172,ONT,Dasan
ONT-01173,ONT,Dasan
ONT-01174,ONT,ZTE F670
ONT-01175,ONT,Huawei HG8145
ONT-01176,ONT,Dasan
ONT-01177,ONT,Huawei HG8145
ONT-01178,ONT,Dasan
ONT-01179,ONT,Dasan
ONT-01180,ONT,Dasan
ONT-01181,ONT,Dasan
ONT-01182,ONT,Huawei HG8145
ONT-01183,ONT,ZTE F670
ONT-01184,ONT,ZTE F670
ONT-01185,ONT,Huawei HG8145
ONT-01186,ONT,ZTE F670
ONT-01187,ONT,Dasan
ONT-01188,ONT,Huawei HG8145
ONT-01189,ONT,ZTE F670
ONT-01190,ONT,Huawei HG8145
ONT-01191,ONT,Huawei HG8145
ONT-01192,ONT,ZTE F670
ONT-01193,ONT,Dasan
ONT-01194,ONT,Dasan
ONT-01195,ONT,ZTE F670
ONT-01196,ONT,Huawei HG8145
ONT-01197,ONT,Huawei HG8145
ONT-01198,ONT,Huawei HG8145
ONT-01199,ONT,ZTE F670
ONT-01200,ONT,Dasan
ONT-01201,ONT,ZTE F670
ONT-01202,ONT,ZTE F670
ONT-01203,ONT,Dasan
ONT-01204,ONT,ZTE F670
ONT-01205,ONT,Huawei HG8145
ONT-01206,ONT,Dasan
ONT-01207,ONT,Huawei HG8145
ONT-01208,ONT,ZTE F670
ONT-01209,ONT,Huawei HG8145
ONT-01210,ONT,ZTE F670
ONT-01211,ONT,Dasan
ONT-01212,ONT,ZTE F670
ONT-01213,ONT,ZTE F670
ONT-01214,ONT,Huawei HG8145
ONT-01215,ONT,ZTE F670
ONT-01216,ONT,ZTE F670
ONT-01217,ONT,Huawei HG8145
ONT-01218,ONT,Dasan
ONT-01219,ONT,Dasan
ONT-01220,ONT,Dasan
ONT-01221,ONT,Dasan
ONT-01222,ONT,Huawei HG8145
ONT-01223,ONT,Huawei HG8145
ONT-01224,ONT,Dasan
ONT-01225,ONT,Dasan
ONT-01226,ONT,Huawei HG8145
ONT-01227,ONT,ZTE F670
ONT-01228,ONT,Dasan
ONT-01229,ONT,Dasan
ONT-01230,ONT,ZTE F670
ONT-01231,ONT,Huawei HG8145
ONT-01232,ONT,Dasan
ONT-01233,ONT,ZTE F670
ONT-01234,ONT,ZTE F670
ONT-01235,ONT,ZTE F670
ONT-01236,ONT,ZTE F670
ONT-01237,ONT,ZTE F670
ONT-01238,ONT,ZTE F670
ONT-01239,ONT,Dasan
ONT-01240,ONT,ZTE F670
ONT-01241,ONT,Huawei HG8145
ONT-01242,ONT,Dasan
ONT-01243,ONT,Huawei HG8145
ONT-01244,ONT,Dasan
ONT-01245,ONT,Huawei HG8145
ONT-01246,ONT,ZTE F670
ONT-01247,ONT,ZTE F670
ONT-01248,ONT,ZTE F670
ONT-01249,ONT,Huawei HG8145
ONT-01250,ONT,ZTE F670
ONT-01251,ONT,ZTE F670
ONT-01252,ONT,ZTE F670
ONT-01253,ONT,ZTE F670
ONT-01254,ONT,Dasan
ONT-01255,ONT,ZTE F670
ONT-01256,ONT,ZTE F670
ONT-01257,ONT,Dasan
ONT-01258,ONT,Huawei HG8145
ONT-01259,ONT,ZTE F670
ONT-01260,ONT,Huawei HG8145
ONT-01261,ONT,Huawei HG8145
ONT-01262,ONT,ZTE F670
ONT-01263,ONT,Dasan
ONT-01264,ONT,Dasan
ONT-01265,ONT,Dasan
ONT-01266,ONT,Dasan
ONT-01267,ONT,Dasan
ONT-01268,ONT,ZTE F670
ONT-01269,ONT,ZTE F670
ONT-01270,ONT,Dasan
ONT-01271,ONT,ZTE F670
ONT-01272,ONT,Dasan
ONT-01273,ONT,Huawei HG8145
ONT-01274,ONT,Huawei HG8145
ONT-01275,ONT,Huawei HG8145
ONT-01276,ONT,Dasan
ONT-01277,ONT,Dasan
ONT-01278,ONT,Dasan
ONT-01279,ONT,Huawei HG8145
ONT-01280,ONT,ZTE F670
ONT-01281,ONT,Dasan
ONT-01282,ONT,ZTE F670
ONT-01283,ONT,ZTE F670
ONT-01284,ONT,ZTE F670
ONT-01285,ONT,ZTE F670
ONT-01286,ONT,Huawei HG8145
ONT-01287,ONT,Huawei HG8145
ONT-01288,ONT,Huawei HG8145
ONT-01289,ONT,Dasan
ONT-01290,ONT,ZTE F670
ONT-01291,ONT,Dasan
ONT-01292,ONT,Dasan
ONT-01293,ONT,Dasan
ONT-01294,ONT,Dasan
ONT-01295,ONT,Dasan
ONT-01296,ONT,Huawei HG8145
ONT-01297,ONT,Huawei HG8145
ONT-01298,ONT,Dasan
ONT-01299,ONT,Dasan
ONT-01300,ONT,Huawei HG8145
ONT-01301,ONT,Huawei HG8145
ONT-01302,ONT,ZTE F670
ONT-01303,ONT,Huawei HG8145
ONT-01304,ONT,ZTE F670
ONT-01305,ONT,Huawei HG8145
ONT-01306,ONT,Dasan
ONT-01307,ONT,ZTE F670
ONT-01308,ONT,ZTE F670
ONT-01309,ONT,Huawei HG8145
ONT-01310,ONT,ZTE F670
ONT-01311,ONT,ZTE F670
ONT-01312,ONT,ZTE F670
ONT-01313,ONT,Huawei HG8145
ONT-01314,ONT,Huawei HG8145
ONT-01315,ONT,ZTE F670
ONT-01316,ONT,Dasan
ONT-01317,ONT,Huawei HG8145
ONT-01318,ONT,Dasan
ONT-01319,ONT,ZTE F670
ONT-01320,ONT,Huawei HG8145
ONT-01321,ONT,Dasan
ONT-01322,ONT,Dasan
ONT-01323,ONT,Huawei HG8145
ONT-01324,ONT,Dasan
ONT-01325,ONT,ZTE F670
ONT-01326,ONT,Huawei HG8145
ONT-01327,ONT,Dasan
ONT-01328,ONT,Dasan
ONT-01329,ONT,Dasan
ONT-01330,ONT,ZTE F670
ONT-01331,ONT,Dasan
ONT-01332,ONT,ZTE F670
ONT-01333,ONT,Dasan
ONT-01334,ONT,Huawei HG8145
ONT-01335,ONT,Dasan
ONT-01336,ONT,Dasan
ONT-01337,ONT,Huawei HG8145
ONT-01338,ONT,ZTE F670
ONT-01339,ONT,Huawei HG8145
ONT-01340,ONT,Dasan
ONT-01341,ONT,Huawei HG8145
ONT-01342,ONT,Dasan
ONT-01343,ONT,Dasan
ONT-01344,ONT,Dasan
ONT-01345,ONT,Huawei HG8145
ONT-01346,ONT,ZTE F670
ONT-01347,ONT,Huawei HG8145
ONT-01348,ONT,ZTE F670
ONT-01349,ONT,ZTE F670
ONT-01350,ONT,Dasan
ONT-01351,ONT,Huawei HG8145
ONT-01352,ONT,Dasan
ONT-01353,ONT,Dasan
ONT-01354,ONT,Huawei HG8145
ONT-01355,ONT,Huawei HG8145
ONT-01356,ONT,Dasan
ONT-01357,ONT,Huawei HG8145
ONT-01358,ONT,Huawei HG8145
ONT-01359,ONT,ZTE F670
ONT-01360,ONT,Dasan
ONT-01361,ONT,Dasan
ONT-01362,ONT,Huawei HG8145
ONT-01363,ONT,ZTE F670
ONT-01364,ONT,Huawei HG8145
ONT-01365,ONT,Huawei HG8145
ONT-01366,ONT,Dasan
ONT-01367,ONT,ZTE F670
ONT-01368,ONT,ZTE F670
ONT-01369,ONT,Dasan
ONT-01370,ONT,Huawei HG8145
ONT-01371,ONT,ZTE F670
ONT-01372,ONT,Huawei HG8145
ONT-01373,ONT,ZTE F670
ONT-01374,ONT,ZTE F670
ONT-01375,ONT,ZTE F670
ONT-01376,ONT,Huawei HG8145
ONT-01377,ONT,Dasan
ONT-01378,ONT,Dasan
ONT-01379,ONT,Dasan
ONT-01380,ONT,Dasan
ONT-01381,ONT,Huawei HG8145
ONT-01382,ONT,Dasan
ONT-01383,ONT,Huawei HG8145
ONT-01384,ONT,Huawei HG8145
ONT-01385,ONT,ZTE F670
ONT-01386,ONT,Huawei HG8145
ONT-01387,ONT,ZTE F670
ONT-01388,ONT,Huawei HG8145
ONT-01389,ONT,Dasan
ONT-01390,ONT,Huawei HG8145
ONT-01391,ONT,Huawei HG8145
ONT-01392,ONT,Dasan
ONT-01393,ONT,Dasan
ONT-01394,ONT,Dasan
ONT-01395,ONT,ZTE F670
ONT-01396,ONT,Dasan
ONT-01397,ONT,Dasan
ONT-01398,ONT,ZTE F670
ONT-01399,ONT,Dasan
ONT-01400,ONT,Dasan
ONT-01401,ONT,Dasan
ONT-01402,ONT,ZTE F670
ONT-01403,ONT,Dasan
ONT-01404,ONT,ZTE F670
ONT-01405,ONT,ZTE F670
ONT-01406,ONT,Huawei HG8145
ONT-01407,ONT,Huawei HG8145
ONT-01408,ONT,Dasan
ONT-01409,ONT,Huawei HG8145
ONT-01410,ONT,Dasan
ONT-01411,ONT,Huawei HG8145
ONT-01412,ONT,ZTE F670
ONT-01413,ONT,Huawei HG8145
ONT-01414,ONT,ZTE F670
ONT-01415,ONT,ZTE F670
ONT-01416,ONT,Huawei HG8145
ONT-01417,ONT,Huawei HG8145
ONT-01418,ONT,Dasan
ONT-01419,ONT,ZTE F670
ONT-01420,ONT,Dasan
ONT-01421,ONT,Dasan
ONT-01422,ONT,ZTE F670
ONT-01423,ONT,Dasan
ONT-01424,ONT,Huawei HG8145
ONT-01425,ONT,Dasan
ONT-01426,ONT,Dasan
ONT-01427,ONT,Huawei HG8145
ONT-01428,ONT,ZTE F670
ONT-01429,ONT,ZTE F670
ONT-01430,ONT,ZTE F670
ONT-01431,ONT,Dasan
ONT-01432,ONT,ZTE F670
ONT-01433,ONT,ZTE F670
ONT-01434,ONT,ZTE F670
ONT-01435,ONT,ZTE F670
ONT-01436,ONT,Huawei HG8145
ONT-01437,ONT,ZTE F670
ONT-01438,ONT,ZTE F670
ONT-01439,ONT,Huawei HG8145
ONT-01440,ONT,Huawei HG8145
ONT-01441,ONT,ZTE F670
ONT-01442,ONT,Dasan
ONT-01443,ONT,Huawei HG8145
ONT-01444,ONT,Huawei HG8145
ONT-01445,ONT,ZTE F670
ONT-01446,ONT,Huawei HG8145
ONT-01447,ONT,ZTE F670
ONT-01448,ONT,Huawei HG8145
ONT-01449,ONT,Dasan
ONT-01450,ONT,Huawei HG8145
ONT-01451,ONT,ZTE F670
ONT-01452,ONT,ZTE F670
ONT-01453,ONT,Huawei HG8145
ONT-01454,ONT,ZTE F670
ONT-01455,ONT,ZTE F670
ONT-01456,ONT,Dasan
ONT-01457,ONT,ZTE F670
ONT-01458,ONT,Dasan
ONT-01459,ONT,ZTE F670
ONT-01460,ONT,Dasan
ONT-01461,ONT,ZTE F670
ONT-01462,ONT,Dasan
ONT-01463,ONT,Huawei HG8145
ONT-01464,ONT,Dasan
ONT-01465,ONT,Dasan
ONT-01466,ONT,Huawei HG8145
ONT-01467,ONT,Dasan
ONT-01468,ONT,ZTE F670
ONT-01469,ONT,ZTE F670
ONT-01470,ONT,ZTE F670
ONT-01471,ONT,Huawei HG8145
ONT-01472,ONT,Huawei HG8145
ONT-01473,ONT,Huawei HG8145
ONT-01474,ONT,ZTE F670
ONT-01475,ONT,Huawei HG8145
ONT-01476,ONT,Dasan
ONT-01477,ONT,Dasan
ONT-01478,ONT,Huawei HG8145
ONT-01479,ONT,Huawei HG8145
ONT-01480,ONT,Huawei HG8145
ONT-01481,ONT,ZTE F670
ONT-01482,ONT,Dasan
ONT-01483,ONT,Dasan
ONT-01484,ONT,Dasan
ONT-01485,ONT,Dasan
ONT-01486,ONT,Dasan
ONT-01487,ONT,Huawei HG8145
ONT-01488,ONT,ZTE F670
ONT-01489,ONT,Huawei HG8145
ONT-01490,ONT,ZTE F670
ONT-01491,ONT,ZTE F670
ONT-01492,ONT,ZTE F670
ONT-01493,ONT,Huawei HG8145
ONT-01494,ONT,ZTE F670
ONT-01495,ONT,Huawei HG8145
ONT-01496,ONT,ZTE F670
ONT-01497,ONT,Huawei HG8145
ONT-01498,ONT,Huawei HG8145
ONT-01499,ONT,ZTE F670
ONT-01500,ONT,ZTE F670
ONT-01501,ONT,Dasan
ONT-01502,ONT,Dasan
ONT-01503,ONT,Dasan
ONT-01504,ONT,ZTE F670
ONT-01505,ONT,Huawei HG8145
ONT-01506,ONT,Huawei HG8145
ONT-01507,ONT,Huawei HG8145
ONT-01508,ONT,Huawei HG8145
ONT-01509,ONT,Dasan
ONT-01510,ONT,ZTE F670
ONT-01511,ONT,ZTE F670
ONT-01512,ONT,Dasan
ONT-01513,ONT,Huawei HG8145
ONT-01514,ONT,Huawei HG8145
ONT-01515,ONT,Huawei HG8145
ONT-01516,ONT,Dasan
ONT-01517,ONT,Huawei HG8145
ONT-01518,ONT,ZTE F670
ONT-01519,ONT,Huawei HG8145
ONT-01520,ONT,Dasan
ONT-01521,ONT,ZTE F670
ONT-01522,ONT,ZTE F670
ONT-01523,ONT,Dasan
ONT-01524,ONT,Dasan
ONT-01525,ONT,Huawei HG8145
ONT-01526,ONT,Dasan
ONT-01527,ONT,Dasan
ONT-01528,ONT,Huawei HG8145
ONT-01529,ONT,ZTE F670
ONT-01530,ONT,Dasan
ONT-01531,ONT,ZTE F670
ONT-01532,ONT,ZTE F670
ONT-01533,ONT,ZTE F670
ONT-01534,ONT,Huawei HG8145
ONT-01535,ONT,Huawei HG8145
ONT-01536,ONT,ZTE F670
ONT-01537,ONT,Huawei HG8145
ONT-01538,ONT,Huawei HG8145
ONT-01539,ONT,Dasan
ONT-01540,ONT,Huawei HG8145
ONT-01541,ONT,ZTE F670
ONT-01542,ONT,ZTE F670
ONT-01543,ONT,Dasan
ONT-01544,ONT,Dasan
ONT-01545,ONT,Dasan
ONT-01546,ONT,Huawei HG8145
ONT-01547,ONT,ZTE F670
ONT-01548,ONT,Huawei HG8145
ONT-01549,ONT,Huawei HG8145
ONT-01550,ONT,ZTE F670
ONT-01551,ONT,ZTE F670
ONT-01552,ONT,Dasan
ONT-01553,ONT,Dasan
ONT-01554,ONT,Huawei HG8145
ONT-01555,ONT,ZTE F670
ONT-01556,ONT,Dasan
ONT-01557,ONT,Dasan
ONT-01558,ONT,Huawei HG8145
ONT-01559,ONT,Dasan
ONT-01560,ONT,Dasan
ONT-01561,ONT,Dasan
ONT-01562,ONT,Dasan
ONT-01563,ONT,ZTE F670
ONT-01564,ONT,Dasan
ONT-01565,ONT,Huawei HG8145
ONT-01566,ONT,Dasan
ONT-01567,ONT,ZTE F670
ONT-01568,ONT,Huawei HG8145
ONT-01569,ONT,Huawei HG8145
ONT-01570,ONT,ZTE F670
ONT-01571,ONT,ZTE F670
ONT-01572,ONT,Dasan
ONT-01573,ONT,Huawei HG8145
ONT-01574,ONT,Huawei HG8145
ONT-01575,ONT,Huawei HG8145
ONT-01576,ONT,Huawei HG8145
ONT-01577,ONT,Dasan
ONT-01578,ONT,ZTE F670
ONT-01579,ONT,ZTE F670
ONT-01580,ONT,Huawei HG8145
ONT-01581,ONT,ZTE F670
ONT-01582,ONT,ZTE F670
ONT-01583,ONT,Dasan
ONT-01584,ONT,Huawei HG8145
ONT-01585,ONT,ZTE F670
ONT-01586,ONT,ZTE F670
ONT-01587,ONT,ZTE F670
ONT-01588,ONT,Dasan
ONT-01589,ONT,ZTE F670
ONT-01590,ONT,ZTE F670
ONT-01591,ONT,Dasan
ONT-01592,ONT,ZTE F670
ONT-01593,ONT,Huawei HG8145
ONT-01594,ONT,Huawei HG8145
ONT-01595,ONT,Dasan
ONT-01596,ONT,Huawei HG8145
ONT-01597,ONT,Huawei HG8145
ONT-01598,ONT,Huawei HG8145
ONT-01599,ONT,Huawei HG8145
ONT-01600,ONT,ZTE F670
ONT-01601,ONT,ZTE F670
ONT-01602,ONT,ZTE F670
ONT-01603,ONT,Huawei HG8145
ONT-01604,ONT,Huawei HG8145
ONT-01605,ONT,Huawei HG8145
ONT-01606,ONT,Huawei HG8145
ONT-01607,ONT,Dasan
ONT-01608,ONT,Huawei HG8145
ONT-01609,ONT,ZTE F670
ONT-01610,ONT,Dasan
ONT-01611,ONT,ZTE F670
ONT-01612,ONT,Dasan
ONT-01613,ONT,Huawei HG8145
ONT-01614,ONT,ZTE F670
ONT-01615,ONT,ZTE F670
ONT-01616,ONT,Dasan
ONT-01617,ONT,Huawei HG8145
ONT-01618,ONT,ZTE F670
ONT-01619,ONT,Dasan
ONT-01620,ONT,ZTE F670
ONT-01621,ONT,Huawei HG8145
ONT-01622,ONT,Dasan
ONT-01623,ONT,Huawei HG8145
ONT-01624,ONT,ZTE F670
ONT-01625,ONT,ZTE F670
ONT-01626,ONT,Dasan
ONT-01627,ONT,ZTE F670
ONT-01628,ONT,Huawei HG8145
ONT-01629,ONT,ZTE F670
ONT-01630,ONT,ZTE F670
ONT-01631,ONT,Dasan
ONT-01632,ONT,ZTE F670
ONT-01633,ONT,Huawei HG8145
ONT-01634,ONT,Huawei HG8145
ONT-01635,ONT,ZTE F670
ONT-01636,ONT,Huawei HG8145
ONT-01637,ONT,Huawei HG8145
ONT-01638,ONT,Dasan
ONT-01639,ONT,Dasan
ONT-01640,ONT,Huawei HG8145
ONT-01641,ONT,ZTE F670
ONT-01642,ONT,Dasan
ONT-01643,ONT,Huawei HG8145
ONT-01644,ONT,Huawei HG8145
ONT-01645,ONT,ZTE F670
ONT-01646,ONT,Dasan
ONT-01647,ONT,Dasan
ONT-01648,ONT,Dasan
ONT-01649,ONT,Huawei HG8145
ONT-01650,ONT,ZTE F670
ONT-01651,ONT,Dasan
ONT-01652,ONT,ZTE F670
ONT-01653,ONT,Dasan
ONT-01654,ONT,ZTE F670
ONT-01655,ONT,Huawei HG8145
ONT-01656,ONT,Dasan
ONT-01657,ONT,Huawei HG8145
ONT-01658,ONT,Huawei HG8145
ONT-01659,ONT,ZTE F670
ONT-01660,ONT,Dasan
ONT-01661,ONT,Huawei HG8145
ONT-01662,ONT,Dasan
ONT-01663,ONT,Huawei HG8145
ONT-01664,ONT,ZTE F670
ONT-01665,ONT,Dasan
ONT-01666,ONT,ZTE F670
ONT-01667,ONT,ZTE F670
ONT-01668,ONT,ZTE F670
ONT-01669,ONT,ZTE F670
ONT-01670,ONT,ZTE F670
ONT-01671,ONT,Huawei HG8145
ONT-01672,ONT,ZTE F670
ONT-01673,ONT,ZTE F670
ONT-01674,ONT,ZTE F670
ONT-01675,ONT,Dasan
ONT-01676,ONT,Huawei HG8145
ONT-01677,ONT,Dasan
ONT-01678,ONT,ZTE F670
ONT-01679,ONT,Huawei HG8145
ONT-01680,ONT,Dasan
ONT-01681,ONT,Huawei HG8145
ONT-01682,ONT,Dasan
ONT-01683,ONT,ZTE F670
ONT-01684,ONT,Huawei HG8145
ONT-01685,ONT,Huawei HG8145
ONT-01686,ONT,ZTE F670
ONT-01687,ONT,Dasan
ONT-01688,ONT,ZTE F670
ONT-01689,ONT,Huawei HG8145
ONT-01690,ONT,Huawei HG8145
ONT-01691,ONT,Huawei HG8145
ONT-01692,ONT,ZTE F670
ONT-01693,ONT,Dasan
ONT-01694,ONT,Huawei HG8145
ONT-01695,ONT,Dasan
ONT-01696,ONT,Dasan
ONT-01697,ONT,ZTE F670
ONT-01698,ONT,ZTE F670
ONT-01699,ONT,Huawei HG8145
ONT-01700,ONT,ZTE F670
ONT-01701,ONT,Huawei HG8145
ONT-01702,ONT,ZTE F670
ONT-01703,ONT,Huawei HG8145
ONT-01704,ONT,Huawei HG8145
ONT-01705,ONT,Huawei HG8145
ONT-01706,ONT,Dasan
ONT-01707,ONT,Dasan
ONT-01708,ONT,Dasan
ONT-01709,ONT,ZTE F670
ONT-01710,ONT,ZTE F670
ONT-01711,ONT,Huawei HG8145
ONT-01712,ONT,Dasan
ONT-01713,ONT,ZTE F670
ONT-01714,ONT,ZTE F670
ONT-01715,ONT,ZTE F670
ONT-01716,ONT,Huawei HG8145
ONT-01717,ONT,ZTE F670
ONT-01718,ONT,ZTE F670
ONT-01719,ONT,Huawei HG8145
ONT-01720,ONT,ZTE F670
ONT-01721,ONT,Huawei HG8145
ONT-01722,ONT,Dasan
ONT-01723,ONT,ZTE F670
ONT-01724,ONT,ZTE F670
ONT-01725,ONT,Dasan
ONT-01726,ONT,Dasan
ONT-01727,ONT,ZTE F670
ONT-01728,ONT,Dasan
ONT-01729,ONT,Dasan
ONT-01730,ONT,Dasan
ONT-01731,ONT,ZTE F670
ONT-01732,ONT,Huawei HG8145
ONT-01733,ONT,Dasan
ONT-01734,ONT,Huawei HG8145
ONT-01735,ONT,Huawei HG8145
ONT-01736,ONT,Dasan
ONT-01737,ONT,Dasan
ONT-01738,ONT,Dasan
ONT-01739,ONT,Huawei HG8145
ONT-01740,ONT,Huawei HG8145
ONT-01741,ONT,Dasan
ONT-01742,ONT,Huawei HG8145
ONT-01743,ONT,Huawei HG8145
ONT-01744,ONT,Huawei HG8145
ONT-01745,ONT,ZTE F670
ONT-01746,ONT,ZTE F670
ONT-01747,ONT,Dasan
ONT-01748,ONT,Dasan
ONT-01749,ONT,ZTE F670
ONT-01750,ONT,Dasan
ONT-01751,ONT,ZTE F670
ONT-01752,ONT,Dasan
ONT-01753,ONT,Huawei HG8145
ONT-01754,ONT,Dasan
ONT-01755,ONT,Dasan
ONT-01756,ONT,Huawei HG8145
ONT-01757,ONT,Dasan
ONT-01758,ONT,Dasan
ONT-01759,ONT,Dasan
ONT-01760,ONT,Huawei HG8145
ONT-01761,ONT,Dasan
ONT-01762,ONT,ZTE F670
ONT-01763,ONT,Dasan
ONT-01764,ONT,Huawei HG8145
ONT-01765,ONT,ZTE F670
ONT-01766,ONT,Dasan
ONT-01767,ONT,Dasan
ONT-01768,ONT,ZTE F670
ONT-01769,ONT,ZTE F670
ONT-01770,ONT,ZTE F670
ONT-01771,ONT,Dasan
ONT-01772,ONT,Huawei HG8145
ONT-01773,ONT,Dasan
ONT-01774,ONT,Huawei HG8145
ONT-01775,ONT,ZTE F670
ONT-01776,ONT,Huawei HG8145
ONT-01777,ONT,ZTE F670
ONT-01778,ONT,Dasan
ONT-01779,ONT,ZTE F670
ONT-01780,ONT,Dasan
ONT-01781,ONT,Huawei HG8145
ONT-01782,ONT,Huawei HG8145
ONT-01783,ONT,Dasan
ONT-01784,ONT,Dasan
ONT-01785,ONT,Huawei HG8145
ONT-01786,ONT,ZTE F670
ONT-01787,ONT,Huawei HG8145
ONT-01788,ONT,ZTE F670
ONT-01789,ONT,Dasan
ONT-01790,ONT,Dasan
ONT-01791,ONT,Huawei HG8145
ONT-01792,ONT,ZTE F670
ONT-01793,ONT,Dasan
ONT-01794,ONT,Huawei HG8145
ONT-01795,ONT,ZTE F670
ONT-01796,ONT,Huawei HG8145
ONT-01797,ONT,Dasan
ONT-01798,ONT,ZTE F670
ONT-01799,ONT,ZTE F670
ONT-01800,ONT,Dasan
ONT-01801,ONT,Huawei HG8145
ONT-01802,ONT,Dasan
ONT-01803,ONT,Dasan
ONT-01804,ONT,Huawei HG8145
ONT-01805,ONT,ZTE F670
ONT-01806,ONT,Dasan
ONT-01807,ONT,Huawei HG8145
ONT-01808,ONT,Dasan
ONT-01809,ONT,Dasan
ONT-01810,ONT,Dasan
ONT-01811,ONT,Dasan
ONT-01812,ONT,ZTE F670
ONT-01813,ONT,ZTE F670
ONT-01814,ONT,Dasan
ONT-01815,ONT,Dasan
ONT-01816,ONT,Huawei HG8145
ONT-01817,ONT,ZTE F670
ONT-01818,ONT,Dasan
ONT-01819,ONT,Huawei HG8145
ONT-01820,ONT,Huawei HG8145
ONT-01821,ONT,ZTE F670
ONT-01822,ONT,Dasan
ONT-01823,ONT,Dasan
ONT-01824,ONT,ZTE F670
ONT-01825,ONT,Dasan
ONT-01826,ONT,ZTE F670
ONT-01827,ONT,Huawei HG8145
ONT-01828,ONT,Huawei HG8145
ONT-01829,ONT,Dasan
ONT-01830,ONT,Huawei HG8145
ONT-01831,ONT,ZTE F670
ONT-01832,ONT,Dasan
ONT-01833,ONT,Dasan
ONT-01834,ONT,Huawei HG8145
ONT-01835,ONT,ZTE F670
ONT-01836,ONT,Dasan
ONT-01837,ONT,ZTE F670
ONT-01838,ONT,Huawei HG8145
ONT-01839,ONT,Huawei HG8145
ONT-01840,ONT,Dasan
ONT-01841,ONT,ZTE F670
ONT-01842,ONT,ZTE F670
ONT-01843,ONT,Dasan
ONT-01844,ONT,Dasan
ONT-01845,ONT,Dasan
ONT-01846,ONT,Huawei HG8145
ONT-01847,ONT,ZTE F670
ONT-01848,ONT,ZTE F670
ONT-01849,ONT,ZTE F670
ONT-01850,ONT,ZTE F670
ONT-01851,ONT,Huawei HG8145
ONT-01852,ONT,Huawei HG8145
ONT-01853,ONT,Dasan
ONT-01854,ONT,Huawei HG8145
ONT-01855,ONT,Huawei HG8145
ONT-01856,ONT,Huawei HG8145
ONT-01857,ONT,Dasan
ONT-01858,ONT,ZTE F670
ONT-01859,ONT,Huawei HG8145
ONT-01860,ONT,ZTE F670
ONT-01861,ONT,Dasan
ONT-01862,ONT,Dasan
ONT-01863,ONT,Huawei HG8145
ONT-01864,ONT,Huawei HG8145
ONT-01865,ONT,Dasan
ONT-01866,ONT,ZTE F670
ONT-01867,ONT,Dasan
ONT-01868,ONT,Dasan
ONT-01869,ONT,ZTE F670
ONT-01870,ONT,ZTE F670
ONT-01871,ONT,Dasan
ONT-01872,ONT,Dasan
ONT-01873,ONT,ZTE F670
ONT-01874,ONT,Huawei HG8145
ONT-01875,ONT,Dasan
ONT-01876,ONT,Dasan
ONT-01877,ONT,ZTE F670
ONT-01878,ONT,ZTE F670
ONT-01879,ONT,ZTE F670
ONT-01880,ONT,ZTE F670
ONT-01881,ONT,Huawei HG8145
ONT-01882,ONT,Huawei HG8145
ONT-01883,ONT,Huawei HG8145
ONT-01884,ONT,Huawei HG8145
ONT-01885,ONT,Huawei HG8145
ONT-01886,ONT,ZTE F670
ONT-01887,ONT,Dasan
ONT-01888,ONT,ZTE F670
ONT-01889,ONT,ZTE F670
ONT-01890,ONT,ZTE F670
ONT-01891,ONT,Huawei HG8145
ONT-01892,ONT,Huawei HG8145
ONT-01893,ONT,Dasan
ONT-01894,ONT,Dasan
ONT-01895,ONT,ZTE F670
ONT-01896,ONT,Huawei HG8145
ONT-01897,ONT,Dasan
ONT-01898,ONT,Huawei HG8145
ONT-01899,ONT,ZTE F670
ONT-01900,ONT,Dasan
ONT-01901,ONT,Huawei HG8145
ONT-01902,ONT,Dasan
ONT-01903,ONT,Dasan
ONT-01904,ONT,Huawei HG8145
ONT-01905,ONT,ZTE F670
ONT-01906,ONT,ZTE F670
ONT-01907,ONT,Dasan
ONT-01908,ONT,ZTE F670
ONT-01909,ONT,ZTE F670
ONT-01910,ONT,Huawei HG8145
ONT-01911,ONT,Huawei HG8145
ONT-01912,ONT,Huawei HG8145
ONT-01913,ONT,ZTE F670
ONT-01914,ONT,Dasan
ONT-01915,ONT,Dasan
ONT-01916,ONT,Dasan
ONT-01917,ONT,Huawei HG8145
ONT-01918,ONT,Huawei HG8145
ONT-01919,ONT,Dasan
ONT-01920,ONT,ZTE F670
ONT-01921,ONT,Dasan
ONT-01922,ONT,Dasan
ONT-01923,ONT,Huawei HG8145
ONT-01924,ONT,Huawei HG8145
ONT-01925,ONT,ZTE F670
ONT-01926,ONT,Huawei HG8145
ONT-01927,ONT,Huawei HG8145
ONT-01928,ONT,ZTE F670
ONT-01929,ONT,ZTE F670
ONT-01930,ONT,Huawei HG8145
ONT-01931,ONT,ZTE F670
ONT-01932,ONT,Dasan
ONT-01933,ONT,Dasan
ONT-01934,ONT,ZTE F670
ONT-01935,ONT,Dasan
ONT-01936,ONT,ZTE F670
ONT-01937,ONT,ZTE F670
ONT-01938,ONT,Huawei HG8145
ONT-01939,ONT,Dasan
ONT-01940,ONT,Huawei HG8145
ONT-01941,ONT,ZTE F670
ONT-01942,ONT,Dasan
ONT-01943,ONT,Dasan
ONT-01944,ONT,Huawei HG8145
ONT-01945,ONT,Huawei HG8145
ONT-01946,ONT,ZTE F670
ONT-01947,ONT,Dasan
ONT-01948,ONT,Huawei HG8145
ONT-01949,ONT,Huawei HG8145
ONT-01950,ONT,ZTE F670
ONT-01951,ONT,Huawei HG8145
ONT-01952,ONT,Dasan
ONT-01953,ONT,Huawei HG8145
ONT-01954,ONT,Huawei HG8145
ONT-01955,ONT,Dasan
ONT-01956,ONT,Huawei HG8145
ONT-01957,ONT,Dasan
ONT-01958,ONT,Dasan
ONT-01959,ONT,Dasan
ONT-01960,ONT,Huawei HG8145
ONT-01961,ONT,Huawei HG8145
ONT-01962,ONT,ZTE F670
ONT-01963,ONT,ZTE F670
ONT-01964,ONT,Dasan
ONT-01965,ONT,Huawei HG8145
ONT-01966,ONT,ZTE F670
ONT-01967,ONT,Huawei HG8145
ONT-01968,ONT,Dasan
ONT-01969,ONT,Huawei HG8145
ONT-01970,ONT,Huawei HG8145
ONT-01971,ONT,Huawei HG8145
ONT-01972,ONT,ZTE F670
ONT-01973,ONT,Huawei HG8145
ONT-01974,ONT,Huawei HG8145
ONT-01975,ONT,Huawei HG8145
ONT-01976,ONT,ZTE F670
ONT-01977,ONT,Dasan
ONT-01978,ONT,ZTE F670
ONT-01979,ONT,Dasan
ONT-01980,ONT,Huawei HG8145
ONT-01981,ONT,Huawei HG8145
ONT-01982,ONT,ZTE F670
ONT-01983,ONT,Dasan
ONT-01984,ONT,Dasan
ONT-01985,ONT,Dasan
ONT-01986,ONT,Dasan
ONT-01987,ONT,Dasan
ONT-01988,ONT,Huawei HG8145
ONT-01989,ONT,Huawei HG8145
ONT-01990,ONT,Dasan
ONT-01991,ONT,ZTE F670
ONT-01992,ONT,ZTE F670
ONT-01993,ONT,Dasan
ONT-01994,ONT,Dasan
ONT-01995,ONT,Dasan
ONT-01996,ONT,Huawei HG8145
ONT-01997,ONT,Dasan
ONT-01998,ONT,Huawei HG8145
ONT-01999,ONT,Dasan
ONT-02000,ONT,ZTE F670
ONT-02001,ONT,Dasan
ONT-02002,ONT,ZTE F670
ONT-02003,ONT,ZTE F670
ONT-02004,ONT,ZTE F670
ONT-02005,ONT,Huawei HG8145
ONT-02006,ONT,Dasan
ONT-02007,ONT,Dasan
ONT-02008,ONT,ZTE F670
ONT-02009,ONT,Huawei HG8145
ONT-02010,ONT,ZTE F670
ONT-02011,ONT,Dasan
ONT-02012,ONT,Huawei HG8145
ONT-02013,ONT,Huawei HG8145
ONT-02014,ONT,Dasan
ONT-02015,ONT,ZTE F670
ONT-02016,ONT,Dasan
ONT-02017,ONT,Huawei HG8145
ONT-02018,ONT,Huawei HG8145
ONT-02019,ONT,Huawei HG8145
ONT-02020,ONT,Huawei HG8145
ONT-02021,ONT,ZTE F670
ONT-02022,ONT,Dasan
ONT-02023,ONT,Huawei HG8145
ONT-02024,ONT,Huawei HG8145
ONT-02025,ONT,Huawei HG8145
ONT-02026,ONT,Dasan
ONT-02027,ONT,Huawei HG8145
ONT-02028,ONT,Dasan
ONT-02029,ONT,Dasan
ONT-02030,ONT,Huawei HG8145
ONT-02031,ONT,ZTE F670
ONT-02032,ONT,Dasan
ONT-02033,ONT,ZTE F670
ONT-02034,ONT,ZTE F670
ONT-02035,ONT,ZTE F670
ONT-02036,ONT,Huawei HG8145
ONT-02037,ONT,ZTE F670
ONT-02038,ONT,ZTE F670
ONT-02039,ONT,Huawei HG8145
ONT-02040,ONT,Huawei HG8145
ONT-02041,ONT,Dasan
ONT-02042,ONT,ZTE F670
ONT-02043,ONT,ZTE F670
ONT-02044,ONT,Dasan
ONT-02045,ONT,Dasan
ONT-02046,ONT,Huawei HG8145
ONT-02047,ONT,ZTE F670
ONT-02048,ONT,ZTE F670
ONT-02049,ONT,Huawei HG8145
ONT-02050,ONT,ZTE F670
ONT-02051,ONT,Huawei HG8145
ONT-02052,ONT,Dasan
ONT-02053,ONT,Huawei HG8145
ONT-02054,ONT,Dasan
ONT-02055,ONT,Dasan
ONT-02056,ONT,Dasan
ONT-02057,ONT,Dasan
ONT-02058,ONT,ZTE F670
ONT-02059,ONT,Dasan
ONT-02060,ONT,Huawei HG8145
ONT-02061,ONT,ZTE F670
ONT-02062,ONT,Huawei HG8145
ONT-02063,ONT,Dasan
ONT-02064,ONT,Dasan
ONT-02065,ONT,Dasan
ONT-02066,ONT,Dasan
ONT-02067,ONT,Dasan
ONT-02068,ONT,ZTE F670
ONT-02069,ONT,Dasan
ONT-02070,ONT,Dasan
ONT-02071,ONT,Dasan
ONT-02072,ONT,Dasan
ONT-02073,ONT,Dasan
ONT-02074,ONT,Dasan
ONT-02075,ONT,Huawei HG8145
ONT-02076,ONT,Huawei HG8145
ONT-02077,ONT,Huawei HG8145
ONT-02078,ONT,Huawei HG8145
ONT-02079,ONT,Dasan
ONT-02080,ONT,Huawei HG8145
ONT-02081,ONT,Dasan
ONT-02082,ONT,ZTE F670
ONT-02083,ONT,ZTE F670
ONT-02084,ONT,Huawei HG8145
ONT-02085,ONT,ZTE F670
ONT-02086,ONT,Dasan
ONT-02087,ONT,Huawei HG8145
ONT-02088,ONT,Huawei HG8145
ONT-02089,ONT,Huawei HG8145
ONT-02090,ONT,Dasan
ONT-02091,ONT,Dasan
ONT-02092,ONT,ZTE F670
ONT-02093,ONT,ZTE F670
ONT-02094,ONT,Huawei HG8145
ONT-02095,ONT,Dasan
ONT-02096,ONT,Dasan
ONT-02097,ONT,ZTE F670
ONT-02098,ONT,Dasan
ONT-02099,ONT,Dasan
ONT-02100,ONT,Huawei HG8145
ONT-02101,ONT,Huawei HG8145
ONT-02102,ONT,Huawei HG8145
ONT-02103,ONT,Dasan
ONT-02104,ONT,Huawei HG8145
ONT-02105,ONT,Huawei HG8145
ONT-02106,ONT,Huawei HG8145
ONT-02107,ONT,Huawei HG8145
ONT-02108,ONT,ZTE F670
ONT-02109,ONT,Dasan
ONT-02110,ONT,ZTE F670
ONT-02111,ONT,ZTE F670
ONT-02112,ONT,ZTE F670
ONT-02113,ONT,Huawei HG8145
ONT-02114,ONT,Dasan
ONT-02115,ONT,Huawei HG8145
ONT-02116,ONT,ZTE F670
ONT-02117,ONT,Dasan
ONT-02118,ONT,Dasan
ONT-02119,ONT,Huawei HG8145
ONT-02120,ONT,ZTE F670
ONT-02121,ONT,ZTE F670
ONT-02122,ONT,ZTE F670
ONT-02123,ONT,ZTE F670
ONT-02124,ONT,ZTE F670
ONT-02125,ONT,Dasan
ONT-02126,ONT,ZTE F670
ONT-02127,ONT,Huawei HG8145
ONT-02128,ONT,Dasan
ONT-02129,ONT,Huawei HG8145
ONT-02130,ONT,ZTE F670
ONT-02131,ONT,ZTE F670
ONT-02132,ONT,Dasan
ONT-02133,ONT,Dasan
ONT-02134,ONT,Huawei HG8145
ONT-02135,ONT,ZTE F670
ONT-02136,ONT,ZTE F670
ONT-02137,ONT,Dasan
ONT-02138,ONT,ZTE F670
ONT-02139,ONT,ZTE F670
ONT-02140,ONT,Huawei HG8145
ONT-02141,ONT,ZTE F670
ONT-02142,ONT,Huawei HG8145
ONT-02143,ONT,Huawei HG8145
ONT-02144,ONT,ZTE F670
ONT-02145,ONT,Huawei HG8145
ONT-02146,ONT,ZTE F670
ONT-02147,ONT,Dasan
ONT-02148,ONT,Dasan
ONT-02149,ONT,Dasan
ONT-02150,ONT,Dasan
ONT-02151,ONT,Huawei HG8145
ONT-02152,ONT,ZTE F670
ONT-02153,ONT,Huawei HG8145
ONT-02154,ONT,Huawei HG8145
ONT-02155,ONT,Dasan
ONT-02156,ONT,ZTE F670
ONT-02157,ONT,Dasan
ONT-02158,ONT,Huawei HG8145
ONT-02159,ONT,Huawei HG8145
ONT-02160,ONT,Huawei HG8145
ONT-02161,ONT,Huawei HG8145
ONT-02162,ONT,Dasan
ONT-02163,ONT,ZTE F670
ONT-02164,ONT,ZTE F670
ONT-02165,ONT,Dasan
ONT-02166,ONT,ZTE F670
ONT-02167,ONT,Dasan
ONT-02168,ONT,ZTE F670
ONT-02169,ONT,Huawei HG8145
ONT-02170,ONT,Huawei HG8145
ONT-02171,ONT,Huawei HG8145
ONT-02172,ONT,ZTE F670
ONT-02173,ONT,Dasan
ONT-02174,ONT,Huawei HG8145
ONT-02175,ONT,Huawei HG8145
ONT-02176,ONT,ZTE F670
ONT-02177,ONT,Huawei HG8145
ONT-02178,ONT,Dasan
ONT-02179,ONT,Dasan
ONT-02180,ONT,Huawei HG8145
ONT-02181,ONT,Huawei HG8145
ONT-02182,ONT,ZTE F670
ONT-02183,ONT,Huawei HG8145
ONT-02184,ONT,ZTE F670
ONT-02185,ONT,Dasan
ONT-02186,ONT,Dasan
ONT-02187,ONT,ZTE F670
ONT-02188,ONT,Dasan
ONT-02189,ONT,ZTE F670
ONT-02190,ONT,ZTE F670
ONT-02191,ONT,Huawei HG8145
ONT-02192,ONT,Dasan
ONT-02193,ONT,ZTE F670
ONT-02194,ONT,ZTE F670
ONT-02195,ONT,Dasan
ONT-02196,ONT,ZTE F670
ONT-02197,ONT,ZTE F670
ONT-02198,ONT,Huawei HG8145
ONT-02199,ONT,Dasan
ONT-02200,ONT,Dasan
ONT-02201,ONT,Huawei HG8145
ONT-02202,ONT,Dasan
ONT-02203,ONT,Huawei HG8145
ONT-02204,ONT,ZTE F670
ONT-02205,ONT,ZTE F670
ONT-02206,ONT,Dasan
ONT-02207,ONT,ZTE F670
ONT-02208,ONT,ZTE F670
ONT-02209,ONT,ZTE F670
ONT-02210,ONT,Huawei HG8145
ONT-02211,ONT,ZTE F670
ONT-02212,ONT,ZTE F670
ONT-02213,ONT,Huawei HG8145
ONT-02214,ONT,ZTE F670
ONT-02215,ONT,ZTE F670
ONT-02216,ONT,ZTE F670
ONT-02217,ONT,Dasan
ONT-02218,ONT,Huawei HG8145
ONT-02219,ONT,ZTE F670
ONT-02220,ONT,Dasan
ONT-02221,ONT,ZTE F670
ONT-02222,ONT,Dasan
ONT-02223,ONT,Huawei HG8145
ONT-02224,ONT,Dasan
ONT-02225,ONT,Huawei HG8145
ONT-02226,ONT,ZTE F670
ONT-02227,ONT,Huawei HG8145
ONT-02228,ONT,Huawei HG8145
ONT-02229,ONT,Huawei HG8145
ONT-02230,ONT,Huawei HG8145
ONT-02231,ONT,Huawei HG8145
ONT-02232,ONT,ZTE F670
ONT-02233,ONT,ZTE F670
ONT-02234,ONT,ZTE F670
ONT-02235,ONT,Dasan
ONT-02236,ONT,ZTE F670
ONT-02237,ONT,Dasan
ONT-02238,ONT,ZTE F670
ONT-02239,ONT,Huawei HG8145
ONT-02240,ONT,Dasan
ONT-02241,ONT,Huawei HG8145
ONT-02242,ONT,ZTE F670
ONT-02243,ONT,ZTE F670
ONT-02244,ONT,Dasan
ONT-02245,ONT,ZTE F670
ONT-02246,ONT,Dasan
ONT-02247,ONT,Dasan
ONT-02248,ONT,ZTE F670
ONT-02249,ONT,Huawei HG8145
ONT-02250,ONT,Huawei HG8145
ONT-02251,ONT,ZTE F670
ONT-02252,ONT,Dasan
ONT-02253,ONT,ZTE F670
ONT-02254,ONT,ZTE F670
ONT-02255,ONT,Huawei HG8145
ONT-02256,ONT,ZTE F670
ONT-02257,ONT,Huawei HG8145
ONT-02258,ONT,Dasan
ONT-02259,ONT,ZTE F670
ONT-02260,ONT,Dasan
ONT-02261,ONT,Huawei HG8145
ONT-02262,ONT,ZTE F670
ONT-02263,ONT,ZTE F670
ONT-02264,ONT,Huawei HG8145
ONT-02265,ONT,Huawei HG8145
ONT-02266,ONT,Huawei HG8145
ONT-02267,ONT,ZTE F670
ONT-02268,ONT,ZTE F670
ONT-02269,ONT,Dasan
ONT-02270,ONT,Huawei HG8145
ONT-02271,ONT,Huawei HG8145
ONT-02272,ONT,ZTE F670
ONT-02273,ONT,Dasan
ONT-02274,ONT,Dasan
ONT-02275,ONT,Dasan
ONT-02276,ONT,ZTE F670
ONT-02277,ONT,Huawei HG8145
ONT-02278,ONT,Dasan
ONT-02279,ONT,Dasan
ONT-02280,ONT,Huawei HG8145
ONT-02281,ONT,Dasan
ONT-02282,ONT,ZTE F670
ONT-02283,ONT,ZTE F670
ONT-02284,ONT,ZTE F670
ONT-02285,ONT,Huawei HG8145
ONT-02286,ONT,ZTE F670
ONT-02287,ONT,ZTE F670
ONT-02288,ONT,Dasan
ONT-02289,ONT,ZTE F670
ONT-02290,ONT,Dasan
ONT-02291,ONT,Huawei HG8145
ONT-02292,ONT,ZTE F670
ONT-02293,ONT,Dasan
ONT-02294,ONT,Huawei HG8145
ONT-02295,ONT,Huawei HG8145
ONT-02296,ONT,Huawei HG8145
ONT-02297,ONT,Huawei HG8145
ONT-02298,ONT,Huawei HG8145
ONT-02299,ONT,Dasan
ONT-02300,ONT,ZTE F670
ONT-02301,ONT,ZTE F670
ONT-02302,ONT,Huawei HG8145
ONT-02303,ONT,Dasan
ONT-02304,ONT,Dasan
ONT-02305,ONT,ZTE F670
ONT-02306,ONT,Huawei HG8145
ONT-02307,ONT,Huawei HG8145
ONT-02308,ONT,ZTE F670
ONT-02309,ONT,Huawei HG8145
ONT-02310,ONT,ZTE F670
ONT-02311,ONT,Dasan
ONT-02312,ONT,ZTE F670
ONT-02313,ONT,Huawei HG8145
ONT-02314,ONT,Dasan
ONT-02315,ONT,ZTE F670
ONT-02316,ONT,ZTE F670
ONT-02317,ONT,Huawei HG8145
ONT-02318,ONT,ZTE F670
ONT-02319,ONT,ZTE F670
ONT-02320,ONT,Huawei HG8145
ONT-02321,ONT,Huawei HG8145
ONT-02322,ONT,ZTE F670
ONT-02323,ONT,ZTE F670
ONT-02324,ONT,Dasan
ONT-02325,ONT,Huawei HG8145
ONT-02326,ONT,ZTE F670
ONT-02327,ONT,Dasan
ONT-02328,ONT,Huawei HG8145
ONT-02329,ONT,Huawei HG8145
ONT-02330,ONT,Huawei HG8145
ONT-02331,ONT,Dasan
ONT-02332,ONT,Dasan
ONT-02333,ONT,Huawei HG8145
ONT-02334,ONT,ZTE F670
ONT-02335,ONT,Dasan
ONT-02336,ONT,Huawei HG8145
ONT-02337,ONT,Huawei HG8145
ONT-02338,ONT,Huawei HG8145
ONT-02339,ONT,ZTE F670
ONT-02340,ONT,Huawei HG8145
ONT-02341,ONT,ZTE F670
ONT-02342,ONT,ZTE F670
ONT-02343,ONT,Dasan
ONT-02344,ONT,ZTE F670
ONT-02345,ONT,Dasan
ONT-02346,ONT,Dasan
ONT-02347,ONT,Huawei HG8145
ONT-02348,ONT,Dasan
ONT-02349,ONT,Huawei HG8145
ONT-02350,ONT,Huawei HG8145
ONT-02351,ONT,Dasan
ONT-02352,ONT,Huawei HG8145
ONT-02353,ONT,Huawei HG8145
ONT-02354,ONT,Huawei HG8145
ONT-02355,ONT,Dasan
ONT-02356,ONT,ZTE F670
ONT-02357,ONT,Huawei HG8145
ONT-02358,ONT,Huawei HG8145
ONT-02359,ONT,ZTE F670
ONT-02360,ONT,Dasan
ONT-02361,ONT,ZTE F670
ONT-02362,ONT,Dasan
ONT-02363,ONT,Dasan
ONT-02364,ONT,Huawei HG8145
ONT-02365,ONT,Dasan
ONT-02366,ONT,ZTE F670
ONT-02367,ONT,Huawei HG8145
ONT-02368,ONT,ZTE F670
ONT-02369,ONT,Dasan
ONT-02370,ONT,Dasan
ONT-02371,ONT,ZTE F670
ONT-02372,ONT,Huawei HG8145
ONT-02373,ONT,ZTE F670
ONT-02374,ONT,ZTE F670
ONT-02375,ONT,Dasan
ONT-02376,ONT,ZTE F670
ONT-02377,ONT,ZTE F670
ONT-02378,ONT,ZTE F670
ONT-02379,ONT,Dasan
ONT-02380,ONT,ZTE F670
ONT-02381,ONT,Huawei HG8145
ONT-02382,ONT,Huawei HG8145
ONT-02383,ONT,ZTE F670
ONT-02384,ONT,Dasan
ONT-02385,ONT,Dasan
ONT-02386,ONT,ZTE F670
ONT-02387,ONT,Dasan
ONT-02388,ONT,ZTE F670
ONT-02389,ONT,Huawei HG8145
ONT-02390,ONT,ZTE F670
ONT-02391,ONT,Dasan
ONT-02392,ONT,Huawei HG8145
ONT-02393,ONT,Dasan
ONT-02394,ONT,Huawei HG8145
ONT-02395,ONT,Dasan
ONT-02396,ONT,Huawei HG8145
ONT-02397,ONT,Huawei HG8145
ONT-02398,ONT,Huawei HG8145
ONT-02399,ONT,ZTE F670
ONT-02400,ONT,ZTE F670
ONT-02401,ONT,Dasan
ONT-02402,ONT,Huawei HG8145
ONT-02403,ONT,Huawei HG8145
ONT-02404,ONT,Dasan
ONT-02405,ONT,Huawei HG8145
ONT-02406,ONT,Huawei HG8145
ONT-02407,ONT,ZTE F670
ONT-02408,ONT,ZTE F670
ONT-02409,ONT,Huawei HG8145
ONT-02410,ONT,Dasan
ONT-02411,ONT,Huawei HG8145
ONT-02412,ONT,ZTE F670
ONT-02413,ONT,Dasan
ONT-02414,ONT,ZTE F670
ONT-02415,ONT,ZTE F670
ONT-02416,ONT,Huawei HG8145
ONT-02417,ONT,Huawei HG8145
ONT-02418,ONT,Huawei HG8145
ONT-02419,ONT,ZTE F670
ONT-02420,ONT,Huawei HG8145
ONT-02421,ONT,ZTE F670
ONT-02422,ONT,ZTE F670
ONT-02423,ONT,Huawei HG8145
ONT-02424,ONT,Huawei HG8145
ONT-02425,ONT,ZTE F670
ONT-02426,ONT,Dasan
ONT-02427,ONT,Dasan
ONT-02428,ONT,Dasan
ONT-02429,ONT,Huawei HG8145
ONT-02430,ONT,ZTE F670
ONT-02431,ONT,Huawei HG8145
ONT-02432,ONT,Huawei HG8145
ONT-02433,ONT,Dasan
ONT-02434,ONT,Huawei HG8145
ONT-02435,ONT,Huawei HG8145
ONT-02436,ONT,ZTE F670
ONT-02437,ONT,ZTE F670
ONT-02438,ONT,Huawei HG8145
ONT-02439,ONT,Dasan
ONT-02440,ONT,ZTE F670
ONT-02441,ONT,Dasan
ONT-02442,ONT,ZTE F670
ONT-02443,ONT,Huawei HG8145
ONT-02444,ONT,Huawei HG8145
ONT-02445,ONT,ZTE F670
ONT-02446,ONT,Dasan
ONT-02447,ONT,ZTE F670
ONT-02448,ONT,Dasan
ONT-02449,ONT,ZTE F670
ONT-02450,ONT,Huawei HG8145
ONT-02451,ONT,Dasan
ONT-02452,ONT,Huawei HG8145
ONT-02453,ONT,ZTE F670
ONT-02454,ONT,Huawei HG8145
ONT-02455,ONT,Dasan
ONT-02456,ONT,Dasan
ONT-02457,ONT,ZTE F670
ONT-02458,ONT,Dasan
ONT-02459,ONT,ZTE F670
ONT-02460,ONT,Dasan
ONT-02461,ONT,Dasan
ONT-02462,ONT,Huawei HG8145
ONT-02463,ONT,Dasan
ONT-02464,ONT,ZTE F670
ONT-02465,ONT,Dasan
ONT-02466,ONT,Huawei HG8145
ONT-02467,ONT,ZTE F670
ONT-02468,ONT,Dasan
ONT-02469,ONT,Huawei HG8145
ONT-02470,ONT,Dasan
ONT-02471,ONT,Huawei HG8145
ONT-02472,ONT,Huawei HG8145
ONT-02473,ONT,ZTE F670
ONT-02474,ONT,Huawei HG8145
ONT-02475,ONT,ZTE F670
ONT-02476,ONT,Dasan
ONT-02477,ONT,ZTE F670
ONT-02478,ONT,ZTE F670
ONT-02479,ONT,ZTE F670
ONT-02480,ONT,ZTE F670
ONT-02481,ONT,Dasan
ONT-02482,ONT,ZTE F670
ONT-02483,ONT,ZTE F670
ONT-02484,ONT,Dasan
ONT-02485,ONT,ZTE F670
ONT-02486,ONT,Huawei HG8145
ONT-02487,ONT,Huawei HG8145
ONT-02488,ONT,Dasan
ONT-02489,ONT,Dasan
ONT-02490,ONT,Dasan
ONT-02491,ONT,Dasan
ONT-02492,ONT,ZTE F670
ONT-02493,ONT,ZTE F670
ONT-02494,ONT,Dasan
ONT-02495,ONT,Dasan
ONT-02496,ONT,Dasan
ONT-02497,ONT,ZTE F670
ONT-02498,ONT,Huawei HG8145
ONT-02499,ONT,Dasan
ONT-02500,ONT,ZTE F670
ONT-02501,ONT,Huawei HG8145
ONT-02502,ONT,Huawei HG8145
ONT-02503,ONT,Dasan
ONT-02504,ONT,Huawei HG8145
ONT-02505,ONT,Dasan
ONT-02506,ONT,Dasan
ONT-02507,ONT,Dasan
ONT-02508,ONT,Huawei HG8145
ONT-02509,ONT,Dasan
ONT-02510,ONT,Huawei HG8145
ONT-02511,ONT,Dasan
ONT-02512,ONT,ZTE F670
ONT-02513,ONT,Dasan
ONT-02514,ONT,Dasan
ONT-02515,ONT,Huawei HG8145
ONT-02516,ONT,ZTE F670
ONT-02517,ONT,Huawei HG8145
ONT-02518,ONT,Huawei HG8145
ONT-02519,ONT,Dasan
ONT-02520,ONT,Dasan
ONT-02521,ONT,Huawei HG8145
ONT-02522,ONT,Huawei HG8145
ONT-02523,ONT,Huawei HG8145
ONT-02524,ONT,Dasan
ONT-02525,ONT,Dasan
ONT-02526,ONT,Huawei HG8145
ONT-02527,ONT,Huawei HG8145
ONT-02528,ONT,Huawei HG8145
ONT-02529,ONT,Huawei HG8145
ONT-02530,ONT,Huawei HG8145
ONT-02531,ONT,ZTE F670
ONT-02532,ONT,Dasan
ONT-02533,ONT,Dasan
ONT-02534,ONT,Dasan
ONT-02535,ONT,ZTE F670
ONT-02536,ONT,Huawei HG8145
ONT-02537,ONT,Huawei HG8145
ONT-02538,ONT,Huawei HG8145
ONT-02539,ONT,ZTE F670
ONT-02540,ONT,ZTE F670
ONT-02541,ONT,Huawei HG8145
ONT-02542,ONT,Huawei HG8145
ONT-02543,ONT,ZTE F670
ONT-02544,ONT,Huawei HG8145
ONT-02545,ONT,ZTE F670
ONT-02546,ONT,Dasan
ONT-02547,ONT,Huawei HG8145
ONT-02548,ONT,ZTE F670
ONT-02549,ONT,ZTE F670
ONT-02550,ONT,Dasan
ONT-02551,ONT,ZTE F670
ONT-02552,ONT,Huawei HG8145
ONT-02553,ONT,Huawei HG8145
ONT-02554,ONT,Huawei HG8145
ONT-02555,ONT,Huawei HG8145
ONT-02556,ONT,ZTE F670
ONT-02557,ONT,ZTE F670
ONT-02558,ONT,ZTE F670
ONT-02559,ONT,Dasan
ONT-02560,ONT,Dasan
ONT-02561,ONT,Huawei HG8145
ONT-02562,ONT,Huawei HG8145
ONT-02563,ONT,Dasan
ONT-02564,ONT,Huawei HG8145
ONT-02565,ONT,ZTE F670
ONT-02566,ONT,ZTE F670
ONT-02567,ONT,ZTE F670
ONT-02568,ONT,Dasan
ONT-02569,ONT,Huawei HG8145
ONT-02570,ONT,ZTE F670
ONT-02571,ONT,Huawei HG8145
ONT-02572,ONT,Huawei HG8145
ONT-02573,ONT,Dasan
ONT-02574,ONT,Huawei HG8145
ONT-02575,ONT,ZTE F670
ONT-02576,ONT,Dasan
ONT-02577,ONT,Huawei HG8145
ONT-02578,ONT,Huawei HG8145
ONT-02579,ONT,Dasan
ONT-02580,ONT,Dasan
ONT-02581,ONT,Huawei HG8145
ONT-02582,ONT,Huawei HG8145
ONT-02583,ONT,Huawei HG8145
ONT-02584,ONT,ZTE F670
ONT-02585,ONT,Dasan
ONT-02586,ONT,Dasan
ONT-02587,ONT,Dasan
ONT-02588,ONT,Dasan
ONT-02589,ONT,ZTE F670
ONT-02590,ONT,ZTE F670
ONT-02591,ONT,Dasan
ONT-02592,ONT,Huawei HG8145
ONT-02593,ONT,Dasan
ONT-02594,ONT,Huawei HG8145
ONT-02595,ONT,Dasan
ONT-02596,ONT,ZTE F670
ONT-02597,ONT,ZTE F670
ONT-02598,ONT,Dasan
ONT-02599,ONT,ZTE F670
ONT-02600,ONT,ZTE F670
ONT-02601,ONT,Huawei HG8145
ONT-02602,ONT,Dasan
ONT-02603,ONT,ZTE F670
ONT-02604,ONT,Huawei HG8145
ONT-02605,ONT,ZTE F670
ONT-02606,ONT,Huawei HG8145
ONT-02607,ONT,ZTE F670
ONT-02608,ONT,ZTE F670
ONT-02609,ONT,ZTE F670
ONT-02610,ONT,Dasan
ONT-02611,ONT,Huawei HG8145
ONT-02612,ONT,Huawei HG8145
ONT-02613,ONT,Huawei HG8145
ONT-02614,ONT,Huawei HG8145
ONT-02615,ONT,ZTE F670
ONT-02616,ONT,ZTE F670
ONT-02617,ONT,Dasan
ONT-02618,ONT,Dasan
ONT-02619,ONT,ZTE F670
ONT-02620,ONT,ZTE F670
ONT-02621,ONT,Dasan
ONT-02622,ONT,Huawei HG8145
ONT-02623,ONT,Huawei HG8145
ONT-02624,ONT,Huawei HG8145
ONT-02625,ONT,ZTE F670
ONT-02626,ONT,Huawei HG8145
ONT-02627,ONT,ZTE F670
ONT-02628,ONT,Huawei HG8145
ONT-02629,ONT,Dasan
ONT-02630,ONT,Huawei HG8145
ONT-02631,ONT,ZTE F670
ONT-02632,ONT,ZTE F670
ONT-02633,ONT,Huawei HG8145
ONT-02634,ONT,ZTE F670
ONT-02635,ONT,Dasan
ONT-02636,ONT,ZTE F670
ONT-02637,ONT,ZTE F670
ONT-02638,ONT,Huawei HG8145
ONT-02639,ONT,Dasan
ONT-02640,ONT,ZTE F670
ONT-02641,ONT,ZTE F670
ONT-02642,ONT,Huawei HG8145
ONT-02643,ONT,Huawei HG8145
ONT-02644,ONT,ZTE F670
ONT-02645,ONT,Dasan
ONT-02646,ONT,ZTE F670
ONT-02647,ONT,Dasan
ONT-02648,ONT,Huawei HG8145
ONT-02649,ONT,Dasan
ONT-02650,ONT,ZTE F670
ONT-02651,ONT,Huawei HG8145
ONT-02652,ONT,Dasan
ONT-02653,ONT,ZTE F670
ONT-02654,ONT,Huawei HG8145
ONT-02655,ONT,Huawei HG8145
ONT-02656,ONT,Huawei HG8145
ONT-02657,ONT,ZTE F670
ONT-02658,ONT,Dasan
ONT-02659,ONT,Dasan
ONT-02660,ONT,ZTE F670
ONT-02661,ONT,Dasan
ONT-02662,ONT,Dasan
ONT-02663,ONT,Dasan
ONT-02664,ONT,ZTE F670
ONT-02665,ONT,ZTE F670
ONT-02666,ONT,Dasan
ONT-02667,ONT,Huawei HG8145
ONT-02668,ONT,Huawei HG8145
ONT-02669,ONT,Dasan
ONT-02670,ONT,Huawei HG8145
ONT-02671,ONT,Huawei HG8145
ONT-02672,ONT,Dasan
ONT-02673,ONT,Huawei HG8145
ONT-02674,ONT,Huawei HG8145
ONT-02675,ONT,Dasan
ONT-02676,ONT,ZTE F670
ONT-02677,ONT,ZTE F670
ONT-02678,ONT,Dasan
ONT-02679,ONT,ZTE F670
ONT-02680,ONT,ZTE F670
ONT-02681,ONT,Dasan
ONT-02682,ONT,Huawei HG8145
ONT-02683,ONT,Dasan
ONT-02684,ONT,ZTE F670
ONT-02685,ONT,Dasan
ONT-02686,ONT,Dasan
ONT-02687,ONT,ZTE F670
ONT-02688,ONT,Dasan
ONT-02689,ONT,Huawei HG8145
ONT-02690,ONT,ZTE F670
ONT-02691,ONT,Huawei HG8145
ONT-02692,ONT,ZTE F670
ONT-02693,ONT,Huawei HG8145
ONT-02694,ONT,Dasan
ONT-02695,ONT,Huawei HG8145
ONT-02696,ONT,ZTE F670
ONT-02697,ONT,Dasan
ONT-02698,ONT,Dasan
ONT-02699,ONT,Huawei HG8145
ONT-02700,ONT,ZTE F670
ONT-02701,ONT,Huawei HG8145
ONT-02702,ONT,Huawei HG8145
ONT-02703,ONT,Huawei HG8145
ONT-02704,ONT,Dasan
ONT-02705,ONT,Dasan
ONT-02706,ONT,ZTE F670
ONT-02707,ONT,ZTE F670
ONT-02708,ONT,Huawei HG8145
ONT-02709,ONT,Dasan
ONT-02710,ONT,ZTE F670
ONT-02711,ONT,Huawei HG8145
ONT-02712,ONT,Dasan
ONT-02713,ONT,ZTE F670
ONT-02714,ONT,Dasan
ONT-02715,ONT,Dasan
ONT-02716,ONT,Huawei HG8145
ONT-02717,ONT,Huawei HG8145
ONT-02718,ONT,Dasan
ONT-02719,ONT,Huawei HG8145
ONT-02720,ONT,Dasan
ONT-02721,ONT,Huawei HG8145
ONT-02722,ONT,Dasan
ONT-02723,ONT,ZTE F670
ONT-02724,ONT,ZTE F670
ONT-02725,ONT,Huawei HG8145
ONT-02726,ONT,ZTE F670
ONT-02727,ONT,ZTE F670
ONT-02728,ONT,Huawei HG8145
ONT-02729,ONT,Huawei HG8145
ONT-02730,ONT,Huawei HG8145
ONT-02731,ONT,Dasan
ONT-02732,ONT,Dasan
ONT-02733,ONT,Dasan
ONT-02734,ONT,Dasan
ONT-02735,ONT,Huawei HG8145
ONT-02736,ONT,ZTE F670
ONT-02737,ONT,ZTE F670
ONT-02738,ONT,Huawei HG8145
ONT-02739,ONT,ZTE F670
ONT-02740,ONT,Huawei HG8145
ONT-02741,ONT,Dasan
ONT-02742,ONT,Huawei HG8145
ONT-02743,ONT,ZTE F670
ONT-02744,ONT,Dasan
ONT-02745,ONT,Huawei HG8145
ONT-02746,ONT,Dasan
ONT-02747,ONT,ZTE F670
ONT-02748,ONT,ZTE F670
ONT-02749,ONT,Huawei HG8145
ONT-02750,ONT,ZTE F670
ONT-02751,ONT,ZTE F670
ONT-02752,ONT,Dasan
ONT-02753,ONT,ZTE F670
ONT-02754,ONT,ZTE F670
ONT-02755,ONT,Huawei HG8145
ONT-02756,ONT,Huawei HG8145
ONT-02757,ONT,Dasan
ONT-02758,ONT,ZTE F670
ONT-02759,ONT,Huawei HG8145
ONT-02760,ONT,Dasan
ONT-02761,ONT,ZTE F670
ONT-02762,ONT,Huawei HG8145
ONT-02763,ONT,ZTE F670
ONT-02764,ONT,ZTE F670
ONT-02765,ONT,Huawei HG8145
ONT-02766,ONT,Huawei HG8145
ONT-02767,ONT,ZTE F670
ONT-02768,ONT,Dasan
ONT-02769,ONT,Huawei HG8145
ONT-02770,ONT,Dasan
ONT-02771,ONT,Dasan
ONT-02772,ONT,ZTE F670
ONT-02773,ONT,ZTE F670
ONT-02774,ONT,ZTE F670
ONT-02775,ONT,Dasan
ONT-02776,ONT,Huawei HG8145
ONT-02777,ONT,ZTE F670
ONT-02778,ONT,Dasan
ONT-02779,ONT,ZTE F670
ONT-02780,ONT,ZTE F670
ONT-02781,ONT,Dasan
ONT-02782,ONT,ZTE F670
ONT-02783,ONT,Huawei HG8145
ONT-02784,ONT,ZTE F670
ONT-02785,ONT,ZTE F670
ONT-02786,ONT,Huawei HG8145
ONT-02787,ONT,ZTE F670
ONT-02788,ONT,Huawei HG8145
ONT-02789,ONT,ZTE F670
ONT-02790,ONT,Dasan
ONT-02791,ONT,Dasan
ONT-02792,ONT,Huawei HG8145
ONT-02793,ONT,Dasan
ONT-02794,ONT,Dasan
ONT-02795,ONT,ZTE F670
ONT-02796,ONT,Dasan
ONT-02797,ONT,Dasan
ONT-02798,ONT,Huawei HG8145
ONT-02799,ONT,Huawei HG8145
ONT-02800,ONT,Huawei HG8145
ONT-02801,ONT,Dasan
ONT-02802,ONT,Huawei HG8145
ONT-02803,ONT,Dasan
ONT-02804,ONT,ZTE F670
ONT-02805,ONT,Huawei HG8145
ONT-02806,ONT,Dasan
ONT-02807,ONT,Huawei HG8145
ONT-02808,ONT,ZTE F670
ONT-02809,ONT,Huawei HG8145
ONT-02810,ONT,ZTE F670
ONT-02811,ONT,Dasan
ONT-02812,ONT,Dasan
ONT-02813,ONT,Huawei HG8145
ONT-02814,ONT,ZTE F670
ONT-02815,ONT,Huawei HG8145
ONT-02816,ONT,Dasan
ONT-02817,ONT,ZTE F670
ONT-02818,ONT,Huawei HG8145
ONT-02819,ONT,Dasan
ONT-02820,ONT,ZTE F670
ONT-02821,ONT,Dasan
ONT-02822,ONT,Huawei HG8145
ONT-02823,ONT,ZTE F670
ONT-02824,ONT,ZTE F670
ONT-02825,ONT,Huawei HG8145
ONT-02826,ONT,Dasan
ONT-02827,ONT,ZTE F670
ONT-02828,ONT,Dasan
ONT-02829,ONT,ZTE F670
ONT-02830,ONT,ZTE F670
ONT-02831,ONT,Dasan
ONT-02832,ONT,ZTE F670
ONT-02833,ONT,ZTE F670
ONT-02834,ONT,Huawei HG8145
ONT-02835,ONT,Huawei HG8145
ONT-02836,ONT,Huawei HG8145
ONT-02837,ONT,ZTE F670
ONT-02838,ONT,Huawei HG8145
ONT-02839,ONT,ZTE F670
ONT-02840,ONT,Dasan
ONT-02841,ONT,Huawei HG8145
ONT-02842,ONT,Dasan
ONT-02843,ONT,Dasan
ONT-02844,ONT,ZTE F670
ONT-02845,ONT,Huawei HG8145
ONT-02846,ONT,Huawei HG8145
ONT-02847,ONT,ZTE F670
ONT-02848,ONT,Dasan
ONT-02849,ONT,Huawei HG8145
ONT-02850,ONT,ZTE F670
ONT-02851,ONT,Huawei HG8145
ONT-02852,ONT,ZTE F670
ONT-02853,ONT,ZTE F670
ONT-02854,ONT,Dasan
ONT-02855,ONT,Huawei HG8145
ONT-02856,ONT,Huawei HG8145
ONT-02857,ONT,Dasan
ONT-02858,ONT,ZTE F670
ONT-02859,ONT,Dasan
ONT-02860,ONT,Huawei HG8145
ONT-02861,ONT,Dasan
ONT-02862,ONT,Dasan
ONT-02863,ONT,Huawei HG8145
ONT-02864,ONT,Huawei HG8145
ONT-02865,ONT,Dasan
ONT-02866,ONT,Huawei HG8145
ONT-02867,ONT,Dasan
ONT-02868,ONT,Huawei HG8145
ONT-02869,ONT,Huawei HG8145
ONT-02870,ONT,Dasan
ONT-02871,ONT,Huawei HG8145
ONT-02872,ONT,Dasan
ONT-02873,ONT,ZTE F670
ONT-02874,ONT,Huawei HG8145
ONT-02875,ONT,Huawei HG8145
ONT-02876,ONT,ZTE F670
ONT-02877,ONT,ZTE F670
ONT-02878,ONT,ZTE F670
ONT-02879,ONT,Huawei HG8145
ONT-02880,ONT,Dasan
ONT-02881,ONT,Huawei HG8145
ONT-02882,ONT,Dasan
ONT-02883,ONT,Dasan
ONT-02884,ONT,Dasan
ONT-02885,ONT,ZTE F670
ONT-02886,ONT,Huawei HG8145
ONT-02887,ONT,Huawei HG8145
ONT-02888,ONT,Dasan
ONT-02889,ONT,Huawei HG8145
ONT-02890,ONT,Huawei HG8145
ONT-02891,ONT,Huawei HG8145
ONT-02892,ONT,Dasan
ONT-02893,ONT,ZTE F670
ONT-02894,ONT,Huawei HG8145
ONT-02895,ONT,Dasan
ONT-02896,ONT,ZTE F670
ONT-02897,ONT,ZTE F670
ONT-02898,ONT,Dasan
ONT-02899,ONT,Dasan
ONT-02900,ONT,Dasan
ONT-02901,ONT,Huawei HG8145
ONT-02902,ONT,ZTE F670
ONT-02903,ONT,Dasan
ONT-02904,ONT,ZTE F670
ONT-02905,ONT,Huawei HG8145
ONT-02906,ONT,Huawei HG8145
ONT-02907,ONT,Dasan
ONT-02908,ONT,Huawei HG8145
ONT-02909,ONT,Huawei HG8145
ONT-02910,ONT,Huawei HG8145
ONT-02911,ONT,Dasan
ONT-02912,ONT,ZTE F670
ONT-02913,ONT,Dasan
ONT-02914,ONT,ZTE F670
ONT-02915,ONT,Dasan
ONT-02916,ONT,Dasan
ONT-02917,ONT,Huawei HG8145
ONT-02918,ONT,Huawei HG8145
ONT-02919,ONT,Huawei HG8145
ONT-02920,ONT,Dasan
ONT-02921,ONT,ZTE F670
ONT-02922,ONT,Huawei HG8145
ONT-02923,ONT,Huawei HG8145
ONT-02924,ONT,Huawei HG8145
ONT-02925,ONT,Dasan
ONT-02926,ONT,Dasan
ONT-02927,ONT,Dasan
ONT-02928,ONT,Dasan
ONT-02929,ONT,Huawei HG8145
ONT-02930,ONT,Huawei HG8145
ONT-02931,ONT,Dasan
ONT-02932,ONT,Huawei HG8145
ONT-02933,ONT,Huawei HG8145
ONT-02934,ONT,Huawei HG8145
ONT-02935,ONT,ZTE F670
ONT-02936,ONT,ZTE F670
ONT-02937,ONT,ZTE F670
ONT-02938,ONT,ZTE F670
ONT-02939,ONT,Dasan
ONT-02940,ONT,Dasan
ONT-02941,ONT,Huawei HG8145
ONT-02942,ONT,Dasan
ONT-02943,ONT,Dasan
ONT-02944,ONT,ZTE F670
ONT-02945,ONT,Huawei HG8145
ONT-02946,ONT,ZTE F670
ONT-02947,ONT,Huawei HG8145
ONT-02948,ONT,Dasan
ONT-02949,ONT,Dasan
ONT-02950,ONT,ZTE F670
ONT-02951,ONT,ZTE F670
ONT-02952,ONT,ZTE F670
ONT-02953,ONT,Dasan
ONT-02954,ONT,Dasan
ONT-02955,ONT,Huawei HG8145
ONT-02956,ONT,Huawei HG8145
ONT-02957,ONT,Huawei HG8145
ONT-02958,ONT,ZTE F670
ONT-02959,ONT,Dasan
ONT-02960,ONT,ZTE F670
ONT-02961,ONT,ZTE F670
ONT-02962,ONT,Dasan
ONT-02963,ONT,Huawei HG8145
ONT-02964,ONT,Huawei HG8145
ONT-02965,ONT,ZTE F670
ONT-02966,ONT,Dasan
ONT-02967,ONT,Huawei HG8145
ONT-02968,ONT,Dasan
ONT-02969,ONT,ZTE F670
ONT-02970,ONT,ZTE F670
ONT-02971,ONT,Dasan
ONT-02972,ONT,ZTE F670
ONT-02973,ONT,Huawei HG8145
ONT-02974,ONT,Huawei HG8145
ONT-02975,ONT,Huawei HG8145
ONT-02976,ONT,Huawei HG8145
ONT-02977,ONT,ZTE F670
ONT-02978,ONT,ZTE F670
ONT-02979,ONT,Dasan
ONT-02980,ONT,ZTE F670
ONT-02981,ONT,Huawei HG8145
ONT-02982,ONT,Huawei HG8145
ONT-02983,ONT,Dasan
ONT-02984,ONT,Dasan
ONT-02985,ONT,Huawei HG8145
ONT-02986,ONT,ZTE F670
ONT-02987,ONT,Huawei HG8145
ONT-02988,ONT,Dasan
ONT-02989,ONT,Dasan
ONT-02990,ONT,Dasan
ONT-02991,ONT,Huawei HG8145
ONT-02992,ONT,ZTE F670
ONT-02993,ONT,ZTE F670
ONT-02994,ONT,ZTE F670
ONT-02995,ONT,ZTE F670
ONT-02996,ONT,ZTE F670
ONT-02997,ONT,Dasan
ONT-02998,ONT,ZTE F670
ONT-02999,ONT,Huawei HG8145
