source,target,direction,type
AGG_SW_000,CORE_00,Uplink,100GE
AGG_SW_001,CORE_00,Uplink,100GE
AGG_SW_002,CORE_00,Uplink,100GE
AGG_SW_003,CORE_01,Uplink,100GE
AGG_SW_004,CORE_01,Uplink,100GE
AGG_SW_005,CORE_01,Uplink,100GE
AGG_SW_006,CORE_00,Uplink,100GE
AGG_SW_007,CORE_01,Uplink,100GE
AGG_SW_008,CORE_00,Uplink,100GE
AGG_SW_009,CORE_01,Uplink,100GE
AGG_SW_010,CORE_01,Uplink,100GE
AGG_SW_011,CORE_00,Uplink,100GE
AGG_SW_012,CORE_01,Uplink,100GE
AGG_SW_013,CORE_00,Uplink,100GE
AGG_SW_014,CORE_00,Uplink,100GE
AGG_SW_015,CORE_01,Uplink,100GE
AGG_SW_016,CORE_00,Uplink,100GE
AGG_SW_017,CORE_01,Uplink,100GE
AGG_SW_018,CORE_01,Uplink,100GE
AGG_SW_019,CORE_00,Uplink,100GE
OLT_000,AGG_SW_019,Uplink,10GE
OLT_001,AGG_SW_003,Uplink,10GE
OLT_002,AGG_SW_013,Uplink,10GE
OLT_003,AGG_SW_016,Uplink,10GE
OLT_004,AGG_SW_019,Uplink,10GE
OLT_005,AGG_SW_017,Uplink,10GE
OLT_006,AGG_SW_003,Uplink,10GE
OLT_007,AGG_SW_007,Uplink,10GE
OLT_008,AGG_SW_017,Uplink,10GE
OLT_009,AGG_SW_005,Uplink,10GE
OLT_010,AGG_SW_006,Uplink,10GE
OLT_011,AGG_SW_016,Uplink,10GE
OLT_012,AGG_SW_002,Uplink,10GE
OLT_013,AGG_SW_007,Uplink,10GE
OLT_014,AGG_SW_007,Uplink,10GE
OLT_015,AGG_SW_016,Uplink,10GE
OLT_016,AGG_SW_017,Uplink,10GE
OLT_017,AGG_SW_013,Uplink,10GE
OLT_018,AGG_SW_011,Uplink,10GE
OLT_019,AGG_SW_003,Uplink,10GE
OLT_020,AGG_SW_007,Uplink,10GE
OLT_021,AGG_SW_004,Uplink,10GE
OLT_022,AGG_SW_007,Uplink,10GE
OLT_023,AGG_SW_001,Uplink,10GE
OLT_024,AGG_SW_013,Uplink,10GE
OLT_025,AGG_SW_001,Uplink,10GE
OLT_026,AGG_SW_008,Uplink,10GE
OLT_027,AGG_SW_015,Uplink,10GE
OLT_028,AGG_SW_001,Uplink,10GE
OLT_029,AGG_SW_018,Uplink,10GE
OLT_030,AGG_SW_002,Uplink,10GE
OLT_031,AGG_SW_007,Uplink,10GE
OLT_032,AGG_SW_018,Uplink,10GE
OLT_033,AGG_SW_018,Uplink,10GE
OLT_034,AGG_SW_007,Uplink,10GE
OLT_035,AGG_SW_014,Uplink,10GE
OLT_036,AGG_SW_019,Uplink,10GE
OLT_037,AGG_SW_016,Uplink,10GE
OLT_038,AGG_SW_007,Uplink,10GE
OLT_039,AGG_SW_017,Uplink,10GE
OLT_040,AGG_SW_003,Uplink,10GE
OLT_041,AGG_SW_017,Uplink,10GE
OLT_042,AGG_SW_006,Uplink,10GE
OLT_043,AGG_SW_015,Uplink,10GE
OLT_044,AGG_SW_008,Uplink,10GE
OLT_045,AGG_SW_008,Uplink,10GE
OLT_046,AGG_SW_017,Uplink,10GE
OLT_047,AGG_SW_017,Uplink,10GE
OLT_048,AGG_SW_004,Uplink,10GE
OLT_049,AGG_SW_011,Uplink,10GE
OLT_050,AGG_SW_003,Uplink,10GE
OLT_051,AGG_SW_007,Uplink,10GE
OLT_052,AGG_SW_005,Uplink,10GE
OLT_053,AGG_SW_005,Uplink,10GE
OLT_054,AGG_SW_007,Uplink,10GE
OLT_055,AGG_SW_007,Uplink,10GE
OLT_056,AGG_SW_010,Uplink,10GE
OLT_057,AGG_SW_016,Uplink,10GE
OLT_058,AGG_SW_008,Uplink,10GE
OLT_059,AGG_SW_019,Uplink,10GE
OLT_060,AGG_SW_019,Uplink,10GE
OLT_061,AGG_SW_008,Uplink,10GE
OLT_062,AGG_SW_017,Uplink,10GE
OLT_063,AGG_SW_010,Uplink,10GE
OLT_064,AGG_SW_009,Uplink,10GE
OLT_065,AGG_SW_017,Uplink,10GE
OLT_066,AGG_SW_005,Uplink,10GE
OLT_067,AGG_SW_009,Uplink,10GE
OLT_068,AGG_SW_019,Uplink,10GE
OLT_069,AGG_SW_006,Uplink,10GE
OLT_070,AGG_SW_016,Uplink,10GE
OLT_071,AGG_SW_007,Uplink,10GE
OLT_072,AGG_SW_007,Uplink,10GE
OLT_073,AGG_SW_018,Uplink,10GE
OLT_074,AGG_SW_007,Uplink,10GE
OLT_075,AGG_SW_007,Uplink,10GE
OLT_076,AGG_SW_007,Uplink,10GE
OLT_077,AGG_SW_016,Uplink,10GE
OLT_078,AGG_SW_013,Uplink,10GE
OLT_079,AGG_SW_008,Uplink,10GE
ONT_CUST_00000,OLT_031,Uplink,GPON
ONT_CUST_00001,OLT_030,Uplink,GPON
ONT_CUST_00002,OLT_030,Uplink,GPON
ONT_CUST_00003,OLT_010,Uplink,GPON
ONT_CUST_00004,OLT_019,Uplink,GPON
ONT_CUST_00005,OLT_052,Uplink,GPON
ONT_CUST_00006,OLT_053,Uplink,GPON
ONT_CUST_00007,OLT_074,Uplink,GPON
ONT_CUST_00008,OLT_061,Uplink,GPON
ONT_CUST_00009,OLT_049,Uplink,GPON
ONT_CUST_00010,OLT_034,Uplink,GPON
ONT_CUST_00011,OLT_043,Uplink,GPON
ONT_CUST_00012,OLT_016,Uplink,GPON
ONT_CUST_00013,OLT_072,Uplink,GPON
ONT_CUST_00014,OLT_017,Uplink,GPON
ONT_CUST_00015,OLT_033,Uplink,GPON
ONT_CUST_00016,OLT_058,Uplink,GPON
ONT_CUST_00017,OLT_053,Uplink,GPON
ONT_CUST_00018,OLT_069,Uplink,GPON
ONT_CUST_00019,OLT_005,Uplink,GPON
ONT_CUST_00020,OLT_002,Uplink,GPON
ONT_CUST_00021,OLT_060,Uplink,GPON
ONT_CUST_00022,OLT_059,Uplink,GPON
ONT_CUST_00023,OLT_077,Uplink,GPON
ONT_CUST_00024,OLT_013,Uplink,GPON
ONT_CUST_00025,OLT_048,Uplink,GPON
ONT_CUST_00026,OLT_075,Uplink,GPON
ONT_CUST_00027,OLT_076,Uplink,GPON
ONT_CUST_00028,OLT_044,Uplink,GPON
ONT_CUST_00029,OLT_064,Uplink,GPON
ONT_CUST_00030,OLT_062,Uplink,GPON
ONT_CUST_00031,OLT_058,Uplink,GPON
ONT_CUST_00032,OLT_066,Uplink,GPON
ONT_CUST_00033,OLT_061,Uplink,GPON
ONT_CUST_00034,OLT_034,Uplink,GPON
ONT_CUST_00035,OLT_057,Uplink,GPON
ONT_CUST_00036,OLT_048,Uplink,GPON
ONT_CUST_00037,OLT_041,Uplink,GPON
ONT_CUST_00038,OLT_045,Uplink,GPON
ONT_CUST_00039,OLT_076,Uplink,GPON
ONT_CUST_00040,OLT_066,Uplink,GPON
ONT_CUST_00041,OLT_052,Uplink,GPON
ONT_CUST_00042,OLT_060,Uplink,GPON
ONT_CUST_00043,OLT_011,Uplink,GPON
ONT_CUST_00044,OLT_039,Uplink,GPON
ONT_CUST_00045,OLT_067,Uplink,GPON
ONT_CUST_00046,OLT_045,Uplink,GPON
ONT_CUST_00047,OLT_032,Uplink,GPON
ONT_CUST_00048,OLT_015,Uplink,GPON
ONT_CUST_00049,OLT_061,Uplink,GPON
ONT_CUST_00050,OLT_076,Uplink,GPON
ONT_CUST_00051,OLT_037,Uplink,GPON
ONT_CUST_00052,OLT_038,Uplink,GPON
ONT_CUST_00053,OLT_006,Uplink,GPON
ONT_CUST_00054,OLT_013,Uplink,GPON
ONT_CUST_00055,OLT_056,Uplink,GPON
ONT_CUST_00056,OLT_032,Uplink,GPON
ONT_CUST_00057,OLT_062,Uplink,GPON
ONT_CUST_00058,OLT_019,Uplink,GPON
ONT_CUST_00059,OLT_015,Uplink,GPON
ONT_CUST_00060,OLT_079,Uplink,GPON
ONT_CUST_00061,OLT_038,Uplink,GPON
ONT_CUST_00062,OLT_079,Uplink,GPON
ONT_CUST_00063,OLT_033,Uplink,GPON
ONT_CUST_00064,OLT_022,Uplink,GPON
ONT_CUST_00065,OLT_052,Uplink,GPON
ONT_CUST_00066,OLT_037,Uplink,GPON
ONT_CUST_00067,OLT_036,Uplink,GPON
ONT_CUST_00068,OLT_033,Uplink,GPON
ONT_CUST_00069,OLT_069,Uplink,GPON
ONT_CUST_00070,OLT_009,Uplink,GPON
ONT_CUST_00071,OLT_076,Uplink,GPON
ONT_CUST_00072,OLT_059,Uplink,GPON
ONT_CUST_00073,OLT_064,Uplink,GPON
ONT_CUST_00074,OLT_076,Uplink,GPON
ONT_CUST_00075,OLT_077,Uplink,GPON
ONT_CUST_00076,OLT_029,Uplink,GPON
ONT_CUST_00077,OLT_005,Uplink,GPON
ONT_CUST_00078,OLT_056,Uplink,GPON
ONT_CUST_00079,OLT_055,Uplink,GPON
ONT_CUST_00080,OLT_044,Uplink,GPON
ONT_CUST_00081,OLT_020,Uplink,GPON
ONT_CUST_00082,OLT_036,Uplink,GPON
ONT_CUST_00083,OLT_058,Uplink,GPON
ONT_CUST_00084,OLT_014,Uplink,GPON
ONT_CUST_00085,OLT_069,Uplink,GPON
ONT_CUST_00086,OLT_066,Uplink,GPON
ONT_CUST_00087,OLT_056,Uplink,GPON
ONT_CUST_00088,OLT_070,Uplink,GPON
ONT_CUST_00089,OLT_015,Uplink,GPON
ONT_CUST_00090,OLT_020,Uplink,GPON
ONT_CUST_00091,OLT_070,Uplink,GPON
ONT_CUST_00092,OLT_059,Uplink,GPON
ONT_CUST_00093,OLT_037,Uplink,GPON
ONT_CUST_00094,OLT_060,Uplink,GPON
ONT_CUST_00095,OLT_049,Uplink,GPON
ONT_CUST_00096,OLT_053,Uplink,GPON
ONT_CUST_00097,OLT_038,Uplink,GPON
ONT_CUST_00098,OLT_068,Uplink,GPON
ONT_CUST_00099,OLT_069,Uplink,GPON
ONT_CUST_00100,OLT_030,Uplink,GPON
ONT_CUST_00101,OLT_005,Uplink,GPON
ONT_CUST_00102,OLT_049,Uplink,GPON
ONT_CUST_00103,OLT_016,Uplink,GPON
ONT_CUST_00104,OLT_012,Uplink,GPON
ONT_CUST_00105,OLT_052,Uplink,GPON
ONT_CUST_00106,OLT_033,Uplink,GPON
ONT_CUST_00107,OLT_010,Uplink,GPON
ONT_CUST_00108,OLT_069,Uplink,GPON
ONT_CUST_00109,OLT_029,Uplink,GPON
ONT_CUST_00110,OLT_012,Uplink,GPON
ONT_CUST_00111,OLT_005,Uplink,GPON
ONT_CUST_00112,OLT_045,Uplink,GPON
ONT_CUST_00113,OLT_031,Uplink,GPON
ONT_CUST_00114,OLT_021,Uplink,GPON
ONT_CUST_00115,OLT_048,Uplink,GPON
ONT_CUST_00116,OLT_018,Uplink,GPON
ONT_CUST_00117,OLT_058,Uplink,GPON
ONT_CUST_00118,OLT_069,Uplink,GPON
ONT_CUST_00119,OLT_075,Uplink,GPON
ONT_CUST_00120,OLT_058,Uplink,GPON
ONT_CUST_00121,OLT_013,Uplink,GPON
ONT_CUST_00122,OLT_073,Uplink,GPON
ONT_CUST_00123,OLT_035,Uplink,GPON
ONT_CUST_00124,OLT_036,Uplink,GPON
ONT_CUST_00125,OLT_079,Uplink,GPON
ONT_CUST_00126,OLT_039,Uplink,GPON
ONT_CUST_00127,OLT_016,Uplink,GPON
ONT_CUST_00128,OLT_053,Uplink,GPON
ONT_CUST_00129,OLT_046,Uplink,GPON
ONT_CUST_00130,OLT_061,Uplink,GPON
ONT_CUST_00131,OLT_059,Uplink,GPON
ONT_CUST_00132,OLT_050,Uplink,GPON
ONT_CUST_00133,OLT_001,Uplink,GPON
ONT_CUST_00134,OLT_033,Uplink,GPON
ONT_CUST_00135,OLT_029,Uplink,GPON
ONT_CUST_00136,OLT_071,Uplink,GPON
ONT_CUST_00137,OLT_038,Uplink,GPON
ONT_CUST_00138,OLT_005,Uplink,GPON
ONT_CUST_00139,OLT_014,Uplink,GPON
ONT_CUST_00140,OLT_017,Uplink,GPON
ONT_CUST_00141,OLT_069,Uplink,GPON
ONT_CUST_00142,OLT_062,Uplink,GPON
ONT_CUST_00143,OLT_047,Uplink,GPON
ONT_CUST_00144,OLT_030,Uplink,GPON
ONT_CUST_00145,OLT_045,Uplink,GPON
ONT_CUST_00146,OLT_024,Uplink,GPON
ONT_CUST_00147,OLT_027,Uplink,GPON
ONT_CUST_00148,OLT_031,Uplink,GPON
ONT_CUST_00149,OLT_008,Uplink,GPON
ONT_CUST_00150,OLT_029,Uplink,GPON
ONT_CUST_00151,OLT_000,Uplink,GPON
ONT_CUST_00152,OLT_032,Uplink,GPON
ONT_CUST_00153,OLT_001,Uplink,GPON
ONT_CUST_00154,OLT_002,Uplink,GPON
ONT_CUST_00155,OLT_053,Uplink,GPON
ONT_CUST_00156,OLT_057,Uplink,GPON
ONT_CUST_00157,OLT_028,Uplink,GPON
ONT_CUST_00158,OLT_058,Uplink,GPON
ONT_CUST_00159,OLT_051,Uplink,GPON
ONT_CUST_00160,OLT_009,Uplink,GPON
ONT_CUST_00161,OLT_018,Uplink,GPON
ONT_CUST_00162,OLT_079,Uplink,GPON
ONT_CUST_00163,OLT_067,Uplink,GPON
ONT_CUST_00164,OLT_055,Uplink,GPON
ONT_CUST_00165,OLT_027,Uplink,GPON
ONT_CUST_00166,OLT_043,Uplink,GPON
ONT_CUST_00167,OLT_040,Uplink,GPON
ONT_CUST_00168,OLT_019,Uplink,GPON
ONT_CUST_00169,OLT_010,Uplink,GPON
ONT_CUST_00170,OLT_016,Uplink,GPON
ONT_CUST_00171,OLT_071,Uplink,GPON
ONT_CUST_00172,OLT_054,Uplink,GPON
ONT_CUST_00173,OLT_039,Uplink,GPON
ONT_CUST_00174,OLT_027,Uplink,GPON
ONT_CUST_00175,OLT_044,Uplink,GPON
ONT_CUST_00176,OLT_073,Uplink,GPON
ONT_CUST_00177,OLT_078,Uplink,GPON
ONT_CUST_00178,OLT_003,Uplink,GPON
ONT_CUST_00179,OLT_043,Uplink,GPON
ONT_CUST_00180,OLT_072,Uplink,GPON
ONT_CUST_00181,OLT_003,Uplink,GPON
ONT_CUST_00182,OLT_048,Uplink,GPON
ONT_CUST_00183,OLT_020,Uplink,GPON
ONT_CUST_00184,OLT_072,Uplink,GPON
ONT_CUST_00185,OLT_020,Uplink,GPON
ONT_CUST_00186,OLT_056,Uplink,GPON
ONT_CUST_00187,OLT_056,Uplink,GPON
ONT_CUST_00188,OLT_065,Uplink,GPON
ONT_CUST_00189,OLT_036,Uplink,GPON
ONT_CUST_00190,OLT_005,Uplink,GPON
ONT_CUST_00191,OLT_007,Uplink,GPON
ONT_CUST_00192,OLT_017,Uplink,GPON
ONT_CUST_00193,OLT_015,Uplink,GPON
ONT_CUST_00194,OLT_022,Uplink,GPON
ONT_CUST_00195,OLT_064,Uplink,GPON
ONT_CUST_00196,OLT_005,Uplink,GPON
ONT_CUST_00197,OLT_009,Uplink,GPON
ONT_CUST_00198,OLT_073,Uplink,GPON
ONT_CUST_00199,OLT_051,Uplink,GPON
ONT_CUST_00200,OLT_058,Uplink,GPON
ONT_CUST_00201,OLT_013,Uplink,GPON
ONT_CUST_00202,OLT_067,Uplink,GPON
ONT_CUST_00203,OLT_028,Uplink,GPON
ONT_CUST_00204,OLT_065,Uplink,GPON
ONT_CUST_00205,OLT_024,Uplink,GPON
ONT_CUST_00206,OLT_030,Uplink,GPON
ONT_CUST_00207,OLT_022,Uplink,GPON
ONT_CUST_00208,OLT_063,Uplink,GPON
ONT_CUST_00209,OLT_057,Uplink,GPON
ONT_CUST_00210,OLT_056,Uplink,GPON
ONT_CUST_00211,OLT_038,Uplink,GPON
ONT_CUST_00212,OLT_009,Uplink,GPON
ONT_CUST_00213,OLT_004,Uplink,GPON
ONT_CUST_00214,OLT_009,Uplink,GPON
ONT_CUST_00215,OLT_064,Uplink,GPON
ONT_CUST_00216,OLT_005,Uplink,GPON
ONT_CUST_00217,OLT_041,Uplink,GPON
ONT_CUST_00218,OLT_007,Uplink,GPON
ONT_CUST_00219,OLT_064,Uplink,GPON
ONT_CUST_00220,OLT_056,Uplink,GPON
ONT_CUST_00221,OLT_078,Uplink,GPON
ONT_CUST_00222,OLT_049,Uplink,GPON
ONT_CUST_00223,OLT_042,Uplink,GPON
ONT_CUST_00224,OLT_071,Uplink,GPON
ONT_CUST_00225,OLT_077,Uplink,GPON
ONT_CUST_00226,OLT_074,Uplink,GPON
ONT_CUST_00227,OLT_050,Uplink,GPON
ONT_CUST_00228,OLT_039,Uplink,GPON
ONT_CUST_00229,OLT_067,Uplink,GPON
ONT_CUST_00230,OLT_002,Uplink,GPON
ONT_CUST_00231,OLT_043,Uplink,GPON
ONT_CUST_00232,OLT_019,Uplink,GPON
ONT_CUST_00233,OLT_069,Uplink,GPON
ONT_CUST_00234,OLT_016,Uplink,GPON
ONT_CUST_00235,OLT_023,Uplink,GPON
ONT_CUST_00236,OLT_052,Uplink,GPON
ONT_CUST_00237,OLT_078,Uplink,GPON
ONT_CUST_00238,OLT_030,Uplink,GPON
ONT_CUST_00239,OLT_073,Uplink,GPON
ONT_CUST_00240,OLT_064,Uplink,GPON
ONT_CUST_00241,OLT_077,Uplink,GPON
ONT_CUST_00242,OLT_061,Uplink,GPON
ONT_CUST_00243,OLT_066,Uplink,GPON
ONT_CUST_00244,OLT_020,Uplink,GPON
ONT_CUST_00245,OLT_018,Uplink,GPON
ONT_CUST_00246,OLT_057,Uplink,GPON
ONT_CUST_00247,OLT_050,Uplink,GPON
ONT_CUST_00248,OLT_010,Uplink,GPON
ONT_CUST_00249,OLT_012,Uplink,GPON
ONT_CUST_00250,OLT_004,Uplink,GPON
ONT_CUST_00251,OLT_060,Uplink,GPON
ONT_CUST_00252,OLT_032,Uplink,GPON
ONT_CUST_00253,OLT_067,Uplink,GPON
ONT_CUST_00254,OLT_038,Uplink,GPON
ONT_CUST_00255,OLT_079,Uplink,GPON
ONT_CUST_00256,OLT_076,Uplink,GPON
ONT_CUST_00257,OLT_030,Uplink,GPON
ONT_CUST_00258,OLT_000,Uplink,GPON
ONT_CUST_00259,OLT_053,Uplink,GPON
ONT_CUST_00260,OLT_008,Uplink,GPON
ONT_CUST_00261,OLT_005,Uplink,GPON
ONT_CUST_00262,OLT_002,Uplink,GPON
ONT_CUST_00263,OLT_013,Uplink,GPON
ONT_CUST_00264,OLT_045,Uplink,GPON
ONT_CUST_00265,OLT_061,Uplink,GPON
ONT_CUST_00266,OLT_058,Uplink,GPON
ONT_CUST_00267,OLT_025,Uplink,GPON
ONT_CUST_00268,OLT_050,Uplink,GPON
ONT_CUST_00269,OLT_024,Uplink,GPON
ONT_CUST_00270,OLT_042,Uplink,GPON
ONT_CUST_00271,OLT_055,Uplink,GPON
ONT_CUST_00272,OLT_043,Uplink,GPON
ONT_CUST_00273,OLT_066,Uplink,GPON
ONT_CUST_00274,OLT_010,Uplink,GPON
ONT_CUST_00275,OLT_041,Uplink,GPON
ONT_CUST_00276,OLT_037,Uplink,GPON
ONT_CUST_00277,OLT_054,Uplink,GPON
ONT_CUST_00278,OLT_057,Uplink,GPON
ONT_CUST_00279,OLT_035,Uplink,GPON
ONT_CUST_00280,OLT_046,Uplink,GPON
ONT_CUST_00281,OLT_077,Uplink,GPON
ONT_CUST_00282,OLT_008,Uplink,GPON
ONT_CUST_00283,OLT_049,Uplink,GPON
ONT_CUST_00284,OLT_057,Uplink,GPON
ONT_CUST_00285,OLT_073,Uplink,GPON
ONT_CUST_00286,OLT_035,Uplink,GPON
ONT_CUST_00287,OLT_063,Uplink,GPON
ONT_CUST_00288,OLT_033,Uplink,GPON
ONT_CUST_00289,OLT_078,Uplink,GPON
ONT_CUST_00290,OLT_017,Uplink,GPON
ONT_CUST_00291,OLT_056,Uplink,GPON
ONT_CUST_00292,OLT_008,Uplink,GPON
ONT_CUST_00293,OLT_022,Uplink,GPON
ONT_CUST_00294,OLT_017,Uplink,GPON
ONT_CUST_00295,OLT_046,Uplink,GPON
ONT_CUST_00296,OLT_016,Uplink,GPON
ONT_CUST_00297,OLT_050,Uplink,GPON
ONT_CUST_00298,OLT_052,Uplink,GPON
ONT_CUST_00299,OLT_009,Uplink,GPON
ONT_CUST_00300,OLT_044,Uplink,GPON
ONT_CUST_00301,OLT_064,Uplink,GPON
ONT_CUST_00302,OLT_038,Uplink,GPON
ONT_CUST_00303,OLT_044,Uplink,GPON
ONT_CUST_00304,OLT_025,Uplink,GPON
ONT_CUST_00305,OLT_078,Uplink,GPON
ONT_CUST_00306,OLT_075,Uplink,GPON
ONT_CUST_00307,OLT_077,Uplink,GPON
ONT_CUST_00308,OLT_003,Uplink,GPON
ONT_CUST_00309,OLT_033,Uplink,GPON
ONT_CUST_00310,OLT_079,Uplink,GPON
ONT_CUST_00311,OLT_037,Uplink,GPON
ONT_CUST_00312,OLT_051,Uplink,GPON
ONT_CUST_00313,OLT_020,Uplink,GPON
ONT_CUST_00314,OLT_059,Uplink,GPON
ONT_CUST_00315,OLT_018,Uplink,GPON
ONT_CUST_00316,OLT_051,Uplink,GPON
ONT_CUST_00317,OLT_013,Uplink,GPON
ONT_CUST_00318,OLT_034,Uplink,GPON
ONT_CUST_00319,OLT_006,Uplink,GPON
ONT_CUST_00320,OLT_053,Uplink,GPON
ONT_CUST_00321,OLT_040,Uplink,GPON
ONT_CUST_00322,OLT_059,Uplink,GPON
ONT_CUST_00323,OLT_002,Uplink,GPON
ONT_CUST_00324,OLT_030,Uplink,GPON
ONT_CUST_00325,OLT_036,Uplink,GPON
ONT_CUST_00326,OLT_001,Uplink,GPON
ONT_CUST_00327,OLT_046,Uplink,GPON
ONT_CUST_00328,OLT_051,Uplink,GPON
ONT_CUST_00329,OLT_036,Uplink,GPON
ONT_CUST_00330,OLT_070,Uplink,GPON
ONT_CUST_00331,OLT_050,Uplink,GPON
ONT_CUST_00332,OLT_046,Uplink,GPON
ONT_CUST_00333,OLT_065,Uplink,GPON
ONT_CUST_00334,OLT_017,Uplink,GPON
ONT_CUST_00335,OLT_058,Uplink,GPON
ONT_CUST_00336,OLT_040,Uplink,GPON
ONT_CUST_00337,OLT_075,Uplink,GPON
ONT_CUST_00338,OLT_068,Uplink,GPON
ONT_CUST_00339,OLT_047,Uplink,GPON
ONT_CUST_00340,OLT_074,Uplink,GPON
ONT_CUST_00341,OLT_060,Uplink,GPON
ONT_CUST_00342,OLT_061,Uplink,GPON
ONT_CUST_00343,OLT_048,Uplink,GPON
ONT_CUST_00344,OLT_073,Uplink,GPON
ONT_CUST_00345,OLT_056,Uplink,GPON
ONT_CUST_00346,OLT_052,Uplink,GPON
ONT_CUST_00347,OLT_078,Uplink,GPON
ONT_CUST_00348,OLT_026,Uplink,GPON
ONT_CUST_00349,OLT_048,Uplink,GPON
ONT_CUST_00350,OLT_068,Uplink,GPON
ONT_CUST_00351,OLT_061,Uplink,GPON
ONT_CUST_00352,OLT_071,Uplink,GPON
ONT_CUST_00353,OLT_026,Uplink,GPON
ONT_CUST_00354,OLT_044,Uplink,GPON
ONT_CUST_00355,OLT_073,Uplink,GPON
ONT_CUST_00356,OLT_018,Uplink,GPON
ONT_CUST_00357,OLT_010,Uplink,GPON
ONT_CUST_00358,OLT_027,Uplink,GPON
ONT_CUST_00359,OLT_017,Uplink,GPON
ONT_CUST_00360,OLT_030,Uplink,GPON
ONT_CUST_00361,OLT_029,Uplink,GPON
ONT_CUST_00362,OLT_042,Uplink,GPON
ONT_CUST_00363,OLT_000,Uplink,GPON
ONT_CUST_00364,OLT_061,Uplink,GPON
ONT_CUST_00365,OLT_036,Uplink,GPON
ONT_CUST_00366,OLT_029,Uplink,GPON
ONT_CUST_00367,OLT_022,Uplink,GPON
ONT_CUST_00368,OLT_037,Uplink,GPON
ONT_CUST_00369,OLT_072,Uplink,GPON
ONT_CUST_00370,OLT_058,Uplink,GPON
ONT_CUST_00371,OLT_059,Uplink,GPON
ONT_CUST_00372,OLT_042,Uplink,GPON
ONT_CUST_00373,OLT_023,Uplink,GPON
ONT_CUST_00374,OLT_072,Uplink,GPON
ONT_CUST_00375,OLT_051,Uplink,GPON
ONT_CUST_00376,OLT_012,Uplink,GPON
ONT_CUST_00377,OLT_031,Uplink,GPON
ONT_CUST_00378,OLT_030,Uplink,GPON
ONT_CUST_00379,OLT_074,Uplink,GPON
ONT_CUST_00380,OLT_030,Uplink,GPON
ONT_CUST_00381,OLT_020,Uplink,GPON
ONT_CUST_00382,OLT_015,Uplink,GPON
ONT_CUST_00383,OLT_028,Uplink,GPON
ONT_CUST_00384,OLT_019,Uplink,GPON
ONT_CUST_00385,OLT_060,Uplink,GPON
ONT_CUST_00386,OLT_010,Uplink,GPON
ONT_CUST_00387,OLT_009,Uplink,GPON
ONT_CUST_00388,OLT_064,Uplink,GPON
ONT_CUST_00389,OLT_066,Uplink,GPON
ONT_CUST_00390,OLT_074,Uplink,GPON
ONT_CUST_00391,OLT_057,Uplink,GPON
ONT_CUST_00392,OLT_053,Uplink,GPON
ONT_CUST_00393,OLT_039,Uplink,GPON
ONT_CUST_00394,OLT_000,Uplink,GPON
ONT_CUST_00395,OLT_005,Uplink,GPON
ONT_CUST_00396,OLT_069,Uplink,GPON
ONT_CUST_00397,OLT_036,Uplink,GPON
ONT_CUST_00398,OLT_047,Uplink,GPON
ONT_CUST_00399,OLT_048,Uplink,GPON
ONT_CUST_00400,OLT_044,Uplink,GPON
ONT_CUST_00401,OLT_067,Uplink,GPON
ONT_CUST_00402,OLT_038,Uplink,GPON
ONT_CUST_00403,OLT_029,Uplink,GPON
ONT_CUST_00404,OLT_019,Uplink,GPON
ONT_CUST_00405,OLT_053,Uplink,GPON
ONT_CUST_00406,OLT_008,Uplink,GPON
ONT_CUST_00407,OLT_057,Uplink,GPON
ONT_CUST_00408,OLT_051,Uplink,GPON
ONT_CUST_00409,OLT_007,Uplink,GPON
ONT_CUST_00410,OLT_040,Uplink,GPON
ONT_CUST_00411,OLT_018,Uplink,GPON
ONT_CUST_00412,OLT_035,Uplink,GPON
ONT_CUST_00413,OLT_063,Uplink,GPON
ONT_CUST_00414,OLT_067,Uplink,GPON
ONT_CUST_00415,OLT_038,Uplink,GPON
ONT_CUST_00416,OLT_030,Uplink,GPON
ONT_CUST_00417,OLT_007,Uplink,GPON
ONT_CUST_00418,OLT_067,Uplink,GPON
ONT_CUST_00419,OLT_026,Uplink,GPON
ONT_CUST_00420,OLT_047,Uplink,GPON
ONT_CUST_00421,OLT_006,Uplink,GPON
ONT_CUST_00422,OLT_077,Uplink,GPON
ONT_CUST_00423,OLT_075,Uplink,GPON
ONT_CUST_00424,OLT_042,Uplink,GPON
ONT_CUST_00425,OLT_024,Uplink,GPON
ONT_CUST_00426,OLT_077,Uplink,GPON
ONT_CUST_00427,OLT_070,Uplink,GPON
ONT_CUST_00428,OLT_068,Uplink,GPON
ONT_CUST_00429,OLT_046,Uplink,GPON
ONT_CUST_00430,OLT_060,Uplink,GPON
ONT_CUST_00431,OLT_052,Uplink,GPON
ONT_CUST_00432,OLT_018,Uplink,GPON
ONT_CUST_00433,OLT_074,Uplink,GPON
ONT_CUST_00434,OLT_025,Uplink,GPON
ONT_CUST_00435,OLT_031,Uplink,GPON
ONT_CUST_00436,OLT_032,Uplink,GPON
ONT_CUST_00437,OLT_045,Uplink,GPON
ONT_CUST_00438,OLT_062,Uplink,GPON
ONT_CUST_00439,OLT_067,Uplink,GPON
ONT_CUST_00440,OLT_052,Uplink,GPON
ONT_CUST_00441,OLT_019,Uplink,GPON
ONT_CUST_00442,OLT_047,Uplink,GPON
ONT_CUST_00443,OLT_061,Uplink,GPON
ONT_CUST_00444,OLT_068,Uplink,GPON
ONT_CUST_00445,OLT_067,Uplink,GPON
ONT_CUST_00446,OLT_002,Uplink,GPON
ONT_CUST_00447,OLT_012,Uplink,GPON
ONT_CUST_00448,OLT_079,Uplink,GPON
ONT_CUST_00449,OLT_050,Uplink,GPON
ONT_CUST_00450,OLT_058,Uplink,GPON
ONT_CUST_00451,OLT_010,Uplink,GPON
ONT_CUST_00452,OLT_048,Uplink,GPON
ONT_CUST_00453,OLT_007,Uplink,GPON
ONT_CUST_00454,OLT_063,Uplink,GPON
ONT_CUST_00455,OLT_012,Uplink,GPON
ONT_CUST_00456,OLT_072,Uplink,GPON
ONT_CUST_00457,OLT_009,Uplink,GPON
ONT_CUST_00458,OLT_004,Uplink,GPON
ONT_CUST_00459,OLT_026,Uplink,GPON
ONT_CUST_00460,OLT_038,Uplink,GPON
ONT_CUST_00461,OLT_069,Uplink,GPON
ONT_CUST_00462,OLT_064,Uplink,GPON
ONT_CUST_00463,OLT_055,Uplink,GPON
ONT_CUST_00464,OLT_077,Uplink,GPON
ONT_CUST_00465,OLT_034,Uplink,GPON
ONT_CUST_00466,OLT_070,Uplink,GPON
ONT_CUST_00467,OLT_048,Uplink,GPON
ONT_CUST_00468,OLT_031,Uplink,GPON
ONT_CUST_00469,OLT_019,Uplink,GPON
ONT_CUST_00470,OLT_046,Uplink,GPON
ONT_CUST_00471,OLT_039,Uplink,GPON
ONT_CUST_00472,OLT_016,Uplink,GPON
ONT_CUST_00473,OLT_057,Uplink,GPON
ONT_CUST_00474,OLT_011,Uplink,GPON
ONT_CUST_00475,OLT_041,Uplink,GPON
ONT_CUST_00476,OLT_052,Uplink,GPON
ONT_CUST_00477,OLT_031,Uplink,GPON
ONT_CUST_00478,OLT_017,Uplink,GPON
ONT_CUST_00479,OLT_063,Uplink,GPON
ONT_CUST_00480,OLT_055,Uplink,GPON
ONT_CUST_00481,OLT_061,Uplink,GPON
ONT_CUST_00482,OLT_031,Uplink,GPON
ONT_CUST_00483,OLT_025,Uplink,GPON
ONT_CUST_00484,OLT_000,Uplink,GPON
ONT_CUST_00485,OLT_042,Uplink,GPON
ONT_CUST_00486,OLT_076,Uplink,GPON
ONT_CUST_00487,OLT_077,Uplink,GPON
ONT_CUST_00488,OLT_022,Uplink,GPON
ONT_CUST_00489,OLT_073,Uplink,GPON
ONT_CUST_00490,OLT_050,Uplink,GPON
ONT_CUST_00491,OLT_025,Uplink,GPON
ONT_CUST_00492,OLT_059,Uplink,GPON
ONT_CUST_00493,OLT_008,Uplink,GPON
ONT_CUST_00494,OLT_038,Uplink,GPON
ONT_CUST_00495,OLT_048,Uplink,GPON
ONT_CUST_00496,OLT_061,Uplink,GPON
ONT_CUST_00497,OLT_053,Uplink,GPON
ONT_CUST_00498,OLT_076,Uplink,GPON
ONT_CUST_00499,OLT_045,Uplink,GPON
ONT_CUST_00500,OLT_072,Uplink,GPON
ONT_CUST_00501,OLT_013,Uplink,GPON
ONT_CUST_00502,OLT_065,Uplink,GPON
ONT_CUST_00503,OLT_050,Uplink,GPON
ONT_CUST_00504,OLT_019,Uplink,GPON
ONT_CUST_00505,OLT_037,Uplink,GPON
ONT_CUST_00506,OLT_018,Uplink,GPON
ONT_CUST_00507,OLT_058,Uplink,GPON
ONT_CUST_00508,OLT_012,Uplink,GPON
ONT_CUST_00509,OLT_038,Uplink,GPON
ONT_CUST_00510,OLT_013,Uplink,GPON
ONT_CUST_00511,OLT_022,Uplink,GPON
ONT_CUST_00512,OLT_054,Uplink,GPON
ONT_CUST_00513,OLT_023,Uplink,GPON
ONT_CUST_00514,OLT_003,Uplink,GPON
ONT_CUST_00515,OLT_054,Uplink,GPON
ONT_CUST_00516,OLT_026,Uplink,GPON
ONT_CUST_00517,OLT_013,Uplink,GPON
ONT_CUST_00518,OLT_025,Uplink,GPON
ONT_CUST_00519,OLT_067,Uplink,GPON
ONT_CUST_00520,OLT_078,Uplink,GPON
ONT_CUST_00521,OLT_058,Uplink,GPON
ONT_CUST_00522,OLT_075,Uplink,GPON
ONT_CUST_00523,OLT_015,Uplink,GPON
ONT_CUST_00524,OLT_023,Uplink,GPON
ONT_CUST_00525,OLT_049,Uplink,GPON
ONT_CUST_00526,OLT_054,Uplink,GPON
ONT_CUST_00527,OLT_022,Uplink,GPON
ONT_CUST_00528,OLT_017,Uplink,GPON
ONT_CUST_00529,OLT_079,Uplink,GPON
ONT_CUST_00530,OLT_017,Uplink,GPON
ONT_CUST_00531,OLT_064,Uplink,GPON
ONT_CUST_00532,OLT_053,Uplink,GPON
ONT_CUST_00533,OLT_010,Uplink,GPON
ONT_CUST_00534,OLT_004,Uplink,GPON
ONT_CUST_00535,OLT_036,Uplink,GPON
ONT_CUST_00536,OLT_070,Uplink,GPON
ONT_CUST_00537,OLT_034,Uplink,GPON
ONT_CUST_00538,OLT_056,Uplink,GPON
ONT_CUST_00539,OLT_031,Uplink,GPON
ONT_CUST_00540,OLT_033,Uplink,GPON
ONT_CUST_00541,OLT_015,Uplink,GPON
ONT_CUST_00542,OLT_044,Uplink,GPON
ONT_CUST_00543,OLT_017,Uplink,GPON
ONT_CUST_00544,OLT_072,Uplink,GPON
ONT_CUST_00545,OLT_076,Uplink,GPON
ONT_CUST_00546,OLT_037,Uplink,GPON
ONT_CUST_00547,OLT_017,Uplink,GPON
ONT_CUST_00548,OLT_016,Uplink,GPON
ONT_CUST_00549,OLT_041,Uplink,GPON
ONT_CUST_00550,OLT_018,Uplink,GPON
ONT_CUST_00551,OLT_057,Uplink,GPON
ONT_CUST_00552,OLT_035,Uplink,GPON
ONT_CUST_00553,OLT_041,Uplink,GPON
ONT_CUST_00554,OLT_045,Uplink,GPON
ONT_CUST_00555,OLT_027,Uplink,GPON
ONT_CUST_00556,OLT_041,Uplink,GPON
ONT_CUST_00557,OLT_073,Uplink,GPON
ONT_CUST_00558,OLT_005,Uplink,GPON
ONT_CUST_00559,OLT_015,Uplink,GPON
ONT_CUST_00560,OLT_000,Uplink,GPON
ONT_CUST_00561,OLT_020,Uplink,GPON
ONT_CUST_00562,OLT_032,Uplink,GPON
ONT_CUST_00563,OLT_050,Uplink,GPON
ONT_CUST_00564,OLT_011,Uplink,GPON
ONT_CUST_00565,OLT_061,Uplink,GPON
ONT_CUST_00566,OLT_028,Uplink,GPON
ONT_CUST_00567,OLT_043,Uplink,GPON
ONT_CUST_00568,OLT_009,Uplink,GPON
ONT_CUST_00569,OLT_013,Uplink,GPON
ONT_CUST_00570,OLT_017,Uplink,GPON
ONT_CUST_00571,OLT_008,Uplink,GPON
ONT_CUST_00572,OLT_056,Uplink,GPON
ONT_CUST_00573,OLT_052,Uplink,GPON
ONT_CUST_00574,OLT_012,Uplink,GPON
ONT_CUST_00575,OLT_044,Uplink,GPON
ONT_CUST_00576,OLT_035,Uplink,GPON
ONT_CUST_00577,OLT_076,Uplink,GPON
ONT_CUST_00578,OLT_026,Uplink,GPON
ONT_CUST_00579,OLT_006,Uplink,GPON
ONT_CUST_00580,OLT_014,Uplink,GPON
ONT_CUST_00581,OLT_009,Uplink,GPON
ONT_CUST_00582,OLT_016,Uplink,GPON
ONT_CUST_00583,OLT_046,Uplink,GPON
ONT_CUST_00584,OLT_002,Uplink,GPON
ONT_CUST_00585,OLT_027,Uplink,GPON
ONT_CUST_00586,OLT_036,Uplink,GPON
ONT_CUST_00587,OLT_010,Uplink,GPON
ONT_CUST_00588,OLT_039,Uplink,GPON
ONT_CUST_00589,OLT_041,Uplink,GPON
ONT_CUST_00590,OLT_039,Uplink,GPON
ONT_CUST_00591,OLT_031,Uplink,GPON
ONT_CUST_00592,OLT_058,Uplink,GPON
ONT_CUST_00593,OLT_015,Uplink,GPON
ONT_CUST_00594,OLT_020,Uplink,GPON
ONT_CUST_00595,OLT_066,Uplink,GPON
ONT_CUST_00596,OLT_016,Uplink,GPON
ONT_CUST_00597,OLT_042,Uplink,GPON
ONT_CUST_00598,OLT_008,Uplink,GPON
ONT_CUST_00599,OLT_063,Uplink,GPON
ONT_CUST_00600,OLT_007,Uplink,GPON
ONT_CUST_00601,OLT_032,Uplink,GPON
ONT_CUST_00602,OLT_000,Uplink,GPON
ONT_CUST_00603,OLT_060,Uplink,GPON
ONT_CUST_00604,OLT_004,Uplink,GPON
ONT_CUST_00605,OLT_031,Uplink,GPON
ONT_CUST_00606,OLT_009,Uplink,GPON
ONT_CUST_00607,OLT_006,Uplink,GPON
ONT_CUST_00608,OLT_005,Uplink,GPON
ONT_CUST_00609,OLT_036,Uplink,GPON
ONT_CUST_00610,OLT_058,Uplink,GPON
ONT_CUST_00611,OLT_072,Uplink,GPON
ONT_CUST_00612,OLT_059,Uplink,GPON
ONT_CUST_00613,OLT_025,Uplink,GPON
ONT_CUST_00614,OLT_052,Uplink,GPON
ONT_CUST_00615,OLT_044,Uplink,GPON
ONT_CUST_00616,OLT_048,Uplink,GPON
ONT_CUST_00617,OLT_067,Uplink,GPON
ONT_CUST_00618,OLT_018,Uplink,GPON
ONT_CUST_00619,OLT_029,Uplink,GPON
ONT_CUST_00620,OLT_010,Uplink,GPON
ONT_CUST_00621,OLT_050,Uplink,GPON
ONT_CUST_00622,OLT_007,Uplink,GPON
ONT_CUST_00623,OLT_033,Uplink,GPON
ONT_CUST_00624,OLT_040,Uplink,GPON
ONT_CUST_00625,OLT_025,Uplink,GPON
ONT_CUST_00626,OLT_021,Uplink,GPON
ONT_CUST_00627,OLT_052,Uplink,GPON
ONT_CUST_00628,OLT_026,Uplink,GPON
ONT_CUST_00629,OLT_033,Uplink,GPON
ONT_CUST_00630,OLT_038,Uplink,GPON
ONT_CUST_00631,OLT_018,Uplink,GPON
ONT_CUST_00632,OLT_050,Uplink,GPON
ONT_CUST_00633,OLT_022,Uplink,GPON
ONT_CUST_00634,OLT_070,Uplink,GPON
ONT_CUST_00635,OLT_017,Uplink,GPON
ONT_CUST_00636,OLT_028,Uplink,GPON
ONT_CUST_00637,OLT_047,Uplink,GPON
ONT_CUST_00638,OLT_033,Uplink,GPON
ONT_CUST_00639,OLT_025,Uplink,GPON
ONT_CUST_00640,OLT_042,Uplink,GPON
ONT_CUST_00641,OLT_006,Uplink,GPON
ONT_CUST_00642,OLT_050,Uplink,GPON
ONT_CUST_00643,OLT_054,Uplink,GPON
ONT_CUST_00644,OLT_023,Uplink,GPON
ONT_CUST_00645,OLT_019,Uplink,GPON
ONT_CUST_00646,OLT_052,Uplink,GPON
ONT_CUST_00647,OLT_035,Uplink,GPON
ONT_CUST_00648,OLT_067,Uplink,GPON
ONT_CUST_00649,OLT_061,Uplink,GPON
ONT_CUST_00650,OLT_064,Uplink,GPON
ONT_CUST_00651,OLT_003,Uplink,GPON
ONT_CUST_00652,OLT_003,Uplink,GPON
ONT_CUST_00653,OLT_067,Uplink,GPON
ONT_CUST_00654,OLT_031,Uplink,GPON
ONT_CUST_00655,OLT_007,Uplink,GPON
ONT_CUST_00656,OLT_022,Uplink,GPON
ONT_CUST_00657,OLT_003,Uplink,GPON
ONT_CUST_00658,OLT_018,Uplink,GPON
ONT_CUST_00659,OLT_039,Uplink,GPON
ONT_CUST_00660,OLT_007,Uplink,GPON
ONT_CUST_00661,OLT_061,Uplink,GPON
ONT_CUST_00662,OLT_025,Uplink,GPON
ONT_CUST_00663,OLT_007,Uplink,GPON
ONT_CUST_00664,OLT_014,Uplink,GPON
ONT_CUST_00665,OLT_050,Uplink,GPON
ONT_CUST_00666,OLT_041,Uplink,GPON
ONT_CUST_00667,OLT_062,Uplink,GPON
ONT_CUST_00668,OLT_078,Uplink,GPON
ONT_CUST_00669,OLT_048,Uplink,GPON
ONT_CUST_00670,OLT_022,Uplink,GPON
ONT_CUST_00671,OLT_072,Uplink,GPON
ONT_CUST_00672,OLT_040,Uplink,GPON
ONT_CUST_00673,OLT_063,Uplink,GPON
ONT_CUST_00674,OLT_030,Uplink,GPON
ONT_CUST_00675,OLT_042,Uplink,GPON
ONT_CUST_00676,OLT_026,Uplink,GPON
ONT_CUST_00677,OLT_032,Uplink,GPON
ONT_CUST_00678,OLT_056,Uplink,GPON
ONT_CUST_00679,OLT_063,Uplink,GPON
ONT_CUST_00680,OLT_048,Uplink,GPON
ONT_CUST_00681,OLT_028,Uplink,GPON
ONT_CUST_00682,OLT_004,Uplink,GPON
ONT_CUST_00683,OLT_033,Uplink,GPON
ONT_CUST_00684,OLT_021,Uplink,GPON
ONT_CUST_00685,OLT_070,Uplink,GPON
ONT_CUST_00686,OLT_061,Uplink,GPON
ONT_CUST_00687,OLT_077,Uplink,GPON
ONT_CUST_00688,OLT_012,Uplink,GPON
ONT_CUST_00689,OLT_070,Uplink,GPON
ONT_CUST_00690,OLT_030,Uplink,GPON
ONT_CUST_00691,OLT_070,Uplink,GPON
ONT_CUST_00692,OLT_000,Uplink,GPON
ONT_CUST_00693,OLT_061,Uplink,GPON
ONT_CUST_00694,OLT_026,Uplink,GPON
ONT_CUST_00695,OLT_060,Uplink,GPON
ONT_CUST_00696,OLT_062,Uplink,GPON
ONT_CUST_00697,OLT_049,Uplink,GPON
ONT_CUST_00698,OLT_023,Uplink,GPON
ONT_CUST_00699,OLT_056,Uplink,GPON
ONT_CUST_00700,OLT_034,Uplink,GPON
ONT_CUST_00701,OLT_010,Uplink,GPON
ONT_CUST_00702,OLT_075,Uplink,GPON
ONT_CUST_00703,OLT_049,Uplink,GPON
ONT_CUST_00704,OLT_073,Uplink,GPON
ONT_CUST_00705,OLT_050,Uplink,GPON
ONT_CUST_00706,OLT_066,Uplink,GPON
ONT_CUST_00707,OLT_022,Uplink,GPON
ONT_CUST_00708,OLT_005,Uplink,GPON
ONT_CUST_00709,OLT_025,Uplink,GPON
ONT_CUST_00710,OLT_040,Uplink,GPON
ONT_CUST_00711,OLT_071,Uplink,GPON
ONT_CUST_00712,OLT_058,Uplink,GPON
ONT_CUST_00713,OLT_019,Uplink,GPON
ONT_CUST_00714,OLT_012,Uplink,GPON
ONT_CUST_00715,OLT_049,Uplink,GPON
ONT_CUST_00716,OLT_060,Uplink,GPON
ONT_CUST_00717,OLT_018,Uplink,GPON
ONT_CUST_00718,OLT_042,Uplink,GPON
ONT_CUST_00719,OLT_034,Uplink,GPON
ONT_CUST_00720,OLT_039,Uplink,GPON
ONT_CUST_00721,OLT_017,Uplink,GPON
ONT_CUST_00722,OLT_034,Uplink,GPON
ONT_CUST_00723,OLT_024,Uplink,GPON
ONT_CUST_00724,OLT_062,Uplink,GPON
ONT_CUST_00725,OLT_020,Uplink,GPON
ONT_CUST_00726,OLT_051,Uplink,GPON
ONT_CUST_00727,OLT_025,Uplink,GPON
ONT_CUST_00728,OLT_006,Uplink,GPON
ONT_CUST_00729,OLT_047,Uplink,GPON
ONT_CUST_00730,OLT_015,Uplink,GPON
ONT_CUST_00731,OLT_062,Uplink,GPON
ONT_CUST_00732,OLT_075,Uplink,GPON
ONT_CUST_00733,OLT_033,Uplink,GPON
ONT_CUST_00734,OLT_049,Uplink,GPON
ONT_CUST_00735,OLT_028,Uplink,GPON
ONT_CUST_00736,OLT_052,Uplink,GPON
ONT_CUST_00737,OLT_016,Uplink,GPON
ONT_CUST_00738,OLT_028,Uplink,GPON
ONT_CUST_00739,OLT_035,Uplink,GPON
ONT_CUST_00740,OLT_032,Uplink,GPON
ONT_CUST_00741,OLT_079,Uplink,GPON
ONT_CUST_00742,OLT_047,Uplink,GPON
ONT_CUST_00743,OLT_061,Uplink,GPON
ONT_CUST_00744,OLT_041,Uplink,GPON
ONT_CUST_00745,OLT_024,Uplink,GPON
ONT_CUST_00746,OLT_007,Uplink,GPON
ONT_CUST_00747,OLT_003,Uplink,GPON
ONT_CUST_00748,OLT_053,Uplink,GPON
ONT_CUST_00749,OLT_073,Uplink,GPON
ONT_CUST_00750,OLT_060,Uplink,GPON
ONT_CUST_00751,OLT_021,Uplink,GPON
ONT_CUST_00752,OLT_060,Uplink,GPON
ONT_CUST_00753,OLT_042,Uplink,GPON
ONT_CUST_00754,OLT_028,Uplink,GPON
ONT_CUST_00755,OLT_047,Uplink,GPON
ONT_CUST_00756,OLT_059,Uplink,GPON
ONT_CUST_00757,OLT_074,Uplink,GPON
ONT_CUST_00758,OLT_064,Uplink,GPON
ONT_CUST_00759,OLT_052,Uplink,GPON
ONT_CUST_00760,OLT_025,Uplink,GPON
ONT_CUST_00761,OLT_018,Uplink,GPON
ONT_CUST_00762,OLT_062,Uplink,GPON
ONT_CUST_00763,OLT_007,Uplink,GPON
ONT_CUST_00764,OLT_021,Uplink,GPON
ONT_CUST_00765,OLT_016,Uplink,GPON
ONT_CUST_00766,OLT_054,Uplink,GPON
ONT_CUST_00767,OLT_004,Uplink,GPON
ONT_CUST_00768,OLT_041,Uplink,GPON
ONT_CUST_00769,OLT_031,Uplink,GPON
ONT_CUST_00770,OLT_016,Uplink,GPON
ONT_CUST_00771,OLT_075,Uplink,GPON
ONT_CUST_00772,OLT_005,Uplink,GPON
ONT_CUST_00773,OLT_066,Uplink,GPON
ONT_CUST_00774,OLT_043,Uplink,GPON
ONT_CUST_00775,OLT_051,Uplink,GPON
ONT_CUST_00776,OLT_027,Uplink,GPON
ONT_CUST_00777,OLT_021,Uplink,GPON
ONT_CUST_00778,OLT_048,Uplink,GPON
ONT_CUST_00779,OLT_006,Uplink,GPON
ONT_CUST_00780,OLT_006,Uplink,GPON
ONT_CUST_00781,OLT_048,Uplink,GPON
ONT_CUST_00782,OLT_060,Uplink,GPON
ONT_CUST_00783,OLT_038,Uplink,GPON
ONT_CUST_00784,OLT_079,Uplink,GPON
ONT_CUST_00785,OLT_065,Uplink,GPON
ONT_CUST_00786,OLT_013,Uplink,GPON
ONT_CUST_00787,OLT_033,Uplink,GPON
ONT_CUST_00788,OLT_037,Uplink,GPON
ONT_CUST_00789,OLT_063,Uplink,GPON
ONT_CUST_00790,OLT_030,Uplink,GPON
ONT_CUST_00791,OLT_073,Uplink,GPON
ONT_CUST_00792,OLT_065,Uplink,GPON
ONT_CUST_00793,OLT_058,Uplink,GPON
ONT_CUST_00794,OLT_012,Uplink,GPON
ONT_CUST_00795,OLT_040,Uplink,GPON
ONT_CUST_00796,OLT_001,Uplink,GPON
ONT_CUST_00797,OLT_056,Uplink,GPON
ONT_CUST_00798,OLT_043,Uplink,GPON
ONT_CUST_00799,OLT_058,Uplink,GPON
ONT_CUST_00800,OLT_021,Uplink,GPON
ONT_CUST_00801,OLT_020,Uplink,GPON
ONT_CUST_00802,OLT_061,Uplink,GPON
ONT_CUST_00803,OLT_048,Uplink,GPON
ONT_CUST_00804,OLT_016,Uplink,GPON
ONT_CUST_00805,OLT_052,Uplink,GPON
ONT_CUST_00806,OLT_033,Uplink,GPON
ONT_CUST_00807,OLT_073,Uplink,GPON
ONT_CUST_00808,OLT_066,Uplink,GPON
ONT_CUST_00809,OLT_061,Uplink,GPON
ONT_CUST_00810,OLT_071,Uplink,GPON
ONT_CUST_00811,OLT_064,Uplink,GPON
ONT_CUST_00812,OLT_062,Uplink,GPON
ONT_CUST_00813,OLT_035,Uplink,GPON
ONT_CUST_00814,OLT_051,Uplink,GPON
ONT_CUST_00815,OLT_073,Uplink,GPON
ONT_CUST_00816,OLT_040,Uplink,GPON
ONT_CUST_00817,OLT_051,Uplink,GPON
ONT_CUST_00818,OLT_000,Uplink,GPON
ONT_CUST_00819,OLT_026,Uplink,GPON
ONT_CUST_00820,OLT_006,Uplink,GPON
ONT_CUST_00821,OLT_071,Uplink,GPON
ONT_CUST_00822,OLT_014,Uplink,GPON
ONT_CUST_00823,OLT_043,Uplink,GPON
ONT_CUST_00824,OLT_047,Uplink,GPON
ONT_CUST_00825,OLT_063,Uplink,GPON
ONT_CUST_00826,OLT_032,Uplink,GPON
ONT_CUST_00827,OLT_050,Uplink,GPON
ONT_CUST_00828,OLT_043,Uplink,GPON
ONT_CUST_00829,OLT_015,Uplink,GPON
ONT_CUST_00830,OLT_064,Uplink,GPON
ONT_CUST_00831,OLT_006,Uplink,GPON
ONT_CUST_00832,OLT_065,Uplink,GPON
ONT_CUST_00833,OLT_049,Uplink,GPON
ONT_CUST_00834,OLT_053,Uplink,GPON
ONT_CUST_00835,OLT_043,Uplink,GPON
ONT_CUST_00836,OLT_052,Uplink,GPON
ONT_CUST_00837,OLT_070,Uplink,GPON
ONT_CUST_00838,OLT_079,Uplink,GPON
ONT_CUST_00839,OLT_022,Uplink,GPON
ONT_CUST_00840,OLT_071,Uplink,GPON
ONT_CUST_00841,OLT_054,Uplink,GPON
ONT_CUST_00842,OLT_003,Uplink,GPON
ONT_CUST_00843,OLT_007,Uplink,GPON
ONT_CUST_00844,OLT_032,Uplink,GPON
ONT_CUST_00845,OLT_069,Uplink,GPON
ONT_CUST_00846,OLT_078,Uplink,GPON
ONT_CUST_00847,OLT_030,Uplink,GPON
ONT_CUST_00848,OLT_049,Uplink,GPON
ONT_CUST_00849,OLT_001,Uplink,GPON
ONT_CUST_00850,OLT_056,Uplink,GPON
ONT_CUST_00851,OLT_069,Uplink,GPON
ONT_CUST_00852,OLT_057,Uplink,GPON
ONT_CUST_00853,OLT_065,Uplink,GPON
ONT_CUST_00854,OLT_035,Uplink,GPON
ONT_CUST_00855,OLT_074,Uplink,GPON
ONT_CUST_00856,OLT_059,Uplink,GPON
ONT_CUST_00857,OLT_041,Uplink,GPON
ONT_CUST_00858,OLT_062,Uplink,GPON
ONT_CUST_00859,OLT_067,Uplink,GPON
ONT_CUST_00860,OLT_064,Uplink,GPON
ONT_CUST_00861,OLT_051,Uplink,GPON
ONT_CUST_00862,OLT_042,Uplink,GPON
ONT_CUST_00863,OLT_027,Uplink,GPON
ONT_CUST_00864,OLT_014,Uplink,GPON
ONT_CUST_00865,OLT_078,Uplink,GPON
ONT_CUST_00866,OLT_048,Uplink,GPON
ONT_CUST_00867,OLT_069,Uplink,GPON
ONT_CUST_00868,OLT_047,Uplink,GPON
ONT_CUST_00869,OLT_037,Uplink,GPON
ONT_CUST_00870,OLT_010,Uplink,GPON
ONT_CUST_00871,OLT_000,Uplink,GPON
ONT_CUST_00872,OLT_054,Uplink,GPON
ONT_CUST_00873,OLT_055,Uplink,GPON
ONT_CUST_00874,OLT_058,Uplink,GPON
ONT_CUST_00875,OLT_009,Uplink,GPON
ONT_CUST_00876,OLT_071,Uplink,GPON
ONT_CUST_00877,OLT_049,Uplink,GPON
ONT_CUST_00878,OLT_002,Uplink,GPON
ONT_CUST_00879,OLT_079,Uplink,GPON
ONT_CUST_00880,OLT_064,Uplink,GPON
ONT_CUST_00881,OLT_011,Uplink,GPON
ONT_CUST_00882,OLT_003,Uplink,GPON
ONT_CUST_00883,OLT_028,Uplink,GPON
ONT_CUST_00884,OLT_037,Uplink,GPON
ONT_CUST_00885,OLT_001,Uplink,GPON
ONT_CUST_00886,OLT_000,Uplink,GPON
ONT_CUST_00887,OLT_010,Uplink,GPON
ONT_CUST_00888,OLT_052,Uplink,GPON
ONT_CUST_00889,OLT_028,Uplink,GPON
ONT_CUST_00890,OLT_023,Uplink,GPON
ONT_CUST_00891,OLT_070,Uplink,GPON
ONT_CUST_00892,OLT_012,Uplink,GPON
ONT_CUST_00893,OLT_016,Uplink,GPON
ONT_CUST_00894,OLT_079,Uplink,GPON
ONT_CUST_00895,OLT_057,Uplink,GPON
ONT_CUST_00896,OLT_072,Uplink,GPON
ONT_CUST_00897,OLT_021,Uplink,GPON
ONT_CUST_00898,OLT_028,Uplink,GPON
ONT_CUST_00899,OLT_017,Uplink,GPON
ONT_CUST_00900,OLT_057,Uplink,GPON
ONT_CUST_00901,OLT_013,Uplink,GPON
ONT_CUST_00902,OLT_068,Uplink,GPON
ONT_CUST_00903,OLT_002,Uplink,GPON
ONT_CUST_00904,OLT_051,Uplink,GPON
ONT_CUST_00905,OLT_033,Uplink,GPON
ONT_CUST_00906,OLT_050,Uplink,GPON
ONT_CUST_00907,OLT_017,Uplink,GPON
ONT_CUST_00908,OLT_011,Uplink,GPON
ONT_CUST_00909,OLT_030,Uplink,GPON
ONT_CUST_00910,OLT_057,Uplink,GPON
ONT_CUST_00911,OLT_018,Uplink,GPON
ONT_CUST_00912,OLT_028,Uplink,GPON
ONT_CUST_00913,OLT_033,Uplink,GPON
ONT_CUST_00914,OLT_026,Uplink,GPON
ONT_CUST_00915,OLT_058,Uplink,GPON
ONT_CUST_00916,OLT_066,Uplink,GPON
ONT_CUST_00917,OLT_069,Uplink,GPON
ONT_CUST_00918,OLT_046,Uplink,GPON
ONT_CUST_00919,OLT_048,Uplink,GPON
ONT_CUST_00920,OLT_045,Uplink,GPON
ONT_CUST_00921,OLT_077,Uplink,GPON
ONT_CUST_00922,OLT_056,Uplink,GPON
ONT_CUST_00923,OLT_065,Uplink,GPON
ONT_CUST_00924,OLT_023,Uplink,GPON
ONT_CUST_00925,OLT_015,Uplink,GPON
ONT_CUST_00926,OLT_014,Uplink,GPON
ONT_CUST_00927,OLT_026,Uplink,GPON
ONT_CUST_00928,OLT_031,Uplink,GPON
ONT_CUST_00929,OLT_075,Uplink,GPON
ONT_CUST_00930,OLT_005,Uplink,GPON
ONT_CUST_00931,OLT_033,Uplink,GPON
ONT_CUST_00932,OLT_076,Uplink,GPON
ONT_CUST_00933,OLT_027,Uplink,GPON
ONT_CUST_00934,OLT_028,Uplink,GPON
ONT_CUST_00935,OLT_074,Uplink,GPON
ONT_CUST_00936,OLT_033,Uplink,GPON
ONT_CUST_00937,OLT_076,Uplink,GPON
ONT_CUST_00938,OLT_049,Uplink,GPON
ONT_CUST_00939,OLT_066,Uplink,GPON
ONT_CUST_00940,OLT_012,Uplink,GPON
ONT_CUST_00941,OLT_004,Uplink,GPON
ONT_CUST_00942,OLT_016,Uplink,GPON
ONT_CUST_00943,OLT_053,Uplink,GPON
ONT_CUST_00944,OLT_029,Uplink,GPON
ONT_CUST_00945,OLT_075,Uplink,GPON
ONT_CUST_00946,OLT_032,Uplink,GPON
ONT_CUST_00947,OLT_076,Uplink,GPON
ONT_CUST_00948,OLT_000,Uplink,GPON
ONT_CUST_00949,OLT_015,Uplink,GPON
ONT_CUST_00950,OLT_040,Uplink,GPON
ONT_CUST_00951,OLT_054,Uplink,GPON
ONT_CUST_00952,OLT_054,Uplink,GPON
ONT_CUST_00953,OLT_050,Uplink,GPON
ONT_CUST_00954,OLT_071,Uplink,GPON
ONT_CUST_00955,OLT_071,Uplink,GPON
ONT_CUST_00956,OLT_044,Uplink,GPON
ONT_CUST_00957,OLT_029,Uplink,GPON
ONT_CUST_00958,OLT_027,Uplink,GPON
ONT_CUST_00959,OLT_078,Uplink,GPON
ONT_CUST_00960,OLT_000,Uplink,GPON
ONT_CUST_00961,OLT_055,Uplink,GPON
ONT_CUST_00962,OLT_028,Uplink,GPON
ONT_CUST_00963,OLT_004,Uplink,GPON
ONT_CUST_00964,OLT_066,Uplink,GPON
ONT_CUST_00965,OLT_022,Uplink,GPON
ONT_CUST_00966,OLT_025,Uplink,GPON
ONT_CUST_00967,OLT_076,Uplink,GPON
ONT_CUST_00968,OLT_004,Uplink,GPON
ONT_CUST_00969,OLT_020,Uplink,GPON
ONT_CUST_00970,OLT_045,Uplink,GPON
ONT_CUST_00971,OLT_025,Uplink,GPON
ONT_CUST_00972,OLT_070,Uplink,GPON
ONT_CUST_00973,OLT_028,Uplink,GPON
ONT_CUST_00974,OLT_073,Uplink,GPON
ONT_CUST_00975,OLT_064,Uplink,GPON
ONT_CUST_00976,OLT_043,Uplink,GPON
ONT_CUST_00977,OLT_032,Uplink,GPON
ONT_CUST_00978,OLT_061,Uplink,GPON
ONT_CUST_00979,OLT_058,Uplink,GPON
ONT_CUST_00980,OLT_033,Uplink,GPON
ONT_CUST_00981,OLT_029,Uplink,GPON
ONT_CUST_00982,OLT_066,Uplink,GPON
ONT_CUST_00983,OLT_036,Uplink,GPON
ONT_CUST_00984,OLT_070,Uplink,GPON
ONT_CUST_00985,OLT_027,Uplink,GPON
ONT_CUST_00986,OLT_063,Uplink,GPON
ONT_CUST_00987,OLT_033,Uplink,GPON
ONT_CUST_00988,OLT_031,Uplink,GPON
ONT_CUST_00989,OLT_015,Uplink,GPON
ONT_CUST_00990,OLT_000,Uplink,GPON
ONT_CUST_00991,OLT_079,Uplink,GPON
ONT_CUST_00992,OLT_062,Uplink,GPON
ONT_CUST_00993,OLT_050,Uplink,GPON
ONT_CUST_00994,OLT_006,Uplink,GPON
ONT_CUST_00995,OLT_004,Uplink,GPON
ONT_CUST_00996,OLT_058,Uplink,GPON
ONT_CUST_00997,OLT_001,Uplink,GPON
ONT_CUST_00998,OLT_012,Uplink,GPON
ONT_CUST_00999,OLT_023,Uplink,GPON
ONT_CUST_01000,OLT_060,Uplink,GPON
ONT_CUST_01001,OLT_063,Uplink,GPON
ONT_CUST_01002,OLT_047,Uplink,GPON
ONT_CUST_01003,OLT_057,Uplink,GPON
ONT_CUST_01004,OLT_012,Uplink,GPON
ONT_CUST_01005,OLT_055,Uplink,GPON
ONT_CUST_01006,OLT_019,Uplink,GPON
ONT_CUST_01007,OLT_063,Uplink,GPON
ONT_CUST_01008,OLT_040,Uplink,GPON
ONT_CUST_01009,OLT_072,Uplink,GPON
ONT_CUST_01010,OLT_020,Uplink,GPON
ONT_CUST_01011,OLT_060,Uplink,GPON
ONT_CUST_01012,OLT_033,Uplink,GPON
ONT_CUST_01013,OLT_071,Uplink,GPON
ONT_CUST_01014,OLT_015,Uplink,GPON
ONT_CUST_01015,OLT_073,Uplink,GPON
ONT_CUST_01016,OLT_041,Uplink,GPON
ONT_CUST_01017,OLT_048,Uplink,GPON
ONT_CUST_01018,OLT_021,Uplink,GPON
ONT_CUST_01019,OLT_073,Uplink,GPON
ONT_CUST_01020,OLT_043,Uplink,GPON
ONT_CUST_01021,OLT_034,Uplink,GPON
ONT_CUST_01022,OLT_046,Uplink,GPON
ONT_CUST_01023,OLT_023,Uplink,GPON
ONT_CUST_01024,OLT_032,Uplink,GPON
ONT_CUST_01025,OLT_050,Uplink,GPON
ONT_CUST_01026,OLT_060,Uplink,GPON
ONT_CUST_01027,OLT_067,Uplink,GPON
ONT_CUST_01028,OLT_019,Uplink,GPON
ONT_CUST_01029,OLT_031,Uplink,GPON
ONT_CUST_01030,OLT_016,Uplink,GPON
ONT_CUST_01031,OLT_045,Uplink,GPON
ONT_CUST_01032,OLT_069,Uplink,GPON
ONT_CUST_01033,OLT_022,Uplink,GPON
ONT_CUST_01034,OLT_067,Uplink,GPON
ONT_CUST_01035,OLT_069,Uplink,GPON
ONT_CUST_01036,OLT_046,Uplink,GPON
ONT_CUST_01037,OLT_038,Uplink,GPON
ONT_CUST_01038,OLT_044,Uplink,GPON
ONT_CUST_01039,OLT_062,Uplink,GPON
ONT_CUST_01040,OLT_055,Uplink,GPON
ONT_CUST_01041,OLT_000,Uplink,GPON
ONT_CUST_01042,OLT_071,Uplink,GPON
ONT_CUST_01043,OLT_049,Uplink,GPON
ONT_CUST_01044,OLT_054,Uplink,GPON
ONT_CUST_01045,OLT_034,Uplink,GPON
ONT_CUST_01046,OLT_008,Uplink,GPON
ONT_CUST_01047,OLT_014,Uplink,GPON
ONT_CUST_01048,OLT_034,Uplink,GPON
ONT_CUST_01049,OLT_002,Uplink,GPON
ONT_CUST_01050,OLT_023,Uplink,GPON
ONT_CUST_01051,OLT_016,Uplink,GPON
ONT_CUST_01052,OLT_011,Uplink,GPON
ONT_CUST_01053,OLT_043,Uplink,GPON
ONT_CUST_01054,OLT_059,Uplink,GPON
ONT_CUST_01055,OLT_018,Uplink,GPON
ONT_CUST_01056,OLT_009,Uplink,GPON
ONT_CUST_01057,OLT_032,Uplink,GPON
ONT_CUST_01058,OLT_049,Uplink,GPON
ONT_CUST_01059,OLT_058,Uplink,GPON
ONT_CUST_01060,OLT_060,Uplink,GPON
ONT_CUST_01061,OLT_005,Uplink,GPON
ONT_CUST_01062,OLT_038,Uplink,GPON
ONT_CUST_01063,OLT_014,Uplink,GPON
ONT_CUST_01064,OLT_001,Uplink,GPON
ONT_CUST_01065,OLT_050,Uplink,GPON
ONT_CUST_01066,OLT_074,Uplink,GPON
ONT_CUST_01067,OLT_047,Uplink,GPON
ONT_CUST_01068,OLT_063,Uplink,GPON
ONT_CUST_01069,OLT_007,Uplink,GPON
ONT_CUST_01070,OLT_013,Uplink,GPON
ONT_CUST_01071,OLT_071,Uplink,GPON
ONT_CUST_01072,OLT_002,Uplink,GPON
ONT_CUST_01073,OLT_032,Uplink,GPON
ONT_CUST_01074,OLT_037,Uplink,GPON
ONT_CUST_01075,OLT_023,Uplink,GPON
ONT_CUST_01076,OLT_035,Uplink,GPON
ONT_CUST_01077,OLT_019,Uplink,GPON
ONT_CUST_01078,OLT_046,Uplink,GPON
ONT_CUST_01079,OLT_048,Uplink,GPON
ONT_CUST_01080,OLT_046,Uplink,GPON
ONT_CUST_01081,OLT_068,Uplink,GPON
ONT_CUST_01082,OLT_070,Uplink,GPON
ONT_CUST_01083,OLT_041,Uplink,GPON
ONT_CUST_01084,OLT_008,Uplink,GPON
ONT_CUST_01085,OLT_004,Uplink,GPON
ONT_CUST_01086,OLT_024,Uplink,GPON
ONT_CUST_01087,OLT_049,Uplink,GPON
ONT_CUST_01088,OLT_075,Uplink,GPON
ONT_CUST_01089,OLT_028,Uplink,GPON
ONT_CUST_01090,OLT_062,Uplink,GPON
ONT_CUST_01091,OLT_046,Uplink,GPON
ONT_CUST_01092,OLT_078,Uplink,GPON
ONT_CUST_01093,OLT_009,Uplink,GPON
ONT_CUST_01094,OLT_012,Uplink,GPON
ONT_CUST_01095,OLT_024,Uplink,GPON
ONT_CUST_01096,OLT_072,Uplink,GPON
ONT_CUST_01097,OLT_053,Uplink,GPON
ONT_CUST_01098,OLT_058,Uplink,GPON
ONT_CUST_01099,OLT_023,Uplink,GPON
ONT_CUST_01100,OLT_020,Uplink,GPON
ONT_CUST_01101,OLT_070,Uplink,GPON
ONT_CUST_01102,OLT_041,Uplink,GPON
ONT_CUST_01103,OLT_027,Uplink,GPON
ONT_CUST_01104,OLT_057,Uplink,GPON
ONT_CUST_01105,OLT_076,Uplink,GPON
ONT_CUST_01106,OLT_038,Uplink,GPON
ONT_CUST_01107,OLT_040,Uplink,GPON
ONT_CUST_01108,OLT_071,Uplink,GPON
ONT_CUST_01109,OLT_058,Uplink,GPON
ONT_CUST_01110,OLT_046,Uplink,GPON
ONT_CUST_01111,OLT_038,Uplink,GPON
ONT_CUST_01112,OLT_009,Uplink,GPON
ONT_CUST_01113,OLT_062,Uplink,GPON
ONT_CUST_01114,OLT_004,Uplink,GPON
ONT_CUST_01115,OLT_042,Uplink,GPON
ONT_CUST_01116,OLT_015,Uplink,GPON
ONT_CUST_01117,OLT_048,Uplink,GPON
ONT_CUST_01118,OLT_005,Uplink,GPON
ONT_CUST_01119,OLT_019,Uplink,GPON
ONT_CUST_01120,OLT_050,Uplink,GPON
ONT_CUST_01121,OLT_064,Uplink,GPON
ONT_CUST_01122,OLT_050,Uplink,GPON
ONT_CUST_01123,OLT_010,Uplink,GPON
ONT_CUST_01124,OLT_033,Uplink,GPON
ONT_CUST_01125,OLT_055,Uplink,GPON
ONT_CUST_01126,OLT_071,Uplink,GPON
ONT_CUST_01127,OLT_025,Uplink,GPON
ONT_CUST_01128,OLT_034,Uplink,GPON
ONT_CUST_01129,OLT_014,Uplink,GPON
ONT_CUST_01130,OLT_044,Uplink,GPON
ONT_CUST_01131,OLT_003,Uplink,GPON
ONT_CUST_01132,OLT_078,Uplink,GPON
ONT_CUST_01133,OLT_029,Uplink,GPON
ONT_CUST_01134,OLT_010,Uplink,GPON
ONT_CUST_01135,OLT_018,Uplink,GPON
ONT_CUST_01136,OLT_014,Uplink,GPON
ONT_CUST_01137,OLT_002,Uplink,GPON
ONT_CUST_01138,OLT_026,Uplink,GPON
ONT_CUST_01139,OLT_079,Uplink,GPON
ONT_CUST_01140,OLT_074,Uplink,GPON
ONT_CUST_01141,OLT_007,Uplink,GPON
ONT_CUST_01142,OLT_006,Uplink,GPON
ONT_CUST_01143,OLT_049,Uplink,GPON
ONT_CUST_01144,OLT_002,Uplink,GPON
ONT_CUST_01145,OLT_065,Uplink,GPON
ONT_CUST_01146,OLT_076,Uplink,GPON
ONT_CUST_01147,OLT_064,Uplink,GPON
ONT_CUST_01148,OLT_067,Uplink,GPON
ONT_CUST_01149,OLT_020,Uplink,GPON
ONT_CUST_01150,OLT_045,Uplink,GPON
ONT_CUST_01151,OLT_035,Uplink,GPON
ONT_CUST_01152,OLT_071,Uplink,GPON
ONT_CUST_01153,OLT_050,Uplink,GPON
ONT_CUST_01154,OLT_066,Uplink,GPON
ONT_CUST_01155,OLT_073,Uplink,GPON
ONT_CUST_01156,OLT_042,Uplink,GPON
ONT_CUST_01157,OLT_026,Uplink,GPON
ONT_CUST_01158,OLT_025,Uplink,GPON
ONT_CUST_01159,OLT_055,Uplink,GPON
ONT_CUST_01160,OLT_040,Uplink,GPON
ONT_CUST_01161,OLT_018,Uplink,GPON
ONT_CUST_01162,OLT_052,Uplink,GPON
ONT_CUST_01163,OLT_019,Uplink,GPON
ONT_CUST_01164,OLT_003,Uplink,GPON
ONT_CUST_01165,OLT_078,Uplink,GPON
ONT_CUST_01166,OLT_045,Uplink,GPON
ONT_CUST_01167,OLT_064,Uplink,GPON
ONT_CUST_01168,OLT_049,Uplink,GPON
ONT_CUST_01169,OLT_024,Uplink,GPON
ONT_CUST_01170,OLT_001,Uplink,GPON
ONT_CUST_01171,OLT_026,Uplink,GPON
ONT_CUST_01172,OLT_078,Uplink,GPON
ONT_CUST_01173,OLT_054,Uplink,GPON
ONT_CUST_01174,OLT_048,Uplink,GPON
ONT_CUST_01175,OLT_073,Uplink,GPON
ONT_CUST_01176,OLT_057,Uplink,GPON
ONT_CUST_01177,OLT_068,Uplink,GPON
ONT_CUST_01178,OLT_066,Uplink,GPON
ONT_CUST_01179,OLT_056,Uplink,GPON
ONT_CUST_01180,OLT_059,Uplink,GPON
ONT_CUST_01181,OLT_078,Uplink,GPON
ONT_CUST_01182,OLT_011,Uplink,GPON
ONT_CUST_01183,OLT_069,Uplink,GPON
ONT_CUST_01184,OLT_057,Uplink,GPON
ONT_CUST_01185,OLT_025,Uplink,GPON
ONT_CUST_01186,OLT_020,Uplink,GPON
ONT_CUST_01187,OLT_057,Uplink,GPON
ONT_CUST_01188,OLT_049,Uplink,GPON
ONT_CUST_01189,OLT_048,Uplink,GPON
ONT_CUST_01190,OLT_072,Uplink,GPON
ONT_CUST_01191,OLT_022,Uplink,GPON
ONT_CUST_01192,OLT_039,Uplink,GPON
ONT_CUST_01193,OLT_015,Uplink,GPON
ONT_CUST_01194,OLT_079,Uplink,GPON
ONT_CUST_01195,OLT_063,Uplink,GPON
ONT_CUST_01196,OLT_030,Uplink,GPON
ONT_CUST_01197,OLT_056,Uplink,GPON
ONT_CUST_01198,OLT_000,Uplink,GPON
ONT_CUST_01199,OLT_026,Uplink,GPON
ONT_CUST_01200,OLT_007,Uplink,GPON
ONT_CUST_01201,OLT_004,Uplink,GPON
ONT_CUST_01202,OLT_006,Uplink,GPON
ONT_CUST_01203,OLT_020,Uplink,GPON
ONT_CUST_01204,OLT_073,Uplink,GPON
ONT_CUST_01205,OLT_046,Uplink,GPON
ONT_CUST_01206,OLT_041,Uplink,GPON
ONT_CUST_01207,OLT_054,Uplink,GPON
ONT_CUST_01208,OLT_017,Uplink,GPON
ONT_CUST_01209,OLT_067,Uplink,GPON
ONT_CUST_01210,OLT_007,Uplink,GPON
ONT_CUST_01211,OLT_036,Uplink,GPON
ONT_CUST_01212,OLT_073,Uplink,GPON
ONT_CUST_01213,OLT_072,Uplink,GPON
ONT_CUST_01214,OLT_063,Uplink,GPON
ONT_CUST_01215,OLT_037,Uplink,GPON
ONT_CUST_01216,OLT_003,Uplink,GPON
ONT_CUST_01217,OLT_078,Uplink,GPON
ONT_CUST_01218,OLT_044,Uplink,GPON
ONT_CUST_01219,OLT_036,Uplink,GPON
ONT_CUST_01220,OLT_064,Uplink,GPON
ONT_CUST_01221,OLT_042,Uplink,GPON
ONT_CUST_01222,OLT_078,Uplink,GPON
ONT_CUST_01223,OLT_043,Uplink,GPON
ONT_CUST_01224,OLT_017,Uplink,GPON
ONT_CUST_01225,OLT_068,Uplink,GPON
ONT_CUST_01226,OLT_066,Uplink,GPON
ONT_CUST_01227,OLT_071,Uplink,GPON
ONT_CUST_01228,OLT_042,Uplink,GPON
ONT_CUST_01229,OLT_035,Uplink,GPON
ONT_CUST_01230,OLT_021,Uplink,GPON
ONT_CUST_01231,OLT_014,Uplink,GPON
ONT_CUST_01232,OLT_034,Uplink,GPON
ONT_CUST_01233,OLT_047,Uplink,GPON
ONT_CUST_01234,OLT_067,Uplink,GPON
ONT_CUST_01235,OLT_004,Uplink,GPON
ONT_CUST_01236,OLT_064,Uplink,GPON
ONT_CUST_01237,OLT_024,Uplink,GPON
ONT_CUST_01238,OLT_039,Uplink,GPON
ONT_CUST_01239,OLT_016,Uplink,GPON
ONT_CUST_01240,OLT_049,Uplink,GPON
ONT_CUST_01241,OLT_005,Uplink,GPON
ONT_CUST_01242,OLT_005,Uplink,GPON
ONT_CUST_01243,OLT_002,Uplink,GPON
ONT_CUST_01244,OLT_025,Uplink,GPON
ONT_CUST_01245,OLT_040,Uplink,GPON
ONT_CUST_01246,OLT_020,Uplink,GPON
ONT_CUST_01247,OLT_079,Uplink,GPON
ONT_CUST_01248,OLT_044,Uplink,GPON
ONT_CUST_01249,OLT_036,Uplink,GPON
ONT_CUST_01250,OLT_039,Uplink,GPON
ONT_CUST_01251,OLT_006,Uplink,GPON
ONT_CUST_01252,OLT_006,Uplink,GPON
ONT_CUST_01253,OLT_011,Uplink,GPON
ONT_CUST_01254,OLT_075,Uplink,GPON
ONT_CUST_01255,OLT_039,Uplink,GPON
ONT_CUST_01256,OLT_059,Uplink,GPON
ONT_CUST_01257,OLT_012,Uplink,GPON
ONT_CUST_01258,OLT_029,Uplink,GPON
ONT_CUST_01259,OLT_033,Uplink,GPON
ONT_CUST_01260,OLT_042,Uplink,GPON
ONT_CUST_01261,OLT_003,Uplink,GPON
ONT_CUST_01262,OLT_044,Uplink,GPON
ONT_CUST_01263,OLT_044,Uplink,GPON
ONT_CUST_01264,OLT_051,Uplink,GPON
ONT_CUST_01265,OLT_009,Uplink,GPON
ONT_CUST_01266,OLT_051,Uplink,GPON
ONT_CUST_01267,OLT_031,Uplink,GPON
ONT_CUST_01268,OLT_008,Uplink,GPON
ONT_CUST_01269,OLT_055,Uplink,GPON
ONT_CUST_01270,OLT_069,Uplink,GPON
ONT_CUST_01271,OLT_073,Uplink,GPON
ONT_CUST_01272,OLT_059,Uplink,GPON
ONT_CUST_01273,OLT_056,Uplink,GPON
ONT_CUST_01274,OLT_008,Uplink,GPON
ONT_CUST_01275,OLT_041,Uplink,GPON
ONT_CUST_01276,OLT_027,Uplink,GPON
ONT_CUST_01277,OLT_057,Uplink,GPON
ONT_CUST_01278,OLT_073,Uplink,GPON
ONT_CUST_01279,OLT_038,Uplink,GPON
ONT_CUST_01280,OLT_011,Uplink,GPON
ONT_CUST_01281,OLT_051,Uplink,GPON
ONT_CUST_01282,OLT_070,Uplink,GPON
ONT_CUST_01283,OLT_014,Uplink,GPON
ONT_CUST_01284,OLT_055,Uplink,GPON
ONT_CUST_01285,OLT_051,Uplink,GPON
ONT_CUST_01286,OLT_022,Uplink,GPON
ONT_CUST_01287,OLT_049,Uplink,GPON
ONT_CUST_01288,OLT_016,Uplink,GPON
ONT_CUST_01289,OLT_002,Uplink,GPON
ONT_CUST_01290,OLT_010,Uplink,GPON
ONT_CUST_01291,OLT_054,Uplink,GPON
ONT_CUST_01292,OLT_054,Uplink,GPON
ONT_CUST_01293,OLT_028,Uplink,GPON
ONT_CUST_01294,OLT_000,Uplink,GPON
ONT_CUST_01295,OLT_034,Uplink,GPON
ONT_CUST_01296,OLT_072,Uplink,GPON
ONT_CUST_01297,OLT_074,Uplink,GPON
ONT_CUST_01298,OLT_067,Uplink,GPON
ONT_CUST_01299,OLT_066,Uplink,GPON
ONT_CUST_01300,OLT_009,Uplink,GPON
ONT_CUST_01301,OLT_043,Uplink,GPON
ONT_CUST_01302,OLT_065,Uplink,GPON
ONT_CUST_01303,OLT_037,Uplink,GPON
ONT_CUST_01304,OLT_076,Uplink,GPON
ONT_CUST_01305,OLT_007,Uplink,GPON
ONT_CUST_01306,OLT_073,Uplink,GPON
ONT_CUST_01307,OLT_036,Uplink,GPON
ONT_CUST_01308,OLT_009,Uplink,GPON
ONT_CUST_01309,OLT_078,Uplink,GPON
ONT_CUST_01310,OLT_014,Uplink,GPON
ONT_CUST_01311,OLT_057,Uplink,GPON
ONT_CUST_01312,OLT_062,Uplink,GPON
ONT_CUST_01313,OLT_043,Uplink,GPON
ONT_CUST_01314,OLT_063,Uplink,GPON
ONT_CUST_01315,OLT_056,Uplink,GPON
ONT_CUST_01316,OLT_044,Uplink,GPON
ONT_CUST_01317,OLT_021,Uplink,GPON
ONT_CUST_01318,OLT_038,Uplink,GPON
ONT_CUST_01319,OLT_060,Uplink,GPON
ONT_CUST_01320,OLT_001,Uplink,GPON
ONT_CUST_01321,OLT_067,Uplink,GPON
ONT_CUST_01322,OLT_045,Uplink,GPON
ONT_CUST_01323,OLT_042,Uplink,GPON
ONT_CUST_01324,OLT_032,Uplink,GPON
ONT_CUST_01325,OLT_075,Uplink,GPON
ONT_CUST_01326,OLT_023,Uplink,GPON
ONT_CUST_01327,OLT_001,Uplink,GPON
ONT_CUST_01328,OLT_067,Uplink,GPON
ONT_CUST_01329,OLT_036,Uplink,GPON
ONT_CUST_01330,OLT_079,Uplink,GPON
ONT_CUST_01331,OLT_076,Uplink,GPON
ONT_CUST_01332,OLT_077,Uplink,GPON
ONT_CUST_01333,OLT_023,Uplink,GPON
ONT_CUST_01334,OLT_037,Uplink,GPON
ONT_CUST_01335,OLT_035,Uplink,GPON
ONT_CUST_01336,OLT_009,Uplink,GPON
ONT_CUST_01337,OLT_049,Uplink,GPON
ONT_CUST_01338,OLT_022,Uplink,GPON
ONT_CUST_01339,OLT_078,Uplink,GPON
ONT_CUST_01340,OLT_018,Uplink,GPON
ONT_CUST_01341,OLT_013,Uplink,GPON
ONT_CUST_01342,OLT_009,Uplink,GPON
ONT_CUST_01343,OLT_057,Uplink,GPON
ONT_CUST_01344,OLT_004,Uplink,GPON
ONT_CUST_01345,OLT_042,Uplink,GPON
ONT_CUST_01346,OLT_065,Uplink,GPON
ONT_CUST_01347,OLT_051,Uplink,GPON
ONT_CUST_01348,OLT_000,Uplink,GPON
ONT_CUST_01349,OLT_068,Uplink,GPON
ONT_CUST_01350,OLT_007,Uplink,GPON
ONT_CUST_01351,OLT_043,Uplink,GPON
ONT_CUST_01352,OLT_022,Uplink,GPON
ONT_CUST_01353,OLT_038,Uplink,GPON
ONT_CUST_01354,OLT_062,Uplink,GPON
ONT_CUST_01355,OLT_017,Uplink,GPON
ONT_CUST_01356,OLT_075,Uplink,GPON
ONT_CUST_01357,OLT_008,Uplink,GPON
ONT_CUST_01358,OLT_057,Uplink,GPON
ONT_CUST_01359,OLT_043,Uplink,GPON
ONT_CUST_01360,OLT_027,Uplink,GPON
ONT_CUST_01361,OLT_074,Uplink,GPON
ONT_CUST_01362,OLT_018,Uplink,GPON
ONT_CUST_01363,OLT_079,Uplink,GPON
ONT_CUST_01364,OLT_022,Uplink,GPON
ONT_CUST_01365,OLT_058,Uplink,GPON
ONT_CUST_01366,OLT_013,Uplink,GPON
ONT_CUST_01367,OLT_028,Uplink,GPON
ONT_CUST_01368,OLT_043,Uplink,GPON
ONT_CUST_01369,OLT_073,Uplink,GPON
ONT_CUST_01370,OLT_005,Uplink,GPON
ONT_CUST_01371,OLT_015,Uplink,GPON
ONT_CUST_01372,OLT_021,Uplink,GPON
ONT_CUST_01373,OLT_056,Uplink,GPON
ONT_CUST_01374,OLT_017,Uplink,GPON
ONT_CUST_01375,OLT_020,Uplink,GPON
ONT_CUST_01376,OLT_000,Uplink,GPON
ONT_CUST_01377,OLT_036,Uplink,GPON
ONT_CUST_01378,OLT_018,Uplink,GPON
ONT_CUST_01379,OLT_052,Uplink,GPON
ONT_CUST_01380,OLT_004,Uplink,GPON
ONT_CUST_01381,OLT_011,Uplink,GPON
ONT_CUST_01382,OLT_000,Uplink,GPON
ONT_CUST_01383,OLT_067,Uplink,GPON
ONT_CUST_01384,OLT_028,Uplink,GPON
ONT_CUST_01385,OLT_006,Uplink,GPON
ONT_CUST_01386,OLT_060,Uplink,GPON
ONT_CUST_01387,OLT_006,Uplink,GPON
ONT_CUST_01388,OLT_055,Uplink,GPON
ONT_CUST_01389,OLT_058,Uplink,GPON
ONT_CUST_01390,OLT_022,Uplink,GPON
ONT_CUST_01391,OLT_014,Uplink,GPON
ONT_CUST_01392,OLT_075,Uplink,GPON
ONT_CUST_01393,OLT_041,Uplink,GPON
ONT_CUST_01394,OLT_029,Uplink,GPON
ONT_CUST_01395,OLT_025,Uplink,GPON
ONT_CUST_01396,OLT_074,Uplink,GPON
ONT_CUST_01397,OLT_018,Uplink,GPON
ONT_CUST_01398,OLT_022,Uplink,GPON
ONT_CUST_01399,OLT_024,Uplink,GPON
ONT_CUST_01400,OLT_042,Uplink,GPON
ONT_CUST_01401,OLT_007,Uplink,GPON
ONT_CUST_01402,OLT_058,Uplink,GPON
ONT_CUST_01403,OLT_037,Uplink,GPON
ONT_CUST_01404,OLT_073,Uplink,GPON
ONT_CUST_01405,OLT_066,Uplink,GPON
ONT_CUST_01406,OLT_060,Uplink,GPON
ONT_CUST_01407,OLT_031,Uplink,GPON
ONT_CUST_01408,OLT_074,Uplink,GPON
ONT_CUST_01409,OLT_073,Uplink,GPON
ONT_CUST_01410,OLT_060,Uplink,GPON
ONT_CUST_01411,OLT_050,Uplink,GPON
ONT_CUST_01412,OLT_063,Uplink,GPON
ONT_CUST_01413,OLT_001,Uplink,GPON
ONT_CUST_01414,OLT_045,Uplink,GPON
ONT_CUST_01415,OLT_002,Uplink,GPON
ONT_CUST_01416,OLT_073,Uplink,GPON
ONT_CUST_01417,OLT_017,Uplink,GPON
ONT_CUST_01418,OLT_059,Uplink,GPON
ONT_CUST_01419,OLT_042,Uplink,GPON
ONT_CUST_01420,OLT_034,Uplink,GPON
ONT_CUST_01421,OLT_042,Uplink,GPON
ONT_CUST_01422,OLT_006,Uplink,GPON
ONT_CUST_01423,OLT_059,Uplink,GPON
ONT_CUST_01424,OLT_022,Uplink,GPON
ONT_CUST_01425,OLT_017,Uplink,GPON
ONT_CUST_01426,OLT_014,Uplink,GPON
ONT_CUST_01427,OLT_028,Uplink,GPON
ONT_CUST_01428,OLT_064,Uplink,GPON
ONT_CUST_01429,OLT_008,Uplink,GPON
ONT_CUST_01430,OLT_062,Uplink,GPON
ONT_CUST_01431,OLT_068,Uplink,GPON
ONT_CUST_01432,OLT_008,Uplink,GPON
ONT_CUST_01433,OLT_010,Uplink,GPON
ONT_CUST_01434,OLT_013,Uplink,GPON
ONT_CUST_01435,OLT_063,Uplink,GPON
ONT_CUST_01436,OLT_002,Uplink,GPON
ONT_CUST_01437,OLT_060,Uplink,GPON
ONT_CUST_01438,OLT_037,Uplink,GPON
ONT_CUST_01439,OLT_029,Uplink,GPON
ONT_CUST_01440,OLT_043,Uplink,GPON
ONT_CUST_01441,OLT_067,Uplink,GPON
ONT_CUST_01442,OLT_072,Uplink,GPON
ONT_CUST_01443,OLT_033,Uplink,GPON
ONT_CUST_01444,OLT_036,Uplink,GPON
ONT_CUST_01445,OLT_058,Uplink,GPON
ONT_CUST_01446,OLT_023,Uplink,GPON
ONT_CUST_01447,OLT_030,Uplink,GPON
ONT_CUST_01448,OLT_016,Uplink,GPON
ONT_CUST_01449,OLT_023,Uplink,GPON
ONT_CUST_01450,OLT_040,Uplink,GPON
ONT_CUST_01451,OLT_069,Uplink,GPON
ONT_CUST_01452,OLT_051,Uplink,GPON
ONT_CUST_01453,OLT_019,Uplink,GPON
ONT_CUST_01454,OLT_037,Uplink,GPON
ONT_CUST_01455,OLT_043,Uplink,GPON
ONT_CUST_01456,OLT_017,Uplink,GPON
ONT_CUST_01457,OLT_051,Uplink,GPON
ONT_CUST_01458,OLT_011,Uplink,GPON
ONT_CUST_01459,OLT_074,Uplink,GPON
ONT_CUST_01460,OLT_002,Uplink,GPON
ONT_CUST_01461,OLT_050,Uplink,GPON
ONT_CUST_01462,OLT_077,Uplink,GPON
ONT_CUST_01463,OLT_018,Uplink,GPON
ONT_CUST_01464,OLT_047,Uplink,GPON
ONT_CUST_01465,OLT_044,Uplink,GPON
ONT_CUST_01466,OLT_027,Uplink,GPON
ONT_CUST_01467,OLT_036,Uplink,GPON
ONT_CUST_01468,OLT_075,Uplink,GPON
ONT_CUST_01469,OLT_038,Uplink,GPON
ONT_CUST_01470,OLT_048,Uplink,GPON
ONT_CUST_01471,OLT_034,Uplink,GPON
ONT_CUST_01472,OLT_072,Uplink,GPON
ONT_CUST_01473,OLT_048,Uplink,GPON
ONT_CUST_01474,OLT_005,Uplink,GPON
ONT_CUST_01475,OLT_063,Uplink,GPON
ONT_CUST_01476,OLT_000,Uplink,GPON
ONT_CUST_01477,OLT_015,Uplink,GPON
ONT_CUST_01478,OLT_062,Uplink,GPON
ONT_CUST_01479,OLT_035,Uplink,GPON
ONT_CUST_01480,OLT_074,Uplink,GPON
ONT_CUST_01481,OLT_033,Uplink,GPON
ONT_CUST_01482,OLT_065,Uplink,GPON
ONT_CUST_01483,OLT_074,Uplink,GPON
ONT_CUST_01484,OLT_059,Uplink,GPON
ONT_CUST_01485,OLT_006,Uplink,GPON
ONT_CUST_01486,OLT_045,Uplink,GPON
ONT_CUST_01487,OLT_067,Uplink,GPON
ONT_CUST_01488,OLT_023,Uplink,GPON
ONT_CUST_01489,OLT_069,Uplink,GPON
ONT_CUST_01490,OLT_046,Uplink,GPON
ONT_CUST_01491,OLT_045,Uplink,GPON
ONT_CUST_01492,OLT_066,Uplink,GPON
ONT_CUST_01493,OLT_052,Uplink,GPON
ONT_CUST_01494,OLT_027,Uplink,GPON
ONT_CUST_01495,OLT_078,Uplink,GPON
ONT_CUST_01496,OLT_009,Uplink,GPON
ONT_CUST_01497,OLT_061,Uplink,GPON
ONT_CUST_01498,OLT_017,Uplink,GPON
ONT_CUST_01499,OLT_043,Uplink,GPON
ONT_CUST_01500,OLT_028,Uplink,GPON
ONT_CUST_01501,OLT_039,Uplink,GPON
ONT_CUST_01502,OLT_054,Uplink,GPON
ONT_CUST_01503,OLT_061,Uplink,GPON
ONT_CUST_01504,OLT_013,Uplink,GPON
ONT_CUST_01505,OLT_032,Uplink,GPON
ONT_CUST_01506,OLT_012,Uplink,GPON
ONT_CUST_01507,OLT_023,Uplink,GPON
ONT_CUST_01508,OLT_018,Uplink,GPON
ONT_CUST_01509,OLT_045,Uplink,GPON
ONT_CUST_01510,OLT_030,Uplink,GPON
ONT_CUST_01511,OLT_001,Uplink,GPON
ONT_CUST_01512,OLT_021,Uplink,GPON
ONT_CUST_01513,OLT_064,Uplink,GPON
ONT_CUST_01514,OLT_023,Uplink,GPON
ONT_CUST_01515,OLT_045,Uplink,GPON
ONT_CUST_01516,OLT_065,Uplink,GPON
ONT_CUST_01517,OLT_015,Uplink,GPON
ONT_CUST_01518,OLT_017,Uplink,GPON
ONT_CUST_01519,OLT_071,Uplink,GPON
ONT_CUST_01520,OLT_063,Uplink,GPON
ONT_CUST_01521,OLT_058,Uplink,GPON
ONT_CUST_01522,OLT_070,Uplink,GPON
ONT_CUST_01523,OLT_008,Uplink,GPON
ONT_CUST_01524,OLT_001,Uplink,GPON
ONT_CUST_01525,OLT_056,Uplink,GPON
ONT_CUST_01526,OLT_050,Uplink,GPON
ONT_CUST_01527,OLT_021,Uplink,GPON
ONT_CUST_01528,OLT_043,Uplink,GPON
ONT_CUST_01529,OLT_054,Uplink,GPON
ONT_CUST_01530,OLT_075,Uplink,GPON
ONT_CUST_01531,OLT_060,Uplink,GPON
ONT_CUST_01532,OLT_035,Uplink,GPON
ONT_CUST_01533,OLT_032,Uplink,GPON
ONT_CUST_01534,OLT_003,Uplink,GPON
ONT_CUST_01535,OLT_063,Uplink,GPON
ONT_CUST_01536,OLT_077,Uplink,GPON
ONT_CUST_01537,OLT_079,Uplink,GPON
ONT_CUST_01538,OLT_063,Uplink,GPON
ONT_CUST_01539,OLT_063,Uplink,GPON
ONT_CUST_01540,OLT_069,Uplink,GPON
ONT_CUST_01541,OLT_015,Uplink,GPON
ONT_CUST_01542,OLT_048,Uplink,GPON
ONT_CUST_01543,OLT_004,Uplink,GPON
ONT_CUST_01544,OLT_021,Uplink,GPON
ONT_CUST_01545,OLT_039,Uplink,GPON
ONT_CUST_01546,OLT_072,Uplink,GPON
ONT_CUST_01547,OLT_073,Uplink,GPON
ONT_CUST_01548,OLT_064,Uplink,GPON
ONT_CUST_01549,OLT_075,Uplink,GPON
ONT_CUST_01550,OLT_036,Uplink,GPON
ONT_CUST_01551,OLT_005,Uplink,GPON
ONT_CUST_01552,OLT_074,Uplink,GPON
ONT_CUST_01553,OLT_012,Uplink,GPON
ONT_CUST_01554,OLT_044,Uplink,GPON
ONT_CUST_01555,OLT_039,Uplink,GPON
ONT_CUST_01556,OLT_014,Uplink,GPON
ONT_CUST_01557,OLT_068,Uplink,GPON
ONT_CUST_01558,OLT_072,Uplink,GPON
ONT_CUST_01559,OLT_060,Uplink,GPON
ONT_CUST_01560,OLT_073,Uplink,GPON
ONT_CUST_01561,OLT_062,Uplink,GPON
ONT_CUST_01562,OLT_063,Uplink,GPON
ONT_CUST_01563,OLT_038,Uplink,GPON
ONT_CUST_01564,OLT_009,Uplink,GPON
ONT_CUST_01565,OLT_006,Uplink,GPON
ONT_CUST_01566,OLT_028,Uplink,GPON
ONT_CUST_01567,OLT_075,Uplink,GPON
ONT_CUST_01568,OLT_072,Uplink,GPON
ONT_CUST_01569,OLT_044,Uplink,GPON
ONT_CUST_01570,OLT_055,Uplink,GPON
ONT_CUST_01571,OLT_051,Uplink,GPON
ONT_CUST_01572,OLT_002,Uplink,GPON
ONT_CUST_01573,OLT_027,Uplink,GPON
ONT_CUST_01574,OLT_078,Uplink,GPON
ONT_CUST_01575,OLT_046,Uplink,GPON
ONT_CUST_01576,OLT_019,Uplink,GPON
ONT_CUST_01577,OLT_040,Uplink,GPON
ONT_CUST_01578,OLT_036,Uplink,GPON
ONT_CUST_01579,OLT_030,Uplink,GPON
ONT_CUST_01580,OLT_024,Uplink,GPON
ONT_CUST_01581,OLT_059,Uplink,GPON
ONT_CUST_01582,OLT_054,Uplink,GPON
ONT_CUST_01583,OLT_034,Uplink,GPON
ONT_CUST_01584,OLT_070,Uplink,GPON
ONT_CUST_01585,OLT_007,Uplink,GPON
ONT_CUST_01586,OLT_008,Uplink,GPON
ONT_CUST_01587,OLT_050,Uplink,GPON
ONT_CUST_01588,OLT_073,Uplink,GPON
ONT_CUST_01589,OLT_067,Uplink,GPON
ONT_CUST_01590,OLT_076,Uplink,GPON
ONT_CUST_01591,OLT_074,Uplink,GPON
ONT_CUST_01592,OLT_027,Uplink,GPON
ONT_CUST_01593,OLT_035,Uplink,GPON
ONT_CUST_01594,OLT_007,Uplink,GPON
ONT_CUST_01595,OLT_069,Uplink,GPON
ONT_CUST_01596,OLT_018,Uplink,GPON
ONT_CUST_01597,OLT_039,Uplink,GPON
ONT_CUST_01598,OLT_032,Uplink,GPON
ONT_CUST_01599,OLT_015,Uplink,GPON
ONT_CUST_01600,OLT_001,Uplink,GPON
ONT_CUST_01601,OLT_030,Uplink,GPON
ONT_CUST_01602,OLT_040,Uplink,GPON
ONT_CUST_01603,OLT_010,Uplink,GPON
ONT_CUST_01604,OLT_054,Uplink,GPON
ONT_CUST_01605,OLT_064,Uplink,GPON
ONT_CUST_01606,OLT_070,Uplink,GPON
ONT_CUST_01607,OLT_006,Uplink,GPON
ONT_CUST_01608,OLT_000,Uplink,GPON
ONT_CUST_01609,OLT_073,Uplink,GPON
ONT_CUST_01610,OLT_066,Uplink,GPON
ONT_CUST_01611,OLT_040,Uplink,GPON
ONT_CUST_01612,OLT_022,Uplink,GPON
ONT_CUST_01613,OLT_010,Uplink,GPON
ONT_CUST_01614,OLT_048,Uplink,GPON
ONT_CUST_01615,OLT_071,Uplink,GPON
ONT_CUST_01616,OLT_025,Uplink,GPON
ONT_CUST_01617,OLT_079,Uplink,GPON
ONT_CUST_01618,OLT_047,Uplink,GPON
ONT_CUST_01619,OLT_001,Uplink,GPON
ONT_CUST_01620,OLT_015,Uplink,GPON
ONT_CUST_01621,OLT_034,Uplink,GPON
ONT_CUST_01622,OLT_055,Uplink,GPON
ONT_CUST_01623,OLT_036,Uplink,GPON
ONT_CUST_01624,OLT_052,Uplink,GPON
ONT_CUST_01625,OLT_033,Uplink,GPON
ONT_CUST_01626,OLT_031,Uplink,GPON
ONT_CUST_01627,OLT_010,Uplink,GPON
ONT_CUST_01628,OLT_050,Uplink,GPON
ONT_CUST_01629,OLT_076,Uplink,GPON
ONT_CUST_01630,OLT_071,Uplink,GPON
ONT_CUST_01631,OLT_060,Uplink,GPON
ONT_CUST_01632,OLT_064,Uplink,GPON
ONT_CUST_01633,OLT_047,Uplink,GPON
ONT_CUST_01634,OLT_074,Uplink,GPON
ONT_CUST_01635,OLT_064,Uplink,GPON
ONT_CUST_01636,OLT_011,Uplink,GPON
ONT_CUST_01637,OLT_014,Uplink,GPON
ONT_CUST_01638,OLT_063,Uplink,GPON
ONT_CUST_01639,OLT_036,Uplink,GPON
ONT_CUST_01640,OLT_055,Uplink,GPON
ONT_CUST_01641,OLT_019,Uplink,GPON
ONT_CUST_01642,OLT_019,Uplink,GPON
ONT_CUST_01643,OLT_060,Uplink,GPON
ONT_CUST_01644,OLT_014,Uplink,GPON
ONT_CUST_01645,OLT_045,Uplink,GPON
ONT_CUST_01646,OLT_014,Uplink,GPON
ONT_CUST_01647,OLT_011,Uplink,GPON
ONT_CUST_01648,OLT_065,Uplink,GPON
ONT_CUST_01649,OLT_067,Uplink,GPON
ONT_CUST_01650,OLT_031,Uplink,GPON
ONT_CUST_01651,OLT_003,Uplink,GPON
ONT_CUST_01652,OLT_047,Uplink,GPON
ONT_CUST_01653,OLT_003,Uplink,GPON
ONT_CUST_01654,OLT_058,Uplink,GPON
ONT_CUST_01655,OLT_042,Uplink,GPON
ONT_CUST_01656,OLT_041,Uplink,GPON
ONT_CUST_01657,OLT_036,Uplink,GPON
ONT_CUST_01658,OLT_077,Uplink,GPON
ONT_CUST_01659,OLT_032,Uplink,GPON
ONT_CUST_01660,OLT_002,Uplink,GPON
ONT_CUST_01661,OLT_036,Uplink,GPON
ONT_CUST_01662,OLT_062,Uplink,GPON
ONT_CUST_01663,OLT_016,Uplink,GPON
ONT_CUST_01664,OLT_065,Uplink,GPON
ONT_CUST_01665,OLT_060,Uplink,GPON
ONT_CUST_01666,OLT_047,Uplink,GPON
ONT_CUST_01667,OLT_011,Uplink,GPON
ONT_CUST_01668,OLT_019,Uplink,GPON
ONT_CUST_01669,OLT_055,Uplink,GPON
ONT_CUST_01670,OLT_019,Uplink,GPON
ONT_CUST_01671,OLT_054,Uplink,GPON
ONT_CUST_01672,OLT_070,Uplink,GPON
ONT_CUST_01673,OLT_065,Uplink,GPON
ONT_CUST_01674,OLT_072,Uplink,GPON
ONT_CUST_01675,OLT_074,Uplink,GPON
ONT_CUST_01676,OLT_014,Uplink,GPON
ONT_CUST_01677,OLT_050,Uplink,GPON
ONT_CUST_01678,OLT_038,Uplink,GPON
ONT_CUST_01679,OLT_033,Uplink,GPON
ONT_CUST_01680,OLT_023,Uplink,GPON
ONT_CUST_01681,OLT_013,Uplink,GPON
ONT_CUST_01682,OLT_014,Uplink,GPON
ONT_CUST_01683,OLT_058,Uplink,GPON
ONT_CUST_01684,OLT_038,Uplink,GPON
ONT_CUST_01685,OLT_011,Uplink,GPON
ONT_CUST_01686,OLT_014,Uplink,GPON
ONT_CUST_01687,OLT_026,Uplink,GPON
ONT_CUST_01688,OLT_055,Uplink,GPON
ONT_CUST_01689,OLT_059,Uplink,GPON
ONT_CUST_01690,OLT_002,Uplink,GPON
ONT_CUST_01691,OLT_062,Uplink,GPON
ONT_CUST_01692,OLT_074,Uplink,GPON
ONT_CUST_01693,OLT_072,Uplink,GPON
ONT_CUST_01694,OLT_001,Uplink,GPON
ONT_CUST_01695,OLT_074,Uplink,GPON
ONT_CUST_01696,OLT_051,Uplink,GPON
ONT_CUST_01697,OLT_067,Uplink,GPON
ONT_CUST_01698,OLT_070,Uplink,GPON
ONT_CUST_01699,OLT_014,Uplink,GPON
ONT_CUST_01700,OLT_057,Uplink,GPON
ONT_CUST_01701,OLT_036,Uplink,GPON
ONT_CUST_01702,OLT_056,Uplink,GPON
ONT_CUST_01703,OLT_075,Uplink,GPON
ONT_CUST_01704,OLT_016,Uplink,GPON
ONT_CUST_01705,OLT_046,Uplink,GPON
ONT_CUST_01706,OLT_026,Uplink,GPON
ONT_CUST_01707,OLT_016,Uplink,GPON
ONT_CUST_01708,OLT_077,Uplink,GPON
ONT_CUST_01709,OLT_063,Uplink,GPON
ONT_CUST_01710,OLT_071,Uplink,GPON
ONT_CUST_01711,OLT_045,Uplink,GPON
ONT_CUST_01712,OLT_004,Uplink,GPON
ONT_CUST_01713,OLT_014,Uplink,GPON
ONT_CUST_01714,OLT_028,Uplink,GPON
ONT_CUST_01715,OLT_045,Uplink,GPON
ONT_CUST_01716,OLT_019,Uplink,GPON
ONT_CUST_01717,OLT_058,Uplink,GPON
ONT_CUST_01718,OLT_013,Uplink,GPON
ONT_CUST_01719,OLT_021,Uplink,GPON
ONT_CUST_01720,OLT_020,Uplink,GPON
ONT_CUST_01721,OLT_063,Uplink,GPON
ONT_CUST_01722,OLT_042,Uplink,GPON
ONT_CUST_01723,OLT_056,Uplink,GPON
ONT_CUST_01724,OLT_060,Uplink,GPON
ONT_CUST_01725,OLT_010,Uplink,GPON
ONT_CUST_01726,OLT_031,Uplink,GPON
ONT_CUST_01727,OLT_029,Uplink,GPON
ONT_CUST_01728,OLT_052,Uplink,GPON
ONT_CUST_01729,OLT_003,Uplink,GPON
ONT_CUST_01730,OLT_066,Uplink,GPON
ONT_CUST_01731,OLT_040,Uplink,GPON
ONT_CUST_01732,OLT_050,Uplink,GPON
ONT_CUST_01733,OLT_007,Uplink,GPON
ONT_CUST_01734,OLT_070,Uplink,GPON
ONT_CUST_01735,OLT_035,Uplink,GPON
ONT_CUST_01736,OLT_026,Uplink,GPON
ONT_CUST_01737,OLT_025,Uplink,GPON
ONT_CUST_01738,OLT_042,Uplink,GPON
ONT_CUST_01739,OLT_069,Uplink,GPON
ONT_CUST_01740,OLT_070,Uplink,GPON
ONT_CUST_01741,OLT_003,Uplink,GPON
ONT_CUST_01742,OLT_054,Uplink,GPON
ONT_CUST_01743,OLT_033,Uplink,GPON
ONT_CUST_01744,OLT_015,Uplink,GPON
ONT_CUST_01745,OLT_000,Uplink,GPON
ONT_CUST_01746,OLT_072,Uplink,GPON
ONT_CUST_01747,OLT_036,Uplink,GPON
ONT_CUST_01748,OLT_031,Uplink,GPON
ONT_CUST_01749,OLT_074,Uplink,GPON
ONT_CUST_01750,OLT_012,Uplink,GPON
ONT_CUST_01751,OLT_011,Uplink,GPON
ONT_CUST_01752,OLT_027,Uplink,GPON
ONT_CUST_01753,OLT_051,Uplink,GPON
ONT_CUST_01754,OLT_063,Uplink,GPON
ONT_CUST_01755,OLT_053,Uplink,GPON
ONT_CUST_01756,OLT_062,Uplink,GPON
ONT_CUST_01757,OLT_067,Uplink,GPON
ONT_CUST_01758,OLT_004,Uplink,GPON
ONT_CUST_01759,OLT_015,Uplink,GPON
ONT_CUST_01760,OLT_047,Uplink,GPON
ONT_CUST_01761,OLT_019,Uplink,GPON
ONT_CUST_01762,OLT_038,Uplink,GPON
ONT_CUST_01763,OLT_018,Uplink,GPON
ONT_CUST_01764,OLT_036,Uplink,GPON
ONT_CUST_01765,OLT_015,Uplink,GPON
ONT_CUST_01766,OLT_053,Uplink,GPON
ONT_CUST_01767,OLT_043,Uplink,GPON
ONT_CUST_01768,OLT_017,Uplink,GPON
ONT_CUST_01769,OLT_019,Uplink,GPON
ONT_CUST_01770,OLT_079,Uplink,GPON
ONT_CUST_01771,OLT_043,Uplink,GPON
ONT_CUST_01772,OLT_011,Uplink,GPON
ONT_CUST_01773,OLT_071,Uplink,GPON
ONT_CUST_01774,OLT_024,Uplink,GPON
ONT_CUST_01775,OLT_024,Uplink,GPON
ONT_CUST_01776,OLT_015,Uplink,GPON
ONT_CUST_01777,OLT_026,Uplink,GPON
ONT_CUST_01778,OLT_010,Uplink,GPON
ONT_CUST_01779,OLT_005,Uplink,GPON
ONT_CUST_01780,OLT_055,Uplink,GPON
ONT_CUST_01781,OLT_067,Uplink,GPON
ONT_CUST_01782,OLT_014,Uplink,GPON
ONT_CUST_01783,OLT_036,Uplink,GPON
ONT_CUST_01784,OLT_019,Uplink,GPON
ONT_CUST_01785,OLT_078,Uplink,GPON
ONT_CUST_01786,OLT_038,Uplink,GPON
ONT_CUST_01787,OLT_052,Uplink,GPON
ONT_CUST_01788,OLT_015,Uplink,GPON
ONT_CUST_01789,OLT_076,Uplink,GPON
ONT_CUST_01790,OLT_064,Uplink,GPON
ONT_CUST_01791,OLT_040,Uplink,GPON
ONT_CUST_01792,OLT_003,Uplink,GPON
ONT_CUST_01793,OLT_034,Uplink,GPON
ONT_CUST_01794,OLT_016,Uplink,GPON
ONT_CUST_01795,OLT_057,Uplink,GPON
ONT_CUST_01796,OLT_069,Uplink,GPON
ONT_CUST_01797,OLT_071,Uplink,GPON
ONT_CUST_01798,OLT_079,Uplink,GPON
ONT_CUST_01799,OLT_061,Uplink,GPON
ONT_CUST_01800,OLT_048,Uplink,GPON
ONT_CUST_01801,OLT_065,Uplink,GPON
ONT_CUST_01802,OLT_072,Uplink,GPON
ONT_CUST_01803,OLT_050,Uplink,GPON
ONT_CUST_01804,OLT_035,Uplink,GPON
ONT_CUST_01805,OLT_040,Uplink,GPON
ONT_CUST_01806,OLT_034,Uplink,GPON
ONT_CUST_01807,OLT_058,Uplink,GPON
ONT_CUST_01808,OLT_000,Uplink,GPON
ONT_CUST_01809,OLT_022,Uplink,GPON
ONT_CUST_01810,OLT_010,Uplink,GPON
ONT_CUST_01811,OLT_056,Uplink,GPON
ONT_CUST_01812,OLT_076,Uplink,GPON
ONT_CUST_01813,OLT_001,Uplink,GPON
ONT_CUST_01814,OLT_056,Uplink,GPON
ONT_CUST_01815,OLT_035,Uplink,GPON
ONT_CUST_01816,OLT_078,Uplink,GPON
ONT_CUST_01817,OLT_063,Uplink,GPON
ONT_CUST_01818,OLT_063,Uplink,GPON
ONT_CUST_01819,OLT_050,Uplink,GPON
ONT_CUST_01820,OLT_064,Uplink,GPON
ONT_CUST_01821,OLT_072,Uplink,GPON
ONT_CUST_01822,OLT_016,Uplink,GPON
ONT_CUST_01823,OLT_072,Uplink,GPON
ONT_CUST_01824,OLT_024,Uplink,GPON
ONT_CUST_01825,OLT_032,Uplink,GPON
ONT_CUST_01826,OLT_006,Uplink,GPON
ONT_CUST_01827,OLT_035,Uplink,GPON
ONT_CUST_01828,OLT_066,Uplink,GPON
ONT_CUST_01829,OLT_035,Uplink,GPON
ONT_CUST_01830,OLT_050,Uplink,GPON
ONT_CUST_01831,OLT_073,Uplink,GPON
ONT_CUST_01832,OLT_031,Uplink,GPON
ONT_CUST_01833,OLT_039,Uplink,GPON
ONT_CUST_01834,OLT_055,Uplink,GPON
ONT_CUST_01835,OLT_032,Uplink,GPON
ONT_CUST_01836,OLT_043,Uplink,GPON
ONT_CUST_01837,OLT_009,Uplink,GPON
ONT_CUST_01838,OLT_074,Uplink,GPON
ONT_CUST_01839,OLT_004,Uplink,GPON
ONT_CUST_01840,OLT_016,Uplink,GPON
ONT_CUST_01841,OLT_038,Uplink,GPON
ONT_CUST_01842,OLT_007,Uplink,GPON
ONT_CUST_01843,OLT_051,Uplink,GPON
ONT_CUST_01844,OLT_079,Uplink,GPON
ONT_CUST_01845,OLT_054,Uplink,GPON
ONT_CUST_01846,OLT_058,Uplink,GPON
ONT_CUST_01847,OLT_013,Uplink,GPON
ONT_CUST_01848,OLT_075,Uplink,GPON
ONT_CUST_01849,OLT_065,Uplink,GPON
ONT_CUST_01850,OLT_079,Uplink,GPON
ONT_CUST_01851,OLT_005,Uplink,GPON
ONT_CUST_01852,OLT_074,Uplink,GPON
ONT_CUST_01853,OLT_039,Uplink,GPON
ONT_CUST_01854,OLT_039,Uplink,GPON
ONT_CUST_01855,OLT_001,Uplink,GPON
ONT_CUST_01856,OLT_064,Uplink,GPON
ONT_CUST_01857,OLT_025,Uplink,GPON
ONT_CUST_01858,OLT_024,Uplink,GPON
ONT_CUST_01859,OLT_042,Uplink,GPON
ONT_CUST_01860,OLT_053,Uplink,GPON
ONT_CUST_01861,OLT_005,Uplink,GPON
ONT_CUST_01862,OLT_028,Uplink,GPON
ONT_CUST_01863,OLT_027,Uplink,GPON
ONT_CUST_01864,OLT_026,Uplink,GPON
ONT_CUST_01865,OLT_046,Uplink,GPON
ONT_CUST_01866,OLT_003,Uplink,GPON
ONT_CUST_01867,OLT_056,Uplink,GPON
ONT_CUST_01868,OLT_005,Uplink,GPON
ONT_CUST_01869,OLT_036,Uplink,GPON
ONT_CUST_01870,OLT_043,Uplink,GPON
ONT_CUST_01871,OLT_002,Uplink,GPON
ONT_CUST_01872,OLT_017,Uplink,GPON
ONT_CUST_01873,OLT_026,Uplink,GPON
ONT_CUST_01874,OLT_047,Uplink,GPON
ONT_CUST_01875,OLT_079,Uplink,GPON
ONT_CUST_01876,OLT_016,Uplink,GPON
ONT_CUST_01877,OLT_048,Uplink,GPON
ONT_CUST_01878,OLT_054,Uplink,GPON
ONT_CUST_01879,OLT_075,Uplink,GPON
ONT_CUST_01880,OLT_019,Uplink,GPON
ONT_CUST_01881,OLT_016,Uplink,GPON
ONT_CUST_01882,OLT_060,Uplink,GPON
ONT_CUST_01883,OLT_049,Uplink,GPON
ONT_CUST_01884,OLT_059,Uplink,GPON
ONT_CUST_01885,OLT_067,Uplink,GPON
ONT_CUST_01886,OLT_034,Uplink,GPON
ONT_CUST_01887,OLT_026,Uplink,GPON
ONT_CUST_01888,OLT_030,Uplink,GPON
ONT_CUST_01889,OLT_048,Uplink,GPON
ONT_CUST_01890,OLT_070,Uplink,GPON
ONT_CUST_01891,OLT_056,Uplink,GPON
ONT_CUST_01892,OLT_005,Uplink,GPON
ONT_CUST_01893,OLT_043,Uplink,GPON
ONT_CUST_01894,OLT_052,Uplink,GPON
ONT_CUST_01895,OLT_034,Uplink,GPON
ONT_CUST_01896,OLT_029,Uplink,GPON
ONT_CUST_01897,OLT_010,Uplink,GPON
ONT_CUST_01898,OLT_012,Uplink,GPON
ONT_CUST_01899,OLT_069,Uplink,GPON
ONT_CUST_01900,OLT_032,Uplink,GPON
ONT_CUST_01901,OLT_017,Uplink,GPON
ONT_CUST_01902,OLT_036,Uplink,GPON
ONT_CUST_01903,OLT_001,Uplink,GPON
ONT_CUST_01904,OLT_029,Uplink,GPON
ONT_CUST_01905,OLT_066,Uplink,GPON
ONT_CUST_01906,OLT_010,Uplink,GPON
ONT_CUST_01907,OLT_026,Uplink,GPON
ONT_CUST_01908,OLT_003,Uplink,GPON
ONT_CUST_01909,OLT_016,Uplink,GPON
ONT_CUST_01910,OLT_045,Uplink,GPON
ONT_CUST_01911,OLT_054,Uplink,GPON
ONT_CUST_01912,OLT_041,Uplink,GPON
ONT_CUST_01913,OLT_017,Uplink,GPON
ONT_CUST_01914,OLT_077,Uplink,GPON
ONT_CUST_01915,OLT_050,Uplink,GPON
ONT_CUST_01916,OLT_024,Uplink,GPON
ONT_CUST_01917,OLT_072,Uplink,GPON
ONT_CUST_01918,OLT_021,Uplink,GPON
ONT_CUST_01919,OLT_004,Uplink,GPON
ONT_CUST_01920,OLT_025,Uplink,GPON
ONT_CUST_01921,OLT_029,Uplink,GPON
ONT_CUST_01922,OLT_058,Uplink,GPON
ONT_CUST_01923,OLT_021,Uplink,GPON
ONT_CUST_01924,OLT_020,Uplink,GPON
ONT_CUST_01925,OLT_053,Uplink,GPON
ONT_CUST_01926,OLT_016,Uplink,GPON
ONT_CUST_01927,OLT_060,Uplink,GPON
ONT_CUST_01928,OLT_064,Uplink,GPON
ONT_CUST_01929,OLT_000,Uplink,GPON
ONT_CUST_01930,OLT_077,Uplink,GPON
ONT_CUST_01931,OLT_072,Uplink,GPON
ONT_CUST_01932,OLT_073,Uplink,GPON
ONT_CUST_01933,OLT_044,Uplink,GPON
ONT_CUST_01934,OLT_022,Uplink,GPON
ONT_CUST_01935,OLT_055,Uplink,GPON
ONT_CUST_01936,OLT_072,Uplink,GPON
ONT_CUST_01937,OLT_030,Uplink,GPON
ONT_CUST_01938,OLT_008,Uplink,GPON
ONT_CUST_01939,OLT_070,Uplink,GPON
ONT_CUST_01940,OLT_064,Uplink,GPON
ONT_CUST_01941,OLT_032,Uplink,GPON
ONT_CUST_01942,OLT_009,Uplink,GPON
ONT_CUST_01943,OLT_051,Uplink,GPON
ONT_CUST_01944,OLT_032,Uplink,GPON
ONT_CUST_01945,OLT_062,Uplink,GPON
ONT_CUST_01946,OLT_070,Uplink,GPON
ONT_CUST_01947,OLT_060,Uplink,GPON
ONT_CUST_01948,OLT_077,Uplink,GPON
ONT_CUST_01949,OLT_015,Uplink,GPON
ONT_CUST_01950,OLT_001,Uplink,GPON
ONT_CUST_01951,OLT_045,Uplink,GPON
ONT_CUST_01952,OLT_068,Uplink,GPON
ONT_CUST_01953,OLT_013,Uplink,GPON
ONT_CUST_01954,OLT_076,Uplink,GPON
ONT_CUST_01955,OLT_025,Uplink,GPON
ONT_CUST_01956,OLT_011,Uplink,GPON
ONT_CUST_01957,OLT_043,Uplink,GPON
ONT_CUST_01958,OLT_021,Uplink,GPON
ONT_CUST_01959,OLT_065,Uplink,GPON
ONT_CUST_01960,OLT_024,Uplink,GPON
ONT_CUST_01961,OLT_054,Uplink,GPON
ONT_CUST_01962,OLT_013,Uplink,GPON
ONT_CUST_01963,OLT_051,Uplink,GPON
ONT_CUST_01964,OLT_027,Uplink,GPON
ONT_CUST_01965,OLT_079,Uplink,GPON
ONT_CUST_01966,OLT_052,Uplink,GPON
ONT_CUST_01967,OLT_013,Uplink,GPON
ONT_CUST_01968,OLT_076,Uplink,GPON
ONT_CUST_01969,OLT_042,Uplink,GPON
ONT_CUST_01970,OLT_008,Uplink,GPON
ONT_CUST_01971,OLT_074,Uplink,GPON
ONT_CUST_01972,OLT_029,Uplink,GPON
ONT_CUST_01973,OLT_078,Uplink,GPON
ONT_CUST_01974,OLT_031,Uplink,GPON
ONT_CUST_01975,OLT_047,Uplink,GPON
ONT_CUST_01976,OLT_019,Uplink,GPON
ONT_CUST_01977,OLT_076,Uplink,GPON
ONT_CUST_01978,OLT_035,Uplink,GPON
ONT_CUST_01979,OLT_036,Uplink,GPON
ONT_CUST_01980,OLT_031,Uplink,GPON
ONT_CUST_01981,OLT_031,Uplink,GPON
ONT_CUST_01982,OLT_066,Uplink,GPON
ONT_CUST_01983,OLT_000,Uplink,GPON
ONT_CUST_01984,OLT_006,Uplink,GPON
ONT_CUST_01985,OLT_011,Uplink,GPON
ONT_CUST_01986,OLT_010,Uplink,GPON
ONT_CUST_01987,OLT_025,Uplink,GPON
ONT_CUST_01988,OLT_031,Uplink,GPON
ONT_CUST_01989,OLT_057,Uplink,GPON
ONT_CUST_01990,OLT_010,Uplink,GPON
ONT_CUST_01991,OLT_060,Uplink,GPON
ONT_CUST_01992,OLT_055,Uplink,GPON
ONT_CUST_01993,OLT_048,Uplink,GPON
ONT_CUST_01994,OLT_076,Uplink,GPON
ONT_CUST_01995,OLT_032,Uplink,GPON
ONT_CUST_01996,OLT_036,Uplink,GPON
ONT_CUST_01997,OLT_017,Uplink,GPON
ONT_CUST_01998,OLT_024,Uplink,GPON
ONT_CUST_01999,OLT_047,Uplink,GPON
ONT_CUST_02000,OLT_050,Uplink,GPON
ONT_CUST_02001,OLT_039,Uplink,GPON
ONT_CUST_02002,OLT_015,Uplink,GPON
ONT_CUST_02003,OLT_024,Uplink,GPON
ONT_CUST_02004,OLT_065,Uplink,GPON
ONT_CUST_02005,OLT_049,Uplink,GPON
ONT_CUST_02006,OLT_004,Uplink,GPON
ONT_CUST_02007,OLT_033,Uplink,GPON
ONT_CUST_02008,OLT_031,Uplink,GPON
ONT_CUST_02009,OLT_011,Uplink,GPON
ONT_CUST_02010,OLT_010,Uplink,GPON
ONT_CUST_02011,OLT_054,Uplink,GPON
ONT_CUST_02012,OLT_068,Uplink,GPON
ONT_CUST_02013,OLT_052,Uplink,GPON
ONT_CUST_02014,OLT_044,Uplink,GPON
ONT_CUST_02015,OLT_039,Uplink,GPON
ONT_CUST_02016,OLT_012,Uplink,GPON
ONT_CUST_02017,OLT_036,Uplink,GPON
ONT_CUST_02018,OLT_047,Uplink,GPON
ONT_CUST_02019,OLT_062,Uplink,GPON
ONT_CUST_02020,OLT_057,Uplink,GPON
ONT_CUST_02021,OLT_007,Uplink,GPON
ONT_CUST_02022,OLT_052,Uplink,GPON
ONT_CUST_02023,OLT_021,Uplink,GPON
ONT_CUST_02024,OLT_048,Uplink,GPON
ONT_CUST_02025,OLT_043,Uplink,GPON
ONT_CUST_02026,OLT_012,Uplink,GPON
ONT_CUST_02027,OLT_074,Uplink,GPON
ONT_CUST_02028,OLT_066,Uplink,GPON
ONT_CUST_02029,OLT_066,Uplink,GPON
ONT_CUST_02030,OLT_043,Uplink,GPON
ONT_CUST_02031,OLT_043,Uplink,GPON
ONT_CUST_02032,OLT_048,Uplink,GPON
ONT_CUST_02033,OLT_012,Uplink,GPON
ONT_CUST_02034,OLT_003,Uplink,GPON
ONT_CUST_02035,OLT_031,Uplink,GPON
ONT_CUST_02036,OLT_060,Uplink,GPON
ONT_CUST_02037,OLT_041,Uplink,GPON
ONT_CUST_02038,OLT_041,Uplink,GPON
ONT_CUST_02039,OLT_062,Uplink,GPON
ONT_CUST_02040,OLT_044,Uplink,GPON
ONT_CUST_02041,OLT_037,Uplink,GPON
ONT_CUST_02042,OLT_073,Uplink,GPON
ONT_CUST_02043,OLT_011,Uplink,GPON
ONT_CUST_02044,OLT_014,Uplink,GPON
ONT_CUST_02045,OLT_031,Uplink,GPON
ONT_CUST_02046,OLT_013,Uplink,GPON
ONT_CUST_02047,OLT_049,Uplink,GPON
ONT_CUST_02048,OLT_015,Uplink,GPON
ONT_CUST_02049,OLT_011,Uplink,GPON
ONT_CUST_02050,OLT_076,Uplink,GPON
ONT_CUST_02051,OLT_048,Uplink,GPON
ONT_CUST_02052,OLT_033,Uplink,GPON
ONT_CUST_02053,OLT_014,Uplink,GPON
ONT_CUST_02054,OLT_024,Uplink,GPON
ONT_CUST_02055,OLT_016,Uplink,GPON
ONT_CUST_02056,OLT_000,Uplink,GPON
ONT_CUST_02057,OLT_024,Uplink,GPON
ONT_CUST_02058,OLT_046,Uplink,GPON
ONT_CUST_02059,OLT_075,Uplink,GPON
ONT_CUST_02060,OLT_001,Uplink,GPON
ONT_CUST_02061,OLT_037,Uplink,GPON
ONT_CUST_02062,OLT_018,Uplink,GPON
ONT_CUST_02063,OLT_076,Uplink,GPON
ONT_CUST_02064,OLT_015,Uplink,GPON
ONT_CUST_02065,OLT_027,Uplink,GPON
ONT_CUST_02066,OLT_042,Uplink,GPON
ONT_CUST_02067,OLT_006,Uplink,GPON
ONT_CUST_02068,OLT_038,Uplink,GPON
ONT_CUST_02069,OLT_050,Uplink,GPON
ONT_CUST_02070,OLT_044,Uplink,GPON
ONT_CUST_02071,OLT_036,Uplink,GPON
ONT_CUST_02072,OLT_012,Uplink,GPON
ONT_CUST_02073,OLT_038,Uplink,GPON
ONT_CUST_02074,OLT_056,Uplink,GPON
ONT_CUST_02075,OLT_026,Uplink,GPON
ONT_CUST_02076,OLT_046,Uplink,GPON
ONT_CUST_02077,OLT_054,Uplink,GPON
ONT_CUST_02078,OLT_045,Uplink,GPON
ONT_CUST_02079,OLT_015,Uplink,GPON
ONT_CUST_02080,OLT_019,Uplink,GPON
ONT_CUST_02081,OLT_015,Uplink,GPON
ONT_CUST_02082,OLT_038,Uplink,GPON
ONT_CUST_02083,OLT_059,Uplink,GPON
ONT_CUST_02084,OLT_047,Uplink,GPON
ONT_CUST_02085,OLT_010,Uplink,GPON
ONT_CUST_02086,OLT_002,Uplink,GPON
ONT_CUST_02087,OLT_075,Uplink,GPON
ONT_CUST_02088,OLT_055,Uplink,GPON
ONT_CUST_02089,OLT_012,Uplink,GPON
ONT_CUST_02090,OLT_051,Uplink,GPON
ONT_CUST_02091,OLT_068,Uplink,GPON
ONT_CUST_02092,OLT_074,Uplink,GPON
ONT_CUST_02093,OLT_023,Uplink,GPON
ONT_CUST_02094,OLT_057,Uplink,GPON
ONT_CUST_02095,OLT_073,Uplink,GPON
ONT_CUST_02096,OLT_032,Uplink,GPON
ONT_CUST_02097,OLT_038,Uplink,GPON
ONT_CUST_02098,OLT_031,Uplink,GPON
ONT_CUST_02099,OLT_037,Uplink,GPON
ONT_CUST_02100,OLT_062,Uplink,GPON
ONT_CUST_02101,OLT_077,Uplink,GPON
ONT_CUST_02102,OLT_030,Uplink,GPON
ONT_CUST_02103,OLT_027,Uplink,GPON
ONT_CUST_02104,OLT_035,Uplink,GPON
ONT_CUST_02105,OLT_032,Uplink,GPON
ONT_CUST_02106,OLT_058,Uplink,GPON
ONT_CUST_02107,OLT_068,Uplink,GPON
ONT_CUST_02108,OLT_047,Uplink,GPON
ONT_CUST_02109,OLT_040,Uplink,GPON
ONT_CUST_02110,OLT_031,Uplink,GPON
ONT_CUST_02111,OLT_068,Uplink,GPON
ONT_CUST_02112,OLT_011,Uplink,GPON
ONT_CUST_02113,OLT_028,Uplink,GPON
ONT_CUST_02114,OLT_048,Uplink,GPON
ONT_CUST_02115,OLT_015,Uplink,GPON
ONT_CUST_02116,OLT_075,Uplink,GPON
ONT_CUST_02117,OLT_044,Uplink,GPON
ONT_CUST_02118,OLT_077,Uplink,GPON
ONT_CUST_02119,OLT_040,Uplink,GPON
ONT_CUST_02120,OLT_070,Uplink,GPON
ONT_CUST_02121,OLT_016,Uplink,GPON
ONT_CUST_02122,OLT_019,Uplink,GPON
ONT_CUST_02123,OLT_072,Uplink,GPON
ONT_CUST_02124,OLT_031,Uplink,GPON
ONT_CUST_02125,OLT_056,Uplink,GPON
ONT_CUST_02126,OLT_036,Uplink,GPON
ONT_CUST_02127,OLT_039,Uplink,GPON
ONT_CUST_02128,OLT_040,Uplink,GPON
ONT_CUST_02129,OLT_011,Uplink,GPON
ONT_CUST_02130,OLT_070,Uplink,GPON
ONT_CUST_02131,OLT_017,Uplink,GPON
ONT_CUST_02132,OLT_068,Uplink,GPON
ONT_CUST_02133,OLT_078,Uplink,GPON
ONT_CUST_02134,OLT_044,Uplink,GPON
ONT_CUST_02135,OLT_021,Uplink,GPON
ONT_CUST_02136,OLT_046,Uplink,GPON
ONT_CUST_02137,OLT_006,Uplink,GPON
ONT_CUST_02138,OLT_021,Uplink,GPON
ONT_CUST_02139,OLT_031,Uplink,GPON
ONT_CUST_02140,OLT_061,Uplink,GPON
ONT_CUST_02141,OLT_000,Uplink,GPON
ONT_CUST_02142,OLT_065,Uplink,GPON
ONT_CUST_02143,OLT_007,Uplink,GPON
ONT_CUST_02144,OLT_042,Uplink,GPON
ONT_CUST_02145,OLT_000,Uplink,GPON
ONT_CUST_02146,OLT_001,Uplink,GPON
ONT_CUST_02147,OLT_010,Uplink,GPON
ONT_CUST_02148,OLT_062,Uplink,GPON
ONT_CUST_02149,OLT_028,Uplink,GPON
ONT_CUST_02150,OLT_038,Uplink,GPON
ONT_CUST_02151,OLT_034,Uplink,GPON
ONT_CUST_02152,OLT_017,Uplink,GPON
ONT_CUST_02153,OLT_045,Uplink,GPON
ONT_CUST_02154,OLT_036,Uplink,GPON
ONT_CUST_02155,OLT_042,Uplink,GPON
ONT_CUST_02156,OLT_061,Uplink,GPON
ONT_CUST_02157,OLT_062,Uplink,GPON
ONT_CUST_02158,OLT_051,Uplink,GPON
ONT_CUST_02159,OLT_013,Uplink,GPON
ONT_CUST_02160,OLT_064,Uplink,GPON
ONT_CUST_02161,OLT_054,Uplink,GPON
ONT_CUST_02162,OLT_037,Uplink,GPON
ONT_CUST_02163,OLT_054,Uplink,GPON
ONT_CUST_02164,OLT_065,Uplink,GPON
ONT_CUST_02165,OLT_033,Uplink,GPON
ONT_CUST_02166,OLT_060,Uplink,GPON
ONT_CUST_02167,OLT_023,Uplink,GPON
ONT_CUST_02168,OLT_029,Uplink,GPON
ONT_CUST_02169,OLT_004,Uplink,GPON
ONT_CUST_02170,OLT_054,Uplink,GPON
ONT_CUST_02171,OLT_011,Uplink,GPON
ONT_CUST_02172,OLT_039,Uplink,GPON
ONT_CUST_02173,OLT_054,Uplink,GPON
ONT_CUST_02174,OLT_054,Uplink,GPON
ONT_CUST_02175,OLT_034,Uplink,GPON
ONT_CUST_02176,OLT_031,Uplink,GPON
ONT_CUST_02177,OLT_005,Uplink,GPON
ONT_CUST_02178,OLT_027,Uplink,GPON
ONT_CUST_02179,OLT_012,Uplink,GPON
ONT_CUST_02180,OLT_046,Uplink,GPON
ONT_CUST_02181,OLT_012,Uplink,GPON
ONT_CUST_02182,OLT_042,Uplink,GPON
ONT_CUST_02183,OLT_067,Uplink,GPON
ONT_CUST_02184,OLT_026,Uplink,GPON
ONT_CUST_02185,OLT_016,Uplink,GPON
ONT_CUST_02186,OLT_024,Uplink,GPON
ONT_CUST_02187,OLT_009,Uplink,GPON
ONT_CUST_02188,OLT_025,Uplink,GPON
ONT_CUST_02189,OLT_024,Uplink,GPON
ONT_CUST_02190,OLT_071,Uplink,GPON
ONT_CUST_02191,OLT_055,Uplink,GPON
ONT_CUST_02192,OLT_067,Uplink,GPON
ONT_CUST_02193,OLT_035,Uplink,GPON
ONT_CUST_02194,OLT_072,Uplink,GPON
ONT_CUST_02195,OLT_063,Uplink,GPON
ONT_CUST_02196,OLT_065,Uplink,GPON
ONT_CUST_02197,OLT_034,Uplink,GPON
ONT_CUST_02198,OLT_073,Uplink,GPON
ONT_CUST_02199,OLT_064,Uplink,GPON
ONT_CUST_02200,OLT_037,Uplink,GPON
ONT_CUST_02201,OLT_021,Uplink,GPON
ONT_CUST_02202,OLT_030,Uplink,GPON
ONT_CUST_02203,OLT_017,Uplink,GPON
ONT_CUST_02204,OLT_026,Uplink,GPON
ONT_CUST_02205,OLT_077,Uplink,GPON
ONT_CUST_02206,OLT_070,Uplink,GPON
ONT_CUST_02207,OLT_037,Uplink,GPON
ONT_CUST_02208,OLT_045,Uplink,GPON
ONT_CUST_02209,OLT_032,Uplink,GPON
ONT_CUST_02210,OLT_077,Uplink,GPON
ONT_CUST_02211,OLT_041,Uplink,GPON
ONT_CUST_02212,OLT_050,Uplink,GPON
ONT_CUST_02213,OLT_055,Uplink,GPON
ONT_CUST_02214,OLT_011,Uplink,GPON
ONT_CUST_02215,OLT_022,Uplink,GPON
ONT_CUST_02216,OLT_002,Uplink,GPON
ONT_CUST_02217,OLT_077,Uplink,GPON
ONT_CUST_02218,OLT_009,Uplink,GPON
ONT_CUST_02219,OLT_051,Uplink,GPON
ONT_CUST_02220,OLT_012,Uplink,GPON
ONT_CUST_02221,OLT_001,Uplink,GPON
ONT_CUST_02222,OLT_010,Uplink,GPON
ONT_CUST_02223,OLT_001,Uplink,GPON
ONT_CUST_02224,OLT_017,Uplink,GPON
ONT_CUST_02225,OLT_020,Uplink,GPON
ONT_CUST_02226,OLT_019,Uplink,GPON
ONT_CUST_02227,OLT_069,Uplink,GPON
ONT_CUST_02228,OLT_069,Uplink,GPON
ONT_CUST_02229,OLT_018,Uplink,GPON
ONT_CUST_02230,OLT_029,Uplink,GPON
ONT_CUST_02231,OLT_045,Uplink,GPON
ONT_CUST_02232,OLT_014,Uplink,GPON
ONT_CUST_02233,OLT_028,Uplink,GPON
ONT_CUST_02234,OLT_009,Uplink,GPON
ONT_CUST_02235,OLT_010,Uplink,GPON
ONT_CUST_02236,OLT_067,Uplink,GPON
ONT_CUST_02237,OLT_038,Uplink,GPON
ONT_CUST_02238,OLT_034,Uplink,GPON
ONT_CUST_02239,OLT_000,Uplink,GPON
ONT_CUST_02240,OLT_049,Uplink,GPON
ONT_CUST_02241,OLT_073,Uplink,GPON
ONT_CUST_02242,OLT_041,Uplink,GPON
ONT_CUST_02243,OLT_045,Uplink,GPON
ONT_CUST_02244,OLT_061,Uplink,GPON
ONT_CUST_02245,OLT_017,Uplink,GPON
ONT_CUST_02246,OLT_070,Uplink,GPON
ONT_CUST_02247,OLT_029,Uplink,GPON
ONT_CUST_02248,OLT_053,Uplink,GPON
ONT_CUST_02249,OLT_046,Uplink,GPON
ONT_CUST_02250,OLT_046,Uplink,GPON
ONT_CUST_02251,OLT_007,Uplink,GPON
ONT_CUST_02252,OLT_058,Uplink,GPON
ONT_CUST_02253,OLT_028,Uplink,GPON
ONT_CUST_02254,OLT_018,Uplink,GPON
ONT_CUST_02255,OLT_047,Uplink,GPON
ONT_CUST_02256,OLT_009,Uplink,GPON
ONT_CUST_02257,OLT_003,Uplink,GPON
ONT_CUST_02258,OLT_010,Uplink,GPON
ONT_CUST_02259,OLT_053,Uplink,GPON
ONT_CUST_02260,OLT_067,Uplink,GPON
ONT_CUST_02261,OLT_043,Uplink,GPON
ONT_CUST_02262,OLT_019,Uplink,GPON
ONT_CUST_02263,OLT_064,Uplink,GPON
ONT_CUST_02264,OLT_058,Uplink,GPON
ONT_CUST_02265,OLT_039,Uplink,GPON
ONT_CUST_02266,OLT_034,Uplink,GPON
ONT_CUST_02267,OLT_051,Uplink,GPON
ONT_CUST_02268,OLT_023,Uplink,GPON
ONT_CUST_02269,OLT_040,Uplink,GPON
ONT_CUST_02270,OLT_006,Uplink,GPON
ONT_CUST_02271,OLT_034,Uplink,GPON
ONT_CUST_02272,OLT_077,Uplink,GPON
ONT_CUST_02273,OLT_036,Uplink,GPON
ONT_CUST_02274,OLT_076,Uplink,GPON
ONT_CUST_02275,OLT_070,Uplink,GPON
ONT_CUST_02276,OLT_010,Uplink,GPON
ONT_CUST_02277,OLT_005,Uplink,GPON
ONT_CUST_02278,OLT_039,Uplink,GPON
ONT_CUST_02279,OLT_064,Uplink,GPON
ONT_CUST_02280,OLT_016,Uplink,GPON
ONT_CUST_02281,OLT_064,Uplink,GPON
ONT_CUST_02282,OLT_048,Uplink,GPON
ONT_CUST_02283,OLT_037,Uplink,GPON
ONT_CUST_02284,OLT_010,Uplink,GPON
ONT_CUST_02285,OLT_018,Uplink,GPON
ONT_CUST_02286,OLT_077,Uplink,GPON
ONT_CUST_02287,OLT_043,Uplink,GPON
ONT_CUST_02288,OLT_005,Uplink,GPON
ONT_CUST_02289,OLT_078,Uplink,GPON
ONT_CUST_02290,OLT_063,Uplink,GPON
ONT_CUST_02291,OLT_039,Uplink,GPON
ONT_CUST_02292,OLT_058,Uplink,GPON
ONT_CUST_02293,OLT_008,Uplink,GPON
ONT_CUST_02294,OLT_045,Uplink,GPON
ONT_CUST_02295,OLT_058,Uplink,GPON
ONT_CUST_02296,OLT_017,Uplink,GPON
ONT_CUST_02297,OLT_005,Uplink,GPON
ONT_CUST_02298,OLT_052,Uplink,GPON
ONT_CUST_02299,OLT_065,Uplink,GPON
ONT_CUST_02300,OLT_052,Uplink,GPON
ONT_CUST_02301,OLT_079,Uplink,GPON
ONT_CUST_02302,OLT_001,Uplink,GPON
ONT_CUST_02303,OLT_020,Uplink,GPON
ONT_CUST_02304,OLT_049,Uplink,GPON
ONT_CUST_02305,OLT_059,Uplink,GPON
ONT_CUST_02306,OLT_023,Uplink,GPON
ONT_CUST_02307,OLT_025,Uplink,GPON
ONT_CUST_02308,OLT_043,Uplink,GPON
ONT_CUST_02309,OLT_014,Uplink,GPON
ONT_CUST_02310,OLT_069,Uplink,GPON
ONT_CUST_02311,OLT_040,Uplink,GPON
ONT_CUST_02312,OLT_007,Uplink,GPON
ONT_CUST_02313,OLT_006,Uplink,GPON
ONT_CUST_02314,OLT_034,Uplink,GPON
ONT_CUST_02315,OLT_008,Uplink,GPON
ONT_CUST_02316,OLT_038,Uplink,GPON
ONT_CUST_02317,OLT_027,Uplink,GPON
ONT_CUST_02318,OLT_011,Uplink,GPON
ONT_CUST_02319,OLT_025,Uplink,GPON
ONT_CUST_02320,OLT_068,Uplink,GPON
ONT_CUST_02321,OLT_073,Uplink,GPON
ONT_CUST_02322,OLT_025,Uplink,GPON
ONT_CUST_02323,OLT_001,Uplink,GPON
ONT_CUST_02324,OLT_040,Uplink,GPON
ONT_CUST_02325,OLT_000,Uplink,GPON
ONT_CUST_02326,OLT_012,Uplink,GPON
ONT_CUST_02327,OLT_069,Uplink,GPON
ONT_CUST_02328,OLT_026,Uplink,GPON
ONT_CUST_02329,OLT_047,Uplink,GPON
ONT_CUST_02330,OLT_039,Uplink,GPON
ONT_CUST_02331,OLT_052,Uplink,GPON
ONT_CUST_02332,OLT_069,Uplink,GPON
ONT_CUST_02333,OLT_058,Uplink,GPON
ONT_CUST_02334,OLT_076,Uplink,GPON
ONT_CUST_02335,OLT_048,Uplink,GPON
ONT_CUST_02336,OLT_079,Uplink,GPON
ONT_CUST_02337,OLT_002,Uplink,GPON
ONT_CUST_02338,OLT_079,Uplink,GPON
ONT_CUST_02339,OLT_074,Uplink,GPON
ONT_CUST_02340,OLT_027,Uplink,GPON
ONT_CUST_02341,OLT_014,Uplink,GPON
ONT_CUST_02342,OLT_044,Uplink,GPON
ONT_CUST_02343,OLT_047,Uplink,GPON
ONT_CUST_02344,OLT_034,Uplink,GPON
ONT_CUST_02345,OLT_030,Uplink,GPON
ONT_CUST_02346,OLT_003,Uplink,GPON
ONT_CUST_02347,OLT_076,Uplink,GPON
ONT_CUST_02348,OLT_073,Uplink,GPON
ONT_CUST_02349,OLT_024,Uplink,GPON
ONT_CUST_02350,OLT_054,Uplink,GPON
ONT_CUST_02351,OLT_051,Uplink,GPON
ONT_CUST_02352,OLT_012,Uplink,GPON
ONT_CUST_02353,OLT_073,Uplink,GPON
ONT_CUST_02354,OLT_041,Uplink,GPON
ONT_CUST_02355,OLT_003,Uplink,GPON
ONT_CUST_02356,OLT_019,Uplink,GPON
ONT_CUST_02357,OLT_003,Uplink,GPON
ONT_CUST_02358,OLT_023,Uplink,GPON
ONT_CUST_02359,OLT_024,Uplink,GPON
ONT_CUST_02360,OLT_006,Uplink,GPON
ONT_CUST_02361,OLT_002,Uplink,GPON
ONT_CUST_02362,OLT_076,Uplink,GPON
ONT_CUST_02363,OLT_036,Uplink,GPON
ONT_CUST_02364,OLT_063,Uplink,GPON
ONT_CUST_02365,OLT_012,Uplink,GPON
ONT_CUST_02366,OLT_062,Uplink,GPON
ONT_CUST_02367,OLT_048,Uplink,GPON
ONT_CUST_02368,OLT_023,Uplink,GPON
ONT_CUST_02369,OLT_072,Uplink,GPON
ONT_CUST_02370,OLT_044,Uplink,GPON
ONT_CUST_02371,OLT_032,Uplink,GPON
ONT_CUST_02372,OLT_068,Uplink,GPON
ONT_CUST_02373,OLT_014,Uplink,GPON
ONT_CUST_02374,OLT_017,Uplink,GPON
ONT_CUST_02375,OLT_034,Uplink,GPON
ONT_CUST_02376,OLT_044,Uplink,GPON
ONT_CUST_02377,OLT_055,Uplink,GPON
ONT_CUST_02378,OLT_022,Uplink,GPON
ONT_CUST_02379,OLT_074,Uplink,GPON
ONT_CUST_02380,OLT_062,Uplink,GPON
ONT_CUST_02381,OLT_076,Uplink,GPON
ONT_CUST_02382,OLT_013,Uplink,GPON
ONT_CUST_02383,OLT_072,Uplink,GPON
ONT_CUST_02384,OLT_057,Uplink,GPON
ONT_CUST_02385,OLT_075,Uplink,GPON
ONT_CUST_02386,OLT_067,Uplink,GPON
ONT_CUST_02387,OLT_023,Uplink,GPON
ONT_CUST_02388,OLT_045,Uplink,GPON
ONT_CUST_02389,OLT_047,Uplink,GPON
ONT_CUST_02390,OLT_015,Uplink,GPON
ONT_CUST_02391,OLT_042,Uplink,GPON
ONT_CUST_02392,OLT_041,Uplink,GPON
ONT_CUST_02393,OLT_049,Uplink,GPON
ONT_CUST_02394,OLT_013,Uplink,GPON
ONT_CUST_02395,OLT_073,Uplink,GPON
ONT_CUST_02396,OLT_040,Uplink,GPON
ONT_CUST_02397,OLT_063,Uplink,GPON
